Trade Name,Price,Strength,Dosage Form,Manufacturer,Pack Size,Composition
"1, 2, 3 One Two Three 20",,,Tablets,,20 Tablets,
"1, 2, 3 One Two Three Extra 20 Film Coated",,,Film Coated Tablets,,,
Abilify 10 mg 10,,10 mg,Tablets,,10 Tablets,
Abilify 15 mg 10,,15 mg,Tablets,,10 Tablets,
Abilify 5 mg 10,,5 mg,Tablets,,10 Tablets,
Abilify Maintena 300 mg Suspension for Injection in Pre-filled Syringe,,300 mg,,,,
Abimol 300 mg 5 Rectal Suppositories,,300 mg,,,,
Abimol 500 mg 20,,500 mg,Tablets,,20 Tablets,
Abimol Extra 500 mg 20,,500 mg,Tablets,,20 Tablets,
ABR Vit D 30 Sugar Coated,,,Tablets,,,Metformin
Acdisteron 20 Film Coated,,,Film Coated Tablets,,,
Aceczema Topical Cream 15 gm,,,,,,
Aceliofinaz 100 mg 20 Film Coated,,100 mg,Film Coated Tablets,,,
Acenewrax 200 mg 10 Sachets,,200 mg,,,,
Acetapax 14 Sachets,,,,,,
Acetapax 7 Sachets,,,,,,
Acetothyme 10 Sachets,,,,,,
Acetylcistein 200 mg 5 gm 10 Sachets,,200 mg,,,,
Acetylcistein 600 mg 10 Sachets,,600 mg,,,,
Acetylovan,,,Syrup,PhytoMed Pharma,100 ml,N-Acetyl cysteine 147 mg + Ivy 50 mg + Bee propolis 25 mg
Achtenon 2 mg 30,,2 mg,Tablets,,30 Tablets,
Aciclovir 250 mg Vial,,250 mg,,,,
Aciclovir 500 mg Vial,,500 mg,,,,
Acidipan Oral Suspension 180 ml,,,,CID,180 ml,Omeprazole
Aciglotir 200 mg 30,,200 mg,Tablets,,30 Tablets,
Acivirax 400 mg 30,,400 mg,Tablets,,30 Tablets,
Acivirax 800 mg 20,,800 mg,Tablets,,20 Tablets,
Aclasta 5 mg Solution 100 ml (Fridge),,5 mg,,,100 ml,
Acless Soap 100 gm,,,,,,
ACM Novophane 60,,,Capsules,,60 Capsules,
ACM Vitix Regulating Gel 50 ml,,,,,50 ml,
Acne - Biotic Lotion 15 ml,,,,,15 ml,
Acne-Free Cream 30 gm,,,,,,
AcneScave Gel 30 gm,,,,,,
Acniact Topical Gel 15 gm,,,,,,
Acnitaz Gel 15 gm,,,,,,
Acretin 0.025 % Cream 30 gm,,,,,,
Acretin 0.05 % Cream 30 gm,,,,,,
Actemra 162 mg / 0.9 ml 4 Pre-filled Syringes (Fridge),,162 mg,,,9 ml,
Actemra 200 mg 1 Vial 10 ml (Fridge),,200 mg,,,10 ml,
Actemra 400 mg 1 Vial 20 ml (Fridge),,400 mg,,,20 ml,
Actemra 80 mg 1 Vial 4 ml (Fridge),,80 mg,,,4 ml,
Acti - Colla Advance 10 Sachets,,,,,,
Acti - Colla Advance 30 Sachets,,,,,,
Acti-Folic 30,,,Tablets,,30 Tablets,Folic acid
Actica 10 Sachets ? 5 gm,,,,,,
Actifast 50 mg 30,,50 mg,Tablets,,30 Tablets,
Actifast 50 mg 30 Sachets,,50 mg,,,,
Actifizz 20 Effervescent,,,Tablets,,,
Actiher 10 Sachets 3 gm,,,,,,
Actilyse 50 mg 2 Vials (Fridge),,50 mg,,,,
Actimo 100 mg 14 Sachets,,100 mg,,,,
Actin Plus 30 Sachets,,,,,,
Actos 15 mg 30,,15 mg,Tablets,,30 Tablets,
Actos 30 mg 30,,30 mg,Tablets,,30 Tablets,
Actozone 30 mg 10,,30 mg,Tablets,,10 Tablets,
Acyclovir 400 Stada 35,,,Tablets,,35 Tablets,
Acyclovir 5% Cream 10 gm,,,,,,
Acyclovir 800 Stada 35,,,Tablets,,35 Tablets,
Adagel 0.1% Gel 30 gm,,,,,,
Adancor 10 mg 30,,10 mg,Tablets,,30 Tablets,
Adancor 20 mg 30,,20 mg,Tablets,,30 Tablets,
Adcetris 50 mg 1 Vial (Fridge),,50 mg,,,,
Adenosin Forte 3+3,,,Ampoules,,3 Ampoules,
Adol 500 mg 24 Caplets,,500 mg,,,,
Adol Sinus 24 Caplets,,,,,,
Adolor 10 mg 20,,10 mg,Tablets,,20 Tablets,
Adolor 15 mg/1 ml 3,,15 mg,Ampoules,,1 ml,
Adolor 30 mg/2 ml 3,,30 mg,Ampoules,,2 ml,
Adport 0.5 mg 100,,0.5 mg,Capsules,,100 Capsules,
Adport 1 mg 100,,1 mg,Capsules,,100 Capsules,
Adrenaline 1 mg/1 ml 1,,1 mg,Ampoules,,1 ml,Epinephrine
Adrenaline 1 mg/ml 1 Ampoule (Egy Pharma),,1 mg,,,,Epinephrine
Adrenamax 1 mg/ml 10,,1 mg,Ampoules,,10 Ampoules,
Adricin 10 mg 1 Vial (Fridge),,10 mg,,,,
Adricin 50 mg / 25 ml 1 Vial (Fridge),,50 mg,,,25 ml,
Adrien Gagnon Omega 3 40,,,Capsules,,40 Capsules,Omega-3 fatty acids
Advancevela Max Massage Cream 50 gm,,,,,,
Advancrib 400 mg 7,,400 mg,Tablets,,7 Tablets,
Advantic Dento Care Mouth Wash - Peppermint 250 ml,,,,,250 ml,
Advohelix,,,Syrup,,120 ml,
Advoxin 400 mg 10 Film Coated,,400 mg,Film Coated Tablets,,,
Adwiflam 50 mg 10 Sachets,,50 mg,,,,
Adwiflam 50 mg 20,,50 mg,Capsules,,20 Capsules,
Adwiflam 75 mg 5 Suppositories,,75 mg,,,,
Adwiflam Emulgel 50 gm,,,,,,
Adwitine 60 mg 30,,60 mg,Capsules,,30 Capsules,
Adwivalsar - Co 160/12.5 mg 30,,12.5 mg,Tablets,,30 Tablets,
Aerius 5 mg 20,,5 mg,Tablets,,20 Tablets,
Aerotropa 500 mg/2.5 ml 10,,500 mg,Ampoules,,5 ml,
Afinitor 10 mg 30,,10 mg,Tablets,,30 Tablets,
After Meals 20,,,Capsules,,20 Capsules,
Agar Oral,,,Drops,,15 ml,
Agarine Oral,,,Drops,,15 ml,
Agastina,,,Syrup,,120 ml,
Aggrex 75 mg 60,,75 mg,Tablets,,60 Tablets,
Agiolax 12 Sachets 5 gm,,,,,,
Agnucaston 20 mg 30,,20 mg,Tablets,,30 Tablets,
Aiadoxime Powder For Oral Suspension 60 ml,,,,,60 ml,
Aig Esomeprazole 40 mg 21,50,40 mg,Capsules,,21 Capsules,Omeprazole
AIG Esomeprazole 40 mg 28,50,40 mg,Capsules,,28 Capsules,Omeprazole
Aig Minoxidil 2 % Scalp Lotion 100 ml,,,,,100 ml,
Aig Minoxidil 5 % Scalp Lotion 100 ml,,,,,100 ml,
Aimovig 70 mg/ml 1 Pre-filled Pen,,70 mg,,,,
Aironyl 1.5 mg/5 ml,50,1.5 mg,Syrup,,5 ml,Ferrous sulfate
Aironyl 2.5 mg 20,50,2.5 mg,Tablets,,20 Tablets,Ferrous sulfate
Akanza Spray 15 ml,,,,,15 ml,
Akita Pro 30,,,Capsules,,30 Capsules,
Aknapalen Gel 25 gm,,,,,,
Aktocal,,,Syrup,,120 ml,
Albendazole 200 mg/5 ml Suspension 30 ml,,200 mg,,,5 ml,
Albustix 16 mg 30,,16 mg,Tablets,,30 Tablets,
Albustix 32 mg 30,,32 mg,Tablets,,30 Tablets,
Albustix 4 mg 30,,4 mg,Tablets,,30 Tablets,
Albustix D 32 mg/12.5 mg 30,,32 mg,Tablets,,30 Tablets,
Alcofan 50 mg 12,,50 mg,Capsules,,12 Capsules,
Alcoviva 10 Hard Gelatin,,,Capsules,,,
Aldara 5 % Cream 12 Sachets,,,,,,
Aldomet 250 mg 30,,250 mg,Tablets,,30 Tablets,
Aldospira 25 mg 20 Film Coated,,25 mg,Film Coated Tablets,,,
Aldospira 50 mg 20 Film Coated,,50 mg,Film Coated Tablets,,,
Alemox 1 g 12,,,Tablets,,12 Tablets,
Alergoliber,,,Syrup,,120 ml,
Alergoliber 10 mg 20,,10 mg,Tablets,,20 Tablets,
Alerid 10 mg 30,,10 mg,Tablets,,30 Tablets,
Alerid 5 mg/5 ml,,5 mg,Syrup,,5 ml,
Alertam 120 mg 10,,120 mg,Tablets,,10 Tablets,
Alertam 180 mg 10,,180 mg,Tablets,,10 Tablets,
Alex Panthen Cream 20 gm,,,,,,
Alexcorda 200 mg 30,,200 mg,Tablets,,30 Tablets,
Alexolyte Solution - Banana Flavor 360 ml,,,,,360 ml,
Alexolyte Solution - Strawberry Flavor 360 ml,,,,,360 ml,
Alexoprine 75 mg 50 Chewable,,75 mg,Tablets,,,
Alexoquine 250 mg 10,,250 mg,Tablets,,10 Tablets,
Alfa B-Complex Formula 100,,,Tablets,,100 Tablets,
Alfa Collagen C Hydrolysate 60 Softgel,,,Capsules,,,
Alfa Omega 3 Fish Oil 1000 mg 100 Softgel,,1000 mg,Capsules,,,Omega-3 fatty acids
Alfa Omega 3 Fish Oil 1000 mg 60 Softgel,,1000 mg,Capsules,,,Omega-3 fatty acids
Alfa Omega 369 ? 100 Softgel,,,Capsules,,,Omega-3 fatty acids
Alfa Omega 369 ? 60 Softgel,,,Capsules,,,Omega-3 fatty acids
Alfa Vitamin D3 5000 IU 100,45,,Capsules,,100 Capsules,Cholecalciferol
Alfabonid 1 mcg / 0.5 ml 10,,,Ampoules,,5 ml,
Alfabonid 2 mcg/ml Oral,,,Drops,,10 ml,
Alfabrimo Eye,,,Drops,,5 ml,
Alfacalcidol Oral,,,Drops,CID,10 ml,
Alfacalcidol Oral,,,Drops,CID,20 ml,
Alfacef 500 mg / 100 ml Vial,,500 mg,,,100 ml,
Alfacef 750 mg / 30 ml Vial,,750 mg,,,30 ml,
Alfacef 750 mg 5,,750 mg,Tablets,,5 Tablets,
Alfacidocal 0.25 mcg 30 Soft Gelatin,,,Capsules,CID,,Omeprazole
Alfacidocal 0.5 mcg 30 Soft Gelatin,,,Capsules,CID,,Omeprazole
Alfaclindamycin 150 mg 10,,150 mg,Capsules,,10 Capsules,Clindamycin
Alfaclindamycin 300 mg / 2 ml 5,,300 mg,Ampoules,,2 ml,Clindamycin
Alfaclindamycin 600 mg / 4 ml 5,,600 mg,Ampoules,,4 ml,Clindamycin
Alfaclindamycin 900 mg / 6 ml 5,,900 mg,Ampoules,,6 ml,Clindamycin
Alfadopa 250 mg 30,,250 mg,Tablets,,30 Tablets,
Alfamash 30 Entric Coated,,,Tablets,,,
Alfaprostin 0.5 mg / ml Ampoule (Fridge),,0.5 mg,,,,
Alfaspect 500 mg 5,,500 mg,Tablets,,5 Tablets,
Alfaspect 750 mg 7,,750 mg,Tablets,,7 Tablets,
Alfathromb 5 mcg 20,,,Tablets,,20 Tablets,
Alflexil Glucosamine Chondroitin MSM Collagen 60 Softgel,,,Capsules,,,Chondroitin sulfate
Algason Massage Cream 40 gm,,,,,,
Algesal Cream 40 gm,,,,,,
Aliamare Nasal Spray 100 ml,,,,,100 ml,
Alinjak 20 Hard Gelatin,,,Capsules,,,
Aliva 30 Chewable Pieces,,,,,,
Alka Misr 12 Sachets,,,,MISR,,
Alkapress 10 mg 30,,10 mg,Tablets,,30 Tablets,
Alkapress Plus 5/160 mg 14,,160 mg,Tablets,,14 Tablets,
Alkapress Trio 5 mg / 160 mg / 12.5 mg 14,,5 mg,Tablets,,14 Tablets,
Alkapress Trio 5 mg / 160 mg / 25 mg 14,,5 mg,Tablets,,14 Tablets,
Alkapride 50 mg 30 Scored,,50 mg,Tablets,,,
Alkor 20 mg 14,,20 mg,Tablets,,14 Tablets,
Alkor Plus 10/20 mg 14,,20 mg,Tablets,,14 Tablets,
Alkor Plus 10/40 mg 14,,40 mg,Tablets,,14 Tablets,
Alkydra 30,,,Capsules,,30 Capsules,
Alkysan 30,,,Capsules,,30 Capsules,
Alkytect 30,,,Capsules,,30 Capsules,
All Med Vitamin D3 for Adult Oral Spray 21 ml,45,,,,21 ml,Cholecalciferol
All Med Vitamin D3 for kids Oral Spray 21 ml,45,,,,21 ml,Cholecalciferol
Allerban,,,Syrup,,100 ml,
Allerban S R 2 mg 20,,2 mg,Tablets,,20 Tablets,
Allerfen 180 mg 20,,180 mg,Tablets,,20 Tablets,
Allerfen 60 mg 30,,60 mg,Tablets,,30 Tablets,
Allergetone 10 mg 20,,10 mg,Tablets,,20 Tablets,
Allergex 20 mg 20,,20 mg,Tablets,,20 Tablets,
Allergex Caffeine 20,,,Tablets,,20 Tablets,
Allergex Cream 20 gm,,,,,,
Allergyl,,,Syrup,,120 ml,Loratadine
Allergyl 4 mg 20,,4 mg,Tablets,,20 Tablets,Loratadine
Allerzone Cream 25 gm,,,,,,
Allerzone Topical Lotion 20 ml,,,,,20 ml,
Allinphi 8 B 30 Film Coated,,,Film Coated Tablets,,,
Allinphi Adult 30,,,Tablets,,30 Tablets,
Allinphimune 30,,,Tablets,,30 Tablets,
Aloxi Solution 250 mg / 5 ml,,250 mg,,,5 ml,
Alpha Chymotrypsin 3,,,Ampoules,,3 Ampoules,
Alpha Drink 12 Sachets,,,,,,
Alpha Fresh 15 Sachets,,,,,,
Alpha More 15 Sachets,,,,,,
Alpha Net 500 mg 20,,500 mg,Capsules,,20 Capsules,
Alphabrinzima Ophthalmic Suspension 5 ml,,,,,5 ml,
Alphabtix Mouth Spray 60 ml,,,,,60 ml,
Alphaculation 30 Film Coated,,,Film Coated Tablets,,,
Alphafen 600 mg 30,,600 mg,Tablets,,30 Tablets,
Alphaflatul 100 ml,,,Syrup,,100 ml,
Alphaflatul 120 ml,,,Syrup,,120 ml,
Alphalipo 600 mg 20 Film Coated,,600 mg,Film Coated Tablets,,,
Alphamylase,,,Syrup,,80 ml,
Alphanova Eye,,,Drops,,5 ml,
Alphanova Plus Eye,,,Drops,,5 ml,
Alphavim 300 mg 20,,300 mg,Capsules,,20 Capsules,
Alphavim 600 mg 20,,600 mg,Capsules,,20 Capsules,
Altiazem 60 mg 40,,60 mg,Tablets,,40 Tablets,
Alunbrig 90 mg 28 Film Coated,,90 mg,Film Coated Tablets,,,
Alveobreeze 12 mcg 30,,,Capsules,,30 Capsules,
Alveofact 45 mg/ml Vial (54 mg) (Fridge),,45 mg,,,,
Alveorest Syurp 120 ml,,,,,120 ml,
Alveotrack Inhalation Solution 5 Mg/ml 30 Ml,,5 mg,,,30 Ml,
Alvetatalin 120 mg 30,,120 mg,Tablets,,30 Tablets,
Alvie 10 Candy,,,,,,
Alvital,,,Syrup,,120 ml,
Alvital Iron,50,,Syrup,,120 ml,Ferrous sulfate
Alzac 10 mg 20,,10 mg,Capsules,,20 Capsules,
Alzad Seas,,,Syrup,,120 ml,
Alzepizil 10 mg 14,,10 mg,Tablets,,14 Tablets,
Alzixa 10 mg 30,,10 mg,Tablets,,30 Tablets,
Alzmenda 10 mg / gm Oral,,10 mg,Drops,,20 ml,
Alzmenda 20 mg 21,,20 mg,Tablets,,21 Tablets,
Alzmenda 5 mg 14,,5 mg,Tablets,,14 Tablets,
Amaglust 30 mg /2 mg 30,,30 mg,Tablets,,30 Tablets,
Amaryl 1 mg 30,,1 mg,Tablets,,30 Tablets,
Amaryl 2 mg 30,,2 mg,Tablets,,30 Tablets,
Amaryl 3 mg 30,,3 mg,Tablets,,30 Tablets,
Amaryl 4 mg 30,,4 mg,Tablets,,30 Tablets,
Amavarol 300000 IU 1 Ampoule ? 1 ml,,,,,1 ml,
Amazon Cal 30 Film Coated,,,Film Coated Tablets,,,
Amazon Ivy,,,Syrup,,100 ml,
Ambropro 20 mg - Lemon Flavor 200 Lozenges,,20 mg,,,,
Ambroxol Oral 7.5 mg/ml Oral,,7.5 mg,Drops,,15 ml,
Amebazole 1 gm 2,,,Tablets,,2 Tablets,
Ameropem 1000 mg (I.V) 1 Vial,,1000 mg,,,,
Ameropem 500 mg ( I.V ) Vial,,500 mg,,,,
Amigraine 30,,,Tablets,,30 Tablets,Sumatriptan
Amikacin 500 mg / 2 ml 1 Vial,,500 mg,,,2 ml,
Amikacin 500 mg 1 Vial,,500 mg,,,,
Amikaskiv 500 mg/2 ml 1 Vial,,500 mg,,,2 ml,
Amilo 5 mg 30,,5 mg,Tablets,,30 Tablets,
Aminoleban IV Infusion 500 ml,,,,,500 ml,
Aminoleban Oral 450 gm,,,,,,
Aminorenocare 100,,,Tablets,,100 Tablets,
Aminoven 10% IV Infusion 500 ml,,,,,500 ml,
Aminoven Infant 10% IV Infusion 100 ml,,,,,100 ml,
Amiparen Infusion 250 ml,,,,,250 ml,
Amiparen Infusion 500 ml,,,,,500 ml,
Amipride 200 mg 30,,200 mg,Tablets,,30 Tablets,
Amiprostone 24 mcg 30,,,Capsules,,30 Capsules,
Amiprostone 8 mcg 20,,,Capsules,,20 Capsules,
Amitriptine 50 mg 30,,50 mg,Tablets,,30 Tablets,
Amlodipine 10 mg 20,45,10 mg,Tablets,,20 Tablets,Amlodipine
Amlodipine 5 mg 30,45,5 mg,Tablets,,30 Tablets,Amlodipine
Amlosazide 10 mg/25 mg/40 mg 30,,10 mg,Tablets,,30 Tablets,
Amlosazide 5 mg/25 mg/40 mg 30,,5 mg,Tablets,,30 Tablets,
Amlosazide 5/12.5/20 mg 30,,20 mg,Tablets,,30 Tablets,
Amlosazide 5/12.5/40 mg 30,,40 mg,Tablets,,30 Tablets,
Amloveran 10/10 mg 30,,10 mg,Tablets,,30 Tablets,
Amloveran 5/5 mg 30,,5 mg,Tablets,,30 Tablets,
Amloveran Plus 10 / 2.5 / 10 mg 30,,10 mg,Tablets,,30 Tablets,
Amloveran Plus 5 / 1.25 / 5 mg 30,,5 mg,Tablets,,30 Tablets,
Ammoria Cream 30 gm,,,,,,
Amocerebral Plus 30,,,Tablets,,30 Tablets,
Amocomb Cream 15 gm,,,,,,
Amophage 500 mg 30,,500 mg,Tablets,,30 Tablets,
Ampicillin 500 mg 12,,500 mg,Capsules,,12 Capsules,
Amri- K 10 mg/ml 5,,10 mg,Ampoules,,5 Ampoules,
Amrizole 125 mg / 5 ml Suspension 120 ml,,125 mg,,,5 ml,
Amrizole 500 mg Vial 100 ml,,500 mg,,,100 ml,
Amvasc 5 mg 30,,5 mg,Capsules,,30 Capsules,
Amylamisk 20 Enteric Coated,,,Tablets,,,
Amypapine 30 Chewable,,,Tablets,,,
Anafronil 25 mg 30,,25 mg,Tablets,,30 Tablets,
Anallerge,,,Syrup,,100 ml,
Anallerge 4 mg 60,,4 mg,Tablets,,60 Tablets,
Anapramine 25 mg 30,,25 mg,Tablets,,30 Tablets,
Anapramine 50 mg 30,,50 mg,Tablets,,30 Tablets,
Anarcol 50 mg 30,,50 mg,Tablets,,30 Tablets,
Anaseziago Cream 30 gm,,,,,,
Anastronate 1 mg 28 Film Coated,,1 mg,Film Coated Tablets,,,
Anastrozol 1 mg 30,,1 mg,Tablets,,30 Tablets,
Anastrozol Synthon 1 mg 28,,1 mg,Tablets,,28 Tablets,
Ancavaz 5 mg / 5 mg 20,,5 mg,Tablets,,20 Tablets,
Andequepine 200 mg 20,,200 mg,Tablets,,20 Tablets,
Ando 14 Sachets,,,,,,
Ando Vit Neuro 20,,,Tablets,,20 Tablets,
Andocandoxin 200 mg 3 Vaginal,,200 mg,Capsules,,,
Andocandoxin 600 mg 1 Vaginal Capsule,,600 mg,,,,
Andoceptive 30/75 mcg 21,,,Tablets,,21 Tablets,
Andocholest 625 mg 30,,625 mg,Tablets,,30 Tablets,
Andodaricin 7.5 mg 20,,7.5 mg,Tablets,,20 Tablets,
Andoflozin XR 12.5 mg / 1000 mg 20 Extended Release Film Coated,,12.5 mg,Film Coated Tablets,,,
Andoflozin XR 25 mg / 1000 mg 20 Extended Release Film Coated,,25 mg,Film Coated Tablets,,,
Andogonium,,,Syrup,,100 ml,
Andolepsy 100 mg 30,,100 mg,Tablets,,30 Tablets,
Andolepsy 25 mg 10 Film Coated,,25 mg,Film Coated Tablets,,,
Andolepsy 50 mg 30,,50 mg,Tablets,,30 Tablets,
Andopentene 300 mg 20 Extended Release Film Coated,,300 mg,Film Coated Tablets,,,
Andopentene 300 mg 30 Extended Release Film Coated,,300 mg,Film Coated Tablets,,,
Andopentene 600 mg 20 Extended Release Film Coated,,600 mg,Film Coated Tablets,,,
Andopentene 600 mg 30 Extended Release Film Coated,,600 mg,Film Coated Tablets,,,
Andouristat 120 mg 20,,120 mg,Tablets,,20 Tablets,
Andouristat 80 mg 20,,80 mg,Tablets,,20 Tablets,
Andovimpamide 10 mg / ml Oral Solution 100 ml,,10 mg,,,100 ml,
Andovimpamide 100 mg 20,,100 mg,Tablets,,20 Tablets,
Andovimpamide 100 mg 30,,100 mg,Tablets,,30 Tablets,
Andovimpamide 50 mg 30,,50 mg,Tablets,,30 Tablets,
Andovit Iron Plus Suspension 100 ml,50,,,,100 ml,Ferrous sulfate
Anexate 0.5 mg IV 5,,0.5 mg,Ampoules,,5 Ampoules,
Angiflash Sore Throat Spray 20 ml,,,,,20 ml,
Angilow 10 mg 30,,10 mg,Tablets,,30 Tablets,
Angilow 20 mg 30,,20 mg,Tablets,,30 Tablets,
Angioblock 150 / 12.5 mg 30,,12.5 mg,Tablets,,30 Tablets,
Angioblock 300 / 12.5 mg 30,,12.5 mg,Tablets,,30 Tablets,
Angioblock 300 / 25 mg 30,,25 mg,Tablets,,30 Tablets,
Angioblock Mono 150 mg 30,,150 mg,Tablets,,30 Tablets,
Angioblock Mono 300 mg 30,,300 mg,Tablets,,30 Tablets,
Angioblock Mono 75 mg 21,,75 mg,Tablets,,21 Tablets,
Angiobradine 5 mg 30,,5 mg,Tablets,,30 Tablets,
Angiobradine 7.5 mg 30,,7.5 mg,Tablets,,30 Tablets,
Angiofox 20 mg 20,,20 mg,Tablets,,20 Tablets,
Angiofox 25 mg 30,,25 mg,Capsules,,30 Capsules,
Angiofox 50 mg 20,,50 mg,Capsules,,20 Capsules,
Angiosartan 10 mg 28,,10 mg,Tablets,Chemipharm Pharmaceutical Industries,28 Tablets,Olmesartan medoxomil
Angiosartan 20 mg 28,,20 mg,Tablets,Chemipharm Pharmaceutical Industries,28 Tablets,Olmesartan medoxomil
Angiosartan 40 mg 28,,40 mg,Tablets,Chemipharm Pharmaceutical Industries,28 Tablets,Olmesartan medoxomil
Angiosartan Plus 20 mg/ 12.5 mg 28,,20 mg,Tablets,Chemipharm Pharmaceutical Industries,28 Tablets,Olmesartan medoxomil
Angiosartan Plus 20 mg/ 25 mg 28,,20 mg,Tablets,Chemipharm Pharmaceutical Industries,28 Tablets,Olmesartan medoxomil
Angiosartan Plus 40 mg / 25 mg 28,,40 mg,Tablets,Chemipharm Pharmaceutical Industries,28 Tablets,Olmesartan medoxomil
Angiosartan Plus 40 mg /12.5 mg 28,,40 mg,Tablets,Chemipharm Pharmaceutical Industries,28 Tablets,Olmesartan medoxomil
Aniracetam 1500 mg ? 10 Sachets,,1500 mg,,,,
Anoro Ellipta 62.5/25 mcg Inhaltion 30 Doses,,,,,,
Anovca Tooth gel 30 gm,,,,,,
Anoxicam 20 mg 10 Suppositories (Fridge),,20 mg,,,,
Anoxicam 20 mg 20,,20 mg,Tablets,,20 Tablets,
Anselacox 120 mg 10,,120 mg,Tablets,,10 Tablets,
Anselacox 120 mg 30,,120 mg,Tablets,,30 Tablets,
Anselacox 90 mg 30,,90 mg,Tablets,,30 Tablets,
Anthramash 1% Cream 20 gm,,,,,,
Anthzon 320 mg 7,,320 mg,Tablets,,7 Tablets,
Anti - Cox II 15 mg 30,,15 mg,Tablets,,30 Tablets,
Anti - Cox II 7.5 mg 20,,7.5 mg,Capsules,,20 Capsules,
Anti-RH Rhophylac 300 mcg (Fridge),,,,,,
Antichol 10 mg 30 Film Coated,,10 mg,Film Coated Tablets,,,
Antidal Probiotic 10 Hard,,,Capsules,,,
Antidiazox 100 mg / 5 ml Powder For Oral Suspension 60 ml,,100 mg,,,5 ml,
Antidiazox 500 mg 12,,500 mg,Tablets,,12 Tablets,
Antiflam 25 mg 20,,25 mg,Tablets,,20 Tablets,
Antiflam 50 mg 20,,50 mg,Tablets,,20 Tablets,
Antikramp 10 mg / 5 ml Syruo 120 ml,,10 mg,,,5 ml,
Antitussin Oral,,,Syrup,,120 ml,
Antiver 100 mg / 5 ml Suspension 30 ml,,100 mg,,,5 ml,
Antiver 100 mg 120,,100 mg,Tablets,,120 Tablets,
Antodine 10 mg 10,,10 mg,Tablets,,10 Tablets,
Antodine 20 mg / 2 ml 3,,20 mg,Ampoules,,2 ml,
Antodine 20 mg / 2 ml 6,,20 mg,Ampoules,,2 ml,
Antopral 20 mg 14,,20 mg,Tablets,,14 Tablets,
Antopral 40 mg IV 1 Vial,,40 mg,,,,
Anuva 50 mg 10,,50 mg,Tablets,,10 Tablets,
Anzoptima 24 Modified Release Caplets,,,,,,
Aperitif 120 ml,,,Syrup,,120 ml,
Apetoid 20 mg 30,,20 mg,Tablets,,30 Tablets,
Aphrofemine 100 mg 30,,100 mg,Tablets,,30 Tablets,
Apidra Solo Star 5 Pens 300 IU (Fridge),,,,,,
Apifortyl 30,,,Capsules,,30 Capsules,
Apilipex 10 mg 30,,10 mg,Tablets,,30 Tablets,
Apilipex 5 mg 30,,5 mg,Tablets,,30 Tablets,
Apipe 10 mg 30 Orally Disintegrating,,10 mg,Tablets,,,
Apixa Track 2.5 mg 30,,2.5 mg,Tablets,,30 Tablets,
Apixa Track 5 mg 30,,5 mg,Tablets,,30 Tablets,
Apixaguard 2.5 mg 30 Film Coated,,2.5 mg,Film Coated Tablets,,,
Apixaguard 5 mg 30 Film Coated,,5 mg,Film Coated Tablets,,,
Appegreek,,,Syrup,,100 ml,
Apremilast 30 mg 28 Film Coated,,30 mg,Film Coated Tablets,,,
Aprovel 150 mg 28 Film Coated,,150 mg,Film Coated Tablets,,,
Aprovel 300 mg 14,,300 mg,Tablets,,14 Tablets,
Aqua - Cid,,,Syrup,CID,120 ml,
Aqua B 30 Sublingual,,,Tablets,,,
Aqua Dent Total Care Mouth Wash 250 ml - Clove Flavor,,,,,250 ml,
Aqua Dent Total Care Mouth Wash 250 ml - Menthol Flavor,,,,,250 ml,
Aqua Dent Total Care Mouth Wash 250 ml - Orange Flavor,,,,,250 ml,
Aqua Dent Total Care Mouth Wash 250 ml - Strawberry Flavor,,,,,250 ml,
Aqua Gripe N,,,Syrup,,60 ml,
Aqualarm Intensive 30 Ud,,,Drops,,,
Aqualarm U.P Intensive Eye,,,Drops,,10 ml,
Arab D3 30 Soft Gelatin,,,Capsules,Arab Drug Company,,
Arab Omega 30 Soft Gelatin,,,Capsules,Arab Drug Company,,Omega-3 fatty acids
Arabcal 30,,,Tablets,Arab Drug Company,30 Tablets,
Arabcovit 30 Soft Gelatin,,,Capsules,Arab Drug Company,,
Arabzinc 30,,,Tablets,Arab Drug Company,30 Tablets,Zinc sulfate
Aranesp 100 mcg Prefilled Syringe (Fridge),,,,,,
Aranesp 150 mcg Prefilled Syringe (Fridge),,,,,,
Aranesp 30 mcg 1 Prefilled Syringe (Fridge),,,,,,
Aranesp 40 mcg Prefilled Syringe (Fridge),,,,,,
Aranesp 60 mcg Prefilled Syringe (Fridge),,,,,,
Araxcalferol D3 30 Film Coated,,,Film Coated Tablets,,,
Araxileve 5 mg 30,,5 mg,Tablets,,30 Tablets,
Araxrest Massage Gel 100 gm,,,,,,
Arbateg 2% Suspension 100 ml,,,,,100 ml,
Arbateg 200 mg 30,,200 mg,Tablets,,30 Tablets,
Arcalion 200 mg 40,,200 mg,Tablets,,40 Tablets,
Arcalion Forte 400 mg 30,,400 mg,Tablets,,30 Tablets,
Arcoxia 120 mg 7 Film Coated,,120 mg,Film Coated Tablets,,,
Arcoxia 60 mg 14,,60 mg,Tablets,,14 Tablets,
Ardoximag 40 mg 14,,40 mg,Tablets,,14 Tablets,
Arepexane 10 mg 20,,10 mg,Tablets,,20 Tablets,
Arepexane 30 mg 20,,30 mg,Tablets,,20 Tablets,
Argecta 30,,,Tablets,,30 Tablets,
Argentozad Topical Cream 40 gm,,,,,,
Arginine + Citrulline 1000 mg 60 Film Coated,,1000 mg,Film Coated Tablets,,,
Arginogo 30 Film Coated,,,Film Coated Tablets,,,
Argitex L- Arginine 500 mg 20,,500 mg,Capsules,,20 Capsules,
Aricept 10 mg 14,,10 mg,Tablets,,14 Tablets,
Aricept 10 mg 7,,10 mg,Tablets,,7 Tablets,
Aricept 5 mg 14,,5 mg,Tablets,,14 Tablets,
Aricept 5 mg 7,,5 mg,Tablets,,7 Tablets,
Arilobe 30 mg 20,,30 mg,Tablets,,20 Tablets,
Arimidex 1 mg 28,,1 mg,Tablets,,28 Tablets,
Aripiprazole,,,Syrup,,120 ml,
Aripiprazole 10 mg 20 Oral Disintegrating,,10 mg,Tablets,,,
Aripiprazole 15 mg 20,,15 mg,Tablets,,20 Tablets,
Aripiprazole 5 mg 30,,5 mg,Tablets,,30 Tablets,
Aripiprex 1 mg Oral Solution,,1 mg,,,,
Aripiprex 10 mg 30,,10 mg,Tablets,,30 Tablets,
Aripiprex 15 mg 20,,15 mg,Tablets,,20 Tablets,
Aripiprex 20 mg 20,,20 mg,Tablets,,20 Tablets,
Aripiprex 30 mg 30,,30 mg,Tablets,,30 Tablets,
Arixtra 2.5 mg / 0.5 ml 10 Prefilled Syringes (Fridge),,2.5 mg,,,5 ml,
Arixtra 7.5 mg / 0.6 ml 10 Prefilled Syringes (Fridge),,7.5 mg,,,6 ml,
Armodacure 150 mg 30,,150 mg,Capsules,,30 Capsules,
Armoriva 60 Gummies,,,,,,
Armowake 50 mg 20,,50 mg,Tablets,,20 Tablets,
Aromalock 2.5 mg 30 Film Coated,,2.5 mg,Film Coated Tablets,,,
Aromasin 25 mg 30,,25 mg,Tablets,,30 Tablets,
Aromega Massage Gel 60 gm,,,,,,Omega-3 fatty acids
Arpistable 10 mg 30,,10 mg,Tablets,,30 Tablets,
Arpistable 30 mg 30,,30 mg,Tablets,,30 Tablets,
Arromaprazan 20 mg 20 Film Coated,,20 mg,Film Coated Tablets,,,
Artava 15,,,Capsules,,15 Capsules,
Artava 30,,,Capsules,,30 Capsules,
Artec 1000 mg 20,,1000 mg,Tablets,,20 Tablets,
Artega 30 Soft Gelatin,,,Capsules,,,
Artelac 3.2 mg/ml 2 Bottles 10 ml Eye,,3.2 mg,Drops,,10 ml,
Arth Free 20 mg 30,,20 mg,Tablets,,30 Tablets,
Arthineur 10,,,Capsules,,10 Capsules,
Arthojo 30 Film Coated,,,Film Coated Tablets,,,
Arthrofast 150 mg 14,,150 mg,Tablets,,14 Tablets,
Arthrohold Plus 14 Sachets,,,,,,
Articavol 75 mg/3 ml 3,,75 mg,Ampoules,,3 ml,
Articulage 10 Sachets,,,,,,
Articulage 30 Sachets,,,,,,
Artilane Classic Bovine 15 Vials,,,,,,
Artilane Forte Bovine 15 Vials,,,,,,
Artisoy 30 Film Coated,,,Film Coated Tablets,,,
Artixiban 2.5 mg 30,,2.5 mg,Tablets,,30 Tablets,
Artixiban 5 mg 30,,5 mg,Tablets,,30 Tablets,
Arvi 30,,,Tablets,,30 Tablets,
Arythrex 200 mg 20,,200 mg,Capsules,,20 Capsules,
Ascizadex - N Gel 40 gm,,,,,,
Ascodal 15 Effervescent,,,Tablets,,,
Ascodal 45 Effervescent,,,Tablets,,,
Ascorbic Acid Oral,,,Drops,CID,15 ml,Ascorbic acid
Asecbright Cream 50 gm,,,,,,
Asenadia 10 mg 10 Sublingual,,10 mg,Tablets,,,
Asenapine 10 mg 30 Sublingual,,10 mg,Tablets,,,
Asenapine 2.5 mg 30 Sublingual,,2.5 mg,Tablets,,,
Asenapine 5 mg 30 Sublingual,,5 mg,Tablets,,,
Ashwagandha 30 Hard Gelatin,,,Capsules,,,
Ashwagandha 30 Hard Gelatin,,,Capsules,,,
Ashwastar Theanine 30 Hard Gelatin,,,Capsules,,,
Asmalair 5 mg 10,,5 mg,Tablets,,10 Tablets,
Aspatrend 5 Vial,,,,,,
Aspirin - Chemipharm 30 Chewable,15,,Tablets,,,Aspirin
Aspocid 75 mg 30,,75 mg,Tablets,CID,30 Tablets,
Aspricarlo 81 mg 30 Chewable,,81 mg,Tablets,,,
Asprotect 100 mg 30,,100 mg,Tablets,,30 Tablets,
Asthmarelief 5 mg / 2.5 ml Inhalation 20,,5 mg,Ampoules,,5 ml,
Asthmatrol Oral Inhaler 200 Inhalations,,,,,,
Astin 20 mg 20,,20 mg,Tablets,,20 Tablets,
Astin 5 mg/5 ml,,5 mg,Syrup,,5 ml,
Atacand Plus 16 mg/12.5 mg 14,,16 mg,Tablets,,14 Tablets,
Atarax 10 mg 20,,10 mg,Tablets,,20 Tablets,
Atcocoxib 60 mg 30 Film Coated,,60 mg,Film Coated Tablets,,,
Atcocoxib 90 mg 30 Film Coated,,90 mg,Film Coated Tablets,,,
Atcoeprilax 100 mg 20,,100 mg,Tablets,,20 Tablets,
Atcoeprilax 50 mg 20,,50 mg,Tablets,,20 Tablets,
Atconafil 200 mg 4,,200 mg,Tablets,,4 Tablets,
Atcorelivo Powder 10 Sachets 4 gm,,,,,,
Atcovildumet 50 mg / 1000 mg 30 Film Coated,,50 mg,Film Coated Tablets,,,
Atectura 150 / 320 mcg 30,,,Capsules,,30 Capsules,
Ateno - C 50 mg / 25 mg 20 Film Coated,,50 mg,Film Coated Tablets,,,
Ateno -C 100 mg/25 mg 20,,100 mg,Tablets,,20 Tablets,
Ateno 100 mg 20,,100 mg,Tablets,,20 Tablets,
Ateno 50 mg 20,,50 mg,Tablets,,20 Tablets,
Atenoretic 30,,,Capsules,,30 Capsules,
Atla DK Oral,,,Drops,,15 ml,
Atlabacillus Oral,,,Drops,,15 ml,
Atlacare 20 Film Coated,,,Film Coated Tablets,,,
Atlatex Cream 50 gm,,,,,,
Atlatex Cream 50 gm ( 1+50% Off ),,,,,,
Atmecipia 10 mg 20,,10 mg,Tablets,,20 Tablets,
Atmiprazole 20 mg 20,,20 mg,Capsules,,20 Capsules,
Atmiprazole 40 mg 20,,40 mg,Capsules,,20 Capsules,
Atmosalazine 500 mg 50,,500 mg,Capsules,,50 Capsules,
Atomafutix 10 mg 30,,10 mg,Capsules,,30 Capsules,
Atomafutix 25 mg 30,,25 mg,Capsules,,30 Capsules,
Atomafutix 4 mg / ml Oral Solution 100 ml,,4 mg,,,100 ml,
Atomafutix 40 mg 30,,40 mg,Capsules,,30 Capsules,
Atometaflozine 12.5 mg / 1000 mg 30 Film Coated,,12.5 mg,Film Coated Tablets,,,
Atomorelax 20 mg/ 5 ml,,20 mg,Syrup,,5 ml,
Atomox Apex 10 mg 30,,10 mg,Capsules,,30 Capsules,
Atomox Apex 18 mg 30,,18 mg,Capsules,,30 Capsules,
Atomox Apex 25 mg 30,,25 mg,Capsules,,30 Capsules,
Atomox Apex 4 mg/ml Oral Solution 100 ml,,4 mg,,,100 ml,
Atomox Apex 40 mg 30,,40 mg,Capsules,,30 Capsules,
Atomox Apex 60 mg 30,,60 mg,Capsules,,30 Capsules,
Atomoxetine 18 mg 30,,18 mg,Capsules,,30 Capsules,
Atomoxetine 25 mg 30,,25 mg,Capsules,,30 Capsules,
Ator 10 mg 7,,10 mg,Tablets,,7 Tablets,
Ator 20 mg 10,,20 mg,Tablets,,10 Tablets,
Ator 40 mg 10,,40 mg,Tablets,,10 Tablets,
Ator 80 mg 10,,80 mg,Tablets,,10 Tablets,
Atoreza 10 mg/ 80 mg 28,,10 mg,Tablets,,28 Tablets,
Atozet 10 mg / 10 mg 30,,10 mg,Tablets,,30 Tablets,
Atozet 10 mg / 20 mg 30,,10 mg,Tablets,,30 Tablets,
Atozet 10 mg / 40 mg 30,,10 mg,Tablets,,30 Tablets,
Atrabesylate 50 mg 5 ml 5,,50 mg,Ampoules,,5 ml,
Atracurium 25 mg / 2.5 ml 1 Ampoule (Fridge),,25 mg,,,5 ml,
Atropine Sulphate 0.1% 6,,,Ampoules,,6 Ampoules,
Atrovent 20/50 Comp Inhaler 15 ml,,,,,15 ml,
Atrovent 250 mcg/2 ml 20 Vials,,,,,2 ml,
Atrovent 500 mcg/ 2 ml 20 Vials,,,,,2 ml,
Atrozemb 10 mg/10 mg 30,,10 mg,Tablets,,30 Tablets,
Atrozemb 80 mg/10 mg 30,,80 mg,Tablets,,30 Tablets,
Atshi 10,,,Tablets,,10 Tablets,
Attensera 25 mg 30,,25 mg,Capsules,,30 Capsules,
Attensera 40 mg 30,,40 mg,Capsules,,30 Capsules,
AUG-Derma Silicon Gel 15 gm,,,,,,
Augmacillin 228.5 mg/5 ml Powder for Oral Suspension 60 ml,,228.5 mg,,,5 ml,
Augmacillin 457 mg/5 ml Powder for Oral Suspension 60 ml,,457 mg,,,5 ml,
Augmentin 1 gm / 125 mg 12 Sachets,,125 mg,,,,Amoxicillin + Clavulanic acid
Augmentin 1 gm 14,,,Tablets,,14 Tablets,Amoxicillin + Clavulanic acid
Augmentin 156 mg/5 ml Powder for Oral Suspension 80 ml,,156 mg,,,5 ml,Amoxicillin + Clavulanic acid
Augmentin 312 mg/5 ml Powder for Oral Suspension 80 ml,,312 mg,,,5 ml,Amoxicillin + Clavulanic acid
Augmentin 457 mg/5 ml Powder for Oral Suspension 70 ml,,457 mg,,,5 ml,Amoxicillin + Clavulanic acid
Augmentin 62.5 mg,,62.5 mg,Drops,,20 ml,Amoxicillin + Clavulanic acid
Augmentin 625 mg 10,,625 mg,Tablets,,10 Tablets,Amoxicillin + Clavulanic acid
Augmentin Duo 228 mg/5 ml Powder for Oral Suspension 70 ml,,228 mg,,,5 ml,Amoxicillin + Clavulanic acid
Augmentin ES - 600 mg/5 ml Powder for Oral Suspension 75 ml,,600 mg,,,5 ml,Amoxicillin + Clavulanic acid
Aurier 10 Sachets,,,,,,
Avalomeg Omega 3 Liquid 120 ml,,,,,120 ml,Omega-3 fatty acids
Avalon Vitamin D3 10000 I.U 30,45,,Capsules,,30 Capsules,Cholecalciferol
Avalox 400 mg 5,,400 mg,Tablets,,5 Tablets,
Avamys 27.5 mcg Nasal Spray 120 Doses,,,,,,
Avandorix,,,Syrup,,120 ml,
Avant Care Omega 60 Gummies,,,,,,Omega-3 fatty acids
Avantofer Oral,,,Drops,,30 ml,
Avantossis Oral,,,Drops,,10 ml,
Avara 20 mg 30,,20 mg,Tablets,,30 Tablets,
Avastin 400 mg 1 Vial 16 ml (Fridge),,400 mg,,,16 ml,
Avazir 0.3% Eye,,,Drops,,10 ml,
Avazir 0.3% Eye Ointment 5 gm,,,,,,
Avero Feroz 30,,,Capsules,,30 Capsules,
Averobios 642.9 mg Powder for Oral Suspension 60 ml,,642.9 mg,,,60 ml,
Averobios 642.9 mg Powder for Oral Suspension 75 ml,,642.9 mg,,,75 ml,
Averocoxib 90 mg 20,,90 mg,Tablets,,20 Tablets,
Averofage 15 mg / 500 mg 30,,15 mg,Tablets,,30 Tablets,
Averofage 15 mg/ 850 mg 30,,15 mg,Tablets,,30 Tablets,
Averosomnia 3 mg 20 Film Coated,,3 mg,Film Coated Tablets,,,
Averothiazide 10 mg/ 12.5 mg/ 40 mg 30,,10 mg,Tablets,,30 Tablets,
Averothiazide 5 / 12.5 / 20 mg 30,,20 mg,Tablets,,30 Tablets,
Averothiazide 5 / 12.5 / 40 mg 30,,40 mg,Tablets,,30 Tablets,
Averothiazide 5 mg/ 25 mg/ 40 mg 30,,5 mg,Tablets,,30 Tablets,
Averozoild 100 mg/5 ml Suspension 60 ml,,100 mg,,,5 ml,
Averozolid 600 mg 10,,600 mg,Tablets,,10 Tablets,
Averozolid Solution 600 mg Vial 300 ml IV Infusion,,600 mg,,,300 ml,
Avetrix Gel 100 gm,,,,,,
Avicare Gel 25 gm,,,,,,
Avicare Tooth Gel 100 gm,,,,,,
Avicare Tooth Gel 25 gm,,,,,,
Avil 6,,45.5 mg,Ampoules,,6 Ampoules,
Avilac 10 Sachets,,,,,,
Avinox Oral Spray 60 ml,,,,,60 ml,
Avipiravir 200 mg 40,,200 mg,Tablets,,40 Tablets,
Avivavasc 5 mg/160 mg 28,,5 mg,Tablets,,28 Tablets,
Avobeano 10 Hard Gelatin,,,Capsules,,,
Avodart 0.5 mg 30 Soft Gelatin,,0.5 mg,Capsules,,,
Avorend 30 Film Coated,,,Film Coated Tablets,,,
Avorexal 30 Hard Gelatin,,,Capsules,,,
Awadicipro 500 mg 10 Film Coated,,500 mg,Film Coated Tablets,,,Ciprofloxacin
Awadilevo 500 mg 10 Orally Disintegrating,,500 mg,Tablets,,,
Awadist Cold & Flu 20,,,Tablets,,20 Tablets,Paracetamol + Pseudoephedrine + Chlorpheniramine
Awadist Plus 20,,,Tablets,,20 Tablets,
Awazi 600 mg 10 Film Coated,,600 mg,Film Coated Tablets,,,
Axal Body Wash 250 ml,,,,,250 ml,
Axired 30,,,Tablets,,30 Tablets,
Axita 10 Sachets,,,,,,
Axomyelin Ultra 30 Film Coated,,,Film Coated Tablets,,,
Ayapenam I.V Vial,,,,,,
Azaderm 20% Cream 30 gm,,,,,,
Azania 10 Sachets,,,,,,
Azathioprine - Evapharma 25 mg 30 Film Coated,,25 mg,Film Coated Tablets,Eva Pharma,,
Azathioprine - Evapharma 50 mg 30 Film Coated,,50 mg,Film Coated Tablets,Eva Pharma,,
Azathioprine - Evapharma 75 mg 30 Film Coated,,75 mg,Film Coated Tablets,Eva Pharma,,
Azathioprine 50 mg 100,,50 mg,Tablets,,100 Tablets,
Azathioprine 50 mg 30,,50 mg,Tablets,,30 Tablets,
Azelast Plus 25 ml Nasal Spray 120 Metered Dose,,,,,25 ml,
Azgoflox 400 mg 10,,400 mg,Tablets,,10 Tablets,
Azi - Once 200 mg /5 ml Dry Powder for Oral Suspension 22.5 ml,,200 mg,,,5 ml,
Azi - Once 200 mg /5 ml Dry Powder for Oral Suspension 30 ml,,200 mg,,,5 ml,
Azi - Once 250 mg 6,,250 mg,Capsules,,6 Capsules,
Azi -Once 200 mg /5 ml Dry Powder for Oral Suspension 15 ml,,200 mg,,,5 ml,
Azimacron 500 mg 3,,500 mg,Tablets,,3 Tablets,
Azirowa 1 gm 2,,,Tablets,,2 Tablets,
Azitanad 500 mg 3 Film Coated,,500 mg,Film Coated Tablets,,,
Azithrochidia 1% Sterile Ophthalmic Solution 15 Monodoses ? 0.4 ml (Fridge),,,,,4 ml,
Azithromin 250 mg 6,,250 mg,Capsules,,6 Capsules,
Azithromycin - Aug Pharma 500 mg 6 Film Coated,60,500 mg,Film Coated Tablets,,,Azithromycin
Azolmigra 5 mg 2,,5 mg,Tablets,,2 Tablets,
Azopt 1% Eye,,,Drops,,5 ml,
Azotec Dex Massage Cream 100 gm,,,,,,
Azotec Dex Massage Cream 50 gm,,,,,,
Azotec Flex Massage Roll-On 80 ml,,,,,80 ml,
Azotec Max Massage Gel 100 gm,,,,,,
Azotec Mix Massage Spray 200 ml,,,,,200 ml,
Azrolanta 500 mg Powder ( I.V) 1 Vial,,500 mg,,,,
Azrolid 600 mg Powder for Oral Suspension 15 ml,,600 mg,,,15 ml,
Azrolid 900 mg Powder for Oral Suspension 22.5 ml,,900 mg,,,5 ml,
Azyldrox 100 mg 1 Vial,,100 mg,,,,
B,,,Syrup,,120 ml,
B - Com 6 Ampules ? 2 ml,,,,,2 ml,
B - Melt 30 Sublingual,,,Tablets,,,
B Twelve 30,,,Capsules,,30 Capsules,
B-12 Inad 30,,,Tablets,,30 Tablets,
B-Fresh Mouthwash with Peppermint Flavour 250 ml,,,,,250 ml,
B?cozyme 12,,,Ampoules,,12 Ampoules,
B12 1000 mcg 30 Sublingual,,,Tablets,,,
Babonge Mas Herbal Drink,,,Syrup,,60 ml,
Baby Gar Oral,,,Drops,,15 ml,
Baby Iron Oral,50,,Drops,,50 ml,Ferrous sulfate
Baby Nadif Sea Water Spray 50 ml,,,,,50 ml,
Baby Phi Oral,,,Drops,,10 ml,
Baby Relief 12.5 mg 5 Rectal Suppositories,,12.5 mg,,,,
Baby Steps 300 mg 2 Sachets,,300 mg,,,,
Bacilomisk 20 Hard Gelatin,,,Capsules,,,
Baclofen 10 mg 20,,10 mg,Tablets,,20 Tablets,
Baclofen 25 mg 20,,25 mg,Tablets,,20 Tablets,
Bactirix 1.5 gm Vial,,,,,,
Bactrocin 2% Ointment 10 gm,,,,,,
Bactrofight,,500 mg,Film Coated Tablets,,,
Balancepram 10 mg 30 Film Coated,,10 mg,Film Coated Tablets,,,
Balancevita 20 Hard Gelatin,,,Capsules,,,
Balmega 30 Gummies,,,,,,
Balmega 60 Gummies,,,,,,
Baloxdot 10 mg 2,,10 mg,Tablets,,2 Tablets,
Baloxdot 20 mg 2,,20 mg,Tablets,,2 Tablets,
Baloxdot 40 mg 2,,40 mg,Tablets,,2 Tablets,
Balsam,,,Syrup,,120 ml,
Balsam,,,Syrup,,120 ml,
Bambedil,,,Syrup,,120 ml,
Bambedil 10 mg 30,,10 mg,Tablets,,30 Tablets,
Banod 10 Sachets,,,,,,
Bap Scar Care Gel 20 gm,,,,,,
Bap Scar Care T 10 cm ?15 cm,,,,,,
Bap Scar Care T 5 cm ? 30 cm,,,,,,
Baraka 450 mg 24,,450 mg,Capsules,,24 Capsules,
Baraka Forte 500 mg 30,,500 mg,Capsules,,30 Capsules,
Barcimiant 2 mg 28,,2 mg,Tablets,,28 Tablets,
Baritava 2 mg 28,,2 mg,Tablets,,28 Tablets,
Baritava 4 mg 28,,4 mg,Tablets,,28 Tablets,
Barnafree Ointment 30 gm,,,,,,
BBs 300 mg 3 Sachets,,300 mg,,,,
Be Active 30,,,Capsules,,30 Capsules,
Be Dree,,,Syrup,,120 ml,
Be In Massage Gel 150 gm,,,,,,
Beauty Gafco Cream 30 gm,,,,,,
Beauty Gafco Cream 30 gm,,,,,,
Beauty Gel 30 gm,,,,,,
Beclo Nasal Spray 20 ml,,,,,20 ml,
Beclosone 50 mcg 200 Metered Inhalations,,,,,,
Beclosone Forte Solution 100 mcg 200 Metered Inhalation,,,,,,
Becornez 3,,,Ampoules,,3 Ampoules,
Bedremine 100 mg 30,,100 mg,Tablets,,30 Tablets,
Bedremine 50 mg 30,,50 mg,Tablets,,30 Tablets,
Bee Care Cream 30 gm,,,,,,
Bee Care Cream 60 gm,,,,,,
Beegu Nose Brand Hypertonic 2.3% Spray 70 ml,,,,,70 ml,
Beegu Nose Brand Isotonic 0.9% Soothing & Moisturizing Spray 100 ml,,,,,100 ml,
Beinadol 30,,,Tablets,,30 Tablets,
Beliposys 20 Hard Gelatin,,,Capsules,,,
BellaVie Children 15,,,Capsules,,15 Capsules,
BellaVie Immuno 15,,,Capsules,,15 Capsules,
Beltop 24 Chews,,,,,,
Bemethrasol Topical Foam Spray 50 gm,,,,,,
Bemosta 30,,,Capsules,,30 Capsules,
Bendatreotid 0.1 mg/ml 5,,0.1 mg,Ampoules,,5 Ampoules,
Bendax 200 mg 6,,200 mg,Tablets,,6 Tablets,
Benebon 120 Gummies,,,,,,
Benebon 120 Gummies + 60 Gummies (Special Offer),,,,,,
Benebon 60 Gummies,,,,,,
Benebon Gummy C 120 Gummies,,,,,,
Benebon Gummy C 45 Gummies + 30% Extra Gummies,,,,,,
Bengiride 0.5 mg 30 Soft Gelatin,,0.5 mg,Capsules,,,
Benmuv Massage Gel 120 gm,,,,,,
Benmuv Massage Gel 60 gm,,,,,,
Benmuv Massage Spray 200 ml,,,,,200 ml,
Benogen 100 gm 10 Sachet,,,,,,
Benostan MePro Cream 30 gm,,,,,,
Benox 0.4% Sterile Ophthalmic Solution ? 10 Single-Dose Units ? 0.4 ml,,,,,4 ml,
Benox 0.4% Sterile Ophthalmic Solution 10 ml,,,,,10 ml,
Benoxidia Eye,,,Drops,,,
Benphora 30 Film Coated,,,Film Coated Tablets,,,
Benzanil 80 gm Emulgel,,,,,,
Benzyl Penicillin G Vial,,,,,,
Bepra 20 mg 14,,20 mg,Tablets,,14 Tablets,
Besto Stark Massage Gel 50 ml,,,,,50 ml,
Besto Stark Massage Spray 100 ml,,,,,100 ml,
Beta Carotene Forte 20,,,Capsules,,20 Capsules,
Betaclotri Cream 15 gm,,,,,,
Betacor 80 mg 30,,80 mg,Tablets,,30 Tablets,
Betaderm Topical Ointment 15 gm,,,,,,
Betadine 1% Mouthwash & Gargle 120 ml,,,,,120 ml,
Betadine 10% Topical Ointment 60 gm,,,,,,
Betamethasone Cream 20 gm,,,,,,
Betapanthen Cream 20 gm,,,,,,
Betapronate 0.05% Gel 20 gm,,,,,,
Betapronate Plus Cream 30 gm,,,,,,
Betasone 0.5 mg 12,,0.5 mg,Tablets,,12 Tablets,
Betathalmic 0.5% Sterile Ophthalmic Solution 10 ml,,,,,10 ml,
Betaval 0.1% Topical Cream 20 gm,,,,,,
Betaval 0.1% Topical Cream 30 gm,,,,,,
Betaval 0.1% Topical Ointment 15 gm,,,,,,
Betmiga 50 mg 30,,50 mg,Tablets,,30 Tablets,
Betnovate - C Cream 15 gm,,,,,,
Betnovate - N Topical Cream 15 gm,,,,,,
Betnovate - N Topical Ointment 15 gm,,,,,,
Betnovate Scalp Application Topical Solution 30 ml,,,,,30 ml,
Betnovate Topical Cream 15 gm,,,,,,
Betolvex 2,,,Ampoules,,2 Ampoules,
Betoptic Sterile Ophthalmic Solution 5 ml,,,,,5 ml,
Bevena 10 Sachets,,,,,,
Bexsero Prefilled Syringe ? 0.5 ml,,,,,5 ml,
BI-Ketogesic 150 mg 30,,150 mg,Tablets,,30 Tablets,
Bidalkin Vaginal Douche Powder 12 Packets ? 10 gm,,,,,,
Bilastigec 20 mg 20,,20 mg,Tablets,,20 Tablets,
Bilqasai Massage Cream 60 gm,,,,,,
Bimatoswix 0.3% Ophthalmic Solution 3 ml,,,,,3 ml,
Bio 1600 14,,,Capsules,,14 Capsules,
Bio Legam 100 mg / 60 mg 8 Film Coated,,100 mg,Film Coated Tablets,,,
Bio Legam 50 mg / 30 mg 8 Film Coated,,50 mg,Film Coated Tablets,,,
Bio Mass Massage Cream 100 gm,,,,,,
Biocefixim 100 mg / 5 ml Dry Powder for Oral Suspension 60 ml,,100 mg,,,5 ml,
Biocefixim 200 mg / 5 ml Dry Powder for Oral Suspension 60 ml,,200 mg,,,5 ml,
Biofaximin 200 mg 30 Film Coated,,200 mg,Film Coated Tablets,,,
Biofaximin 550 mg 30 Film Coated,,550 mg,Film Coated Tablets,,,
Biofreeze Pain Relieving Gel 59 ml,,,,,59 ml,Ibuprofen
Biofreeze Pain Relieving Roll-On 59 ml,,,,,59 ml,Ibuprofen
Biofreeze Spray 59 ml,,,,,59 ml,
Bioglita Plus 15 / 850 mg 30,,850 mg,Tablets,,30 Tablets,
Biojin Plus Joint Support 50,,,Tablets,,50 Tablets,
Biomed-C 20,,,Capsules,,20 Capsules,
Bioment Spray 100 ml,,,,,100 ml,
Biomox 250 mg Powder for Oral Suspension 80 ml,,250 mg,,,80 ml,
Biomox 500 mg 12,,500 mg,Capsules,,12 Capsules,
Bion Gold 10000 mcg 30,,,Tablets,,30 Tablets,
Bioprex 10 mg 30,,10 mg,Tablets,,30 Tablets,
Bioprex 5 mg 30,,5 mg,Tablets,,30 Tablets,
BioPropolis 400 mg 20,,400 mg,Capsules,,20 Capsules,
Biorazo 20 mg 14,,20 mg,Capsules,,14 Capsules,
Biorazo 40 mg 14,,40 mg,Capsules,,14 Capsules,
Biorefamin 200 mg 20 Film Coated,,200 mg,Film Coated Tablets,,,
Biorefamin 550 mg 20 Film Coated,,550 mg,Film Coated Tablets,,,
Biorosuvin 10 mg 28 Film Coated,,10 mg,Film Coated Tablets,,,
Biorosuvin 20 mg 28 Film Coated,,20 mg,Film Coated Tablets,,,
Biorosuvin 5 mg 28 Film Coated,,5 mg,Film Coated Tablets,,,
Biosil 60,,,Capsules,,60 Capsules,
Bioticaflox 500 mg 7 Film Coated,,500 mg,Film Coated Tablets,,,
Bioticaflox 750 mg 7 Film Coated,,750 mg,Film Coated Tablets,,,
Biotin 10000 mcg 60 Film Coated,,,Film Coated Tablets,,,Biotin
Biotin 30 Hard Gelatin,,,Capsules,,,Biotin
Biotin 5000 mcg 30,,,Capsules,,30 Capsules,Biotin
Biotin 5000 mcg 60,,,Capsules,,60 Capsules,Biotin
Biotin 5000 mcg 60 Capules Offer (1+1),,,,,,Biotin
Biotin Forte 5 mg 60,,5 mg,Capsules,,60 Capsules,Biotin
Biotin One 30 Film Coated,,,Film Coated Tablets,,,Biotin
Biotin Plus 4 30 Hard Gelatin,,,Capsules,,,Biotin
Biovanic 500 mg 5 Film Coated,,500 mg,Film Coated Tablets,,,
Biovit 12 Depot 2,,,Ampoules,,2 Ampoules,
Bioxiflic 30 Hard Gelatin,,,Capsules,,,
Biperiden 2 mg 30,,2 mg,Tablets,,30 Tablets,
Bisadyl 10 mg 10 Rectal Suppositories for Adults,,10 mg,,,,
Bisadyl 5 mg 30,,5 mg,Tablets,,30 Tablets,
Bisolock - D 10 / 25 mg 20 Film Coated,,25 mg,Film Coated Tablets,,,
Bisolock - D 5 / 12.5 mg 20 Film Coated,,12.5 mg,Film Coated Tablets,,,
Bisolock 10 Mg 30 Film Coated,,10 mg,Film Coated Tablets,,,
Bisolock 2.5 mg 30,,2.5 mg,Tablets,,30 Tablets,
Bisolvon 4 mg / 5 ml,,4 mg,Syrup,,5 ml,
Bisolvon 4 mg 5,,4 mg,Ampoules,,5 Ampoules,
Bispyller 120 Hard Gelatin,,,Capsules,,,
Bistol 10 mg 20,,10 mg,Tablets,,20 Tablets,
Bistol 2.5 mg 20,,2.5 mg,Tablets,,20 Tablets,
Bistol 5 mg 20,,5 mg,Tablets,,20 Tablets,
Bistol Plus 2.5 / 6.25 mg 20,,6.25 mg,Tablets,,20 Tablets,
Bistol Plus 5 / 12.5 mg 20,,12.5 mg,Tablets,,20 Tablets,
Bistol Plus 5 / 6.25 mg 20,,6.25 mg,Tablets,,20 Tablets,
Blackseed Vit,,,Syrup,,125 ml,
Blad Norm L.A 4 mg 10,,4 mg,Capsules,,10 Capsules,
Bladogra 25 mg 30,,25 mg,Tablets,,30 Tablets,
Bladogra 50 mg 30,,50 mg,Tablets,,30 Tablets,
Bleedaceas For Intravenous Injection 5,,,Ampoules,,5 Ampoules,
Blefaritto Eye Gel 10 gm,,,,,,
Blendera - MF (Vanilla Flavor) 400 gm,,,,,,
Blincorest 125 mg 30 Chewable,,125 mg,Tablets,,,
Blincorest Co 2 / 125 mg 30 Chewable,,125 mg,Tablets,,,
Blincorest Plus 125 mg / 500 mg 30 Chewable,,125 mg,Tablets,,,
Blinga D 20,,,Capsules,,20 Capsules,
Blinga SL 20 Sublingual,,,Tablets,,,
Block Alpha 0.4 MR 30,,,Capsules,,30 Capsules,
Blockadipine 10 mg 10 Film Coated,,10 mg,Film Coated Tablets,,,
Blockadipine 20 mg 10 Film Coated,,20 mg,Film Coated Tablets,,,
Blockadipine 20 mg 20 Film Coated,,20 mg,Film Coated Tablets,,,
Blofordex 30 Hard Gelatin,,,Capsules,,,
Blokatens 5 / 80 mg 28,,80 mg,Tablets,,28 Tablets,
Blokatens HCT 10/160/12.5 mg 28 Film Coated,,12.5 mg,Film Coated Tablets,,,
Blokatens HCT 10/160/25 mg 28 Film Coated,,25 mg,Film Coated Tablets,,,
Blokatens HCT 5/160/12.5 mg 28 Film Coated,,12.5 mg,Film Coated Tablets,,,
Blokium DIU 15,,,Tablets,,15 Tablets,
Bloom Ville Iron 30 Hard Gelatin,50,,Capsules,,,Ferrous sulfate
Blopress 16 mg 28,,16 mg,Tablets,,28 Tablets,
Blopress 16 Plus 28,,,Tablets,,28 Tablets,
Blopress 8 mg 28,,8 mg,Tablets,,28 Tablets,
Blopress 8 Plus 28,,,Tablets,,28 Tablets,
Blosed 20 Hard Gelatin,,,Capsules,,,
Bloton 30 Pieces,,,,,,
Bloximin 20 Hard Gelatin,,,Capsules,,,
Bloximin 30 Hard Gelatin,,,Capsules,,,
Bold Stop 5% Topical Solution 100 ml,,,,,100 ml,
Bon-One 0.5 mcg 30,,,Tablets,,30 Tablets,
Bon-One 1 mcg 30,,,Tablets,,30 Tablets,
Bonafix Cal 30 Film Coated,,,Film Coated Tablets,,,
Bondavin 30,,,Tablets,,30 Tablets,
Bonediviton Oral Solution 4 Bottles 2.5 ml,,,,,5 ml,
Bonefit Probiotic Oral,,,Drops,,15 ml,
Bonefit Vitamin D3 5000 I.U 30,45,,Tablets,,30 Tablets,Cholecalciferol
Bonefit Vitamin D3 5000 I.U 30,45,,Tablets,,30 Tablets,Cholecalciferol
Bonefit( Vitamim D3 ) 10000 I.U Oral,,,Drops,,15 ml,
Bonerand Oral,,,Drops,,15 ml,
Bongica 30 Film Coated,,,Film Coated Tablets,,,
Boninno,,,Syrup,,120 ml,
Bonixir 30 Film Coated,,,Film Coated Tablets,,,
Bonna 3 10 Sachets 5 gm,,,,,,
Bonnvita Healthy Chocolate Spread for Children (Fridge),,,,,,
Bonosome 7 Prefilled Syringes (Fridge),,,,,,
Bony Poro Oral,,,Drops,,15 ml,
Borgalendro Oral Solution 75 ml,,,,,75 ml,
Borgasone 0.1% Topical Cream 20 gm,,,,,,
Borgasone 0.1% Topical Lotion 20 ml,,,,,20 ml,
Borgasone Plus Ointment 30 gm,,,,,,
Borgasone Topical Ointment 20 gm,,,,,,
Borgasone Trio Topical Cream 15 gm,,,,,,
Borgastatin 20 mg 10,,20 mg,Tablets,,10 Tablets,
Borgastatin 40 mg 10,,40 mg,Tablets,,10 Tablets,
Borgavirax 200 mg,,200 mg,Syrup,,125 ml,
Borgavix 75 mg 30,,75 mg,Tablets,,30 Tablets,
Boric Acid Soap 45 gm,,,,CID,,Omeprazole
Bortezomib Synthon 3.5 mg Vial (Fridge),,3.5 mg,,,,
Bosentadin 125 mg 10,,125 mg,Tablets,,10 Tablets,
Bosentadin 62.5 mg 10,,62.5 mg,Tablets,,10 Tablets,
Boston Axoncord 30 Hard Gelatin,,,Capsules,,,
Boston Bostofer SR 30,,,Tablets,,30 Tablets,
Boston Cal - Vitamin,,,Syrup,,100 ml,Multivitamins
Boston Ferrozanta,,,Syrup,,100 ml,
Boston Ginoloba 30 Hard Gelatin,,,Capsules,,,
Boston Otonerve 30 Hard Gelatinous,,,Capsules,,,
Boston Ximajoint 30 Hard Gelatin,,,Capsules,,,
Boston Ximanap 30 Film Coated,,,Film Coated Tablets,,,
Botanil Cream 50 gm,,,,,,
Botkeel 30 Hard Gelatin,,,Capsules,,,
Botkeel 60 Hard Gelatin,,,Capsules,,,
Bovix 10 Sachets,,,,,,
Bowelocare Oral,,,Drops,,15 ml,
Bradipect 5 mg 28,,5 mg,Tablets,,28 Tablets,
Bradipect 7.5 mg 28,,7.5 mg,Tablets,,28 Tablets,
Brain Ox 30 mg 20,,30 mg,Capsules,,20 Capsules,
Brand Cough,,,Syrup,,120 ml,Dextromethorphan + Guaifenesin
Brand Cysteine 20,,,Capsules,,20 Capsules,
Brand Lyte Solution 200 ml,,,,,200 ml,
Brand Mix Spray 60 ml,,,,,60 ml,
Brandzime 30 Hard Gelatin,,,Capsules,,,
Braytonerve 30 Hard Gelatin,,,Capsules,,,
Braytoped,,,Syrup,,120 ml,
Braytoped,,,Syrup,,120 ml,
Breath Day Mouthwash For Smokers 300 ml,,,,,300 ml,
Breath Day Mouthwash With Clove 300 ml,,,,,300 ml,
Breath Day Mouthwash With Cool Mint 300 ml,,,,,300 ml,
Bretta Win Massage Gel 75 gm,,,,,,
Bretta Win Massage Spray 100 ml,,,,,100 ml,
Brettagraf Cream 30 gm,,,,,,
Breva D3 10.000 I.U. 30,,,Tablets,Eva Pharma,30 Tablets,
Brevy ( 2.5 mg / 5 ml ),,2.5 mg,Syrup,,5 ml,
Brevy 5 mg 10,,5 mg,Tablets,,10 Tablets,
Brexin 10,,,Tablets,,10 Tablets,
Brexpiprazole - Clavita Pharma 4 mg 30 Film Coated,,4 mg,Film Coated Tablets,,,
Bribolar Cream 50 gm,,,,,,
Brilique 60 mg 56,,60 mg,Tablets,,56 Tablets,
Brilique 60 mg 56,,60 mg,Tablets,,56 Tablets,
Brilique 90 mg 56,,90 mg,Tablets,,56 Tablets,
Brilliant 100 mg 8,,100 mg,Tablets,,8 Tablets,
Brimillergy Eye,,,Drops,,5 ml,
Brimocoma Ophthalmic Solution 5 ml,,,,,5 ml,
Brimondalous 0.33% Topical Gel 30 gm,,,,,,
Brimonidine Sterile Ophthalmic Solution 5 ml,,,,,5 ml,
Brimonocond 0.2% Eye,,,Drops,,5 ml,
Brimonocond Plus Eye,,,Drops,,5 ml,
Brinomega,,,Syrup,,120 ml,Omega-3 fatty acids
Bristaflam 1.5% Topical Cream 30 gm,,,,,,
Bristaflam 100 mg 20,,100 mg,Tablets,,20 Tablets,
Bristaplex Vaporizing Ointment 50 gm,,,,,,
Brivafutal 100 mg 30,,100 mg,Tablets,,30 Tablets,
Brivafutal 50 mg 30,,50 mg,Tablets,,30 Tablets,
Brivasizur 5 Vials ? 5 ml (MEPACO),,,,Mepaco,5 ml,
Broleaves,,,Syrup,,120 ml,
Bromhexine,,,Syrup,,120 ml,
Bromhexine Hydrochloride 8 mg 20,,8 mg,Tablets,,20 Tablets,
Bromocriptine 2.5 mg 30,,2.5 mg,Tablets,,30 Tablets,
Bronchicum,,,Syrup,,100 ml,
Bronchicum 20 Lozenges,,,,,,
Bronchinova,,,Syrup,,100 ml,
Broncho - Vaxom for Adults 7 mg 10,,7 mg,Capsules,,10 Capsules,
Broncho - Vaxom for Children 3.5 mg 10 Sachets,,3.5 mg,,,,
Broncholin S 5 mg / ml Respirator Solution 30 ml,,5 mg,,,30 ml,
Broncholin S Aerosol For Inhalation 240 Doses,,,,,,
Bronchomez,,,Syrup,,120 ml,
Bronchoneer 30,,,Capsules,,30 Capsules,
Bronchophane,,,Syrup,,125 ml,
Bronchopro Liquid 30 ml,,,,,30 ml,
Bronchopro Retard 10,,,Capsules,,10 Capsules,
Bronchopyonair 50 mcg 30 Inhalation,,,Capsules,,,
Bronchopyonair Plus (50 / 110 mcg ) 30 Inhalation,,,Capsules,,,
Bronchotec,,,Syrup,,,
Bronchovent Oral,,,Syrup,,125 ml,
Brovitacan Complex 30 Hard Gelatin,,,Capsules,,,
Brovitacan Ferro 30 Hard Gelatin,,,Capsules,,,
Brovitacan Joint 30,,,Tablets,,30 Tablets,
Brovitacan Mammy 30 Film Coated,,,Film Coated Tablets,,,
Brufen 600 mg 30,,600 mg,Tablets,,30 Tablets,Ibuprofen
Brufen Cold 20,,,Tablets,,20 Tablets,Ibuprofen
Brufen Effervescent Granules 600 mg 10 Sachets,,600 mg,,,,Ibuprofen
Brufen Flu 10,,,Tablets,,10 Tablets,Ibuprofen
Brufen Flu Oral Suspension 60 ml,,,,,60 ml,Ibuprofen
Bubbles Baby Finger Toothbrush,,,,,,
Budecort 400 mcg 30 Inhalation,,,Capsules,,,
Buildolac 30 Hard Gelatin,,,Capsules,,,
Buprofutal 150 mg 30 Sustained Release Film Coated,,150 mg,Film Coated Tablets,,,
Burnasores Topical Ointment 30 gm,,,,,,
Burnaway 20 mg 20 Enteric Coated,,20 mg,Tablets,,,
Burnazin 1% Cream 20 gm,,,,,,
Buscopan 10 mg 20,,10 mg,Tablets,,20 Tablets,
Buscopan 20 mg 6,,20 mg,Ampoules,,6 Ampoules,
Buspar 10 mg 20,,10 mg,Tablets,,20 Tablets,
Buspar 15 mg 10,,15 mg,Tablets,,10 Tablets,
Butacid 10 mg 20,,10 mg,Tablets,CID,20 Tablets,Omeprazole
Butacid 20 mg 6,,20 mg,Ampoules,CID,6 Ampoules,Omeprazole
Butaximark 1% Cream 15 gm,,,,,,
Butitishu Topical Ointment 30 gm,,,,,,
C - Apex 500 mg 10,,500 mg,Tablets,,10 Tablets,
C - Apex Retard 1000 mg 10,,1000 mg,Tablets,,10 Tablets,
C - Safe 500 mg 36,,500 mg,Capsules,,36 Capsules,
C Vall 10,,,Tablets,,10 Tablets,
C-Plus 30,,,Tablets,,30 Tablets,
C-Vit Oral,,,Drops,,15 ml,
C-Viton 500 mg 20,,500 mg,Tablets,,20 Tablets,
Cabella,,,Syrup,,125 ml,
Cabergamoun 0.5 mg 2,,0.5 mg,Tablets,Amoun,2 Tablets,
Cacirovabone,,,Syrup,,120 ml,
Cacirovavit,,,Syrup,,120 ml,
Cad Bon 10 Sachets,,,,,,
Cadex 30 Pieces,,,,,,
Caffeinospire Solution for I.V Infusion / Oral Solution 1 Vial 3 ml,,,,,3 ml,
Caffeinospire Solution for I.V Infusion 1 Vial 3 ml,,,,,3 ml,
Caftohist,,,Drops,,3 ml,
Cal - Preg D 1600 Mg 30 Cap,,1600 mg,,,,
Cal Dream 30 Film Coated,,,Film Coated Tablets,,,
Cal Heparin 5000 (IU) 3,,,Ampoules,,3 Ampoules,
Cal Mag 30,,,Tablets,,30 Tablets,
Cal Mag Zinc Plus (Vitamin D3) 30,45,,Capsules,,30 Capsules,Cholecalciferol
Cal Preg 600 mg 30 Chewable,,600 mg,Tablets,,,
Cal-Preg 640 mg 30,,640 mg,Tablets,,30 Tablets,
Calamyl Lotion 100 ml,,,,,100 ml,
Calcao 20,,,Tablets,,20 Tablets,
Calcendia,,,Syrup,,90 ml,
Calci Smart,,,Syrup,,120 ml,
Calci-Mash 30,,,Tablets,,30 Tablets,
Calcid 30,,,Capsules,CID,30 Capsules,
Calcidol Calcium 20,35,,Tablets,CID,20 Tablets,Calcium carbonate
Calcifolinon 10 mg / ml Vial 5 ml (Fridge),,10 mg,,,5 ml,
Calcimate 500 mg 12,,500 mg,Capsules,,12 Capsules,
Calcimera 30 Caplets,,,,,,
Calcisome D 60,,,Capsules,,60 Capsules,
Calcisome For Kids,,,Syrup,,120 ml,
Calcitonium 100 I.U / ml 1 ml 5,,,Ampoules,,1 ml,
Calcitonium 50 I.U / ml 1 ml 5,,,Ampoules,,1 ml,
Calcitrix 20,,,Tablets,,20 Tablets,
Calcitrix 30,,,Tablets,,30 Tablets,
Calcitron 30,,,Capsules,,30 Capsules,
Calcium 3 20 Tablet,35,,,,,Calcium carbonate
Calcium Chloride 1 Ampoule 10 ml,35,,,,10 ml,Calcium carbonate
Calciux Plus 30,,,Tablets,,30 Tablets,
Calcybox,,,Syrup,,120 ml,
Caldin Zinc Suspension 120 ml,,,,,120 ml,Zinc sulfate
CalFacto Massage Gel 50 gm,,,,,,
Calimu 20 Sachet,,,,,,
Calio Plus 20,,,Tablets,,20 Tablets,
Calma Baby N,,,Syrup,,125 ml,
Calma King,,,Syrup,,120 ml,
Calmare Plus Spray 130 ml,,,,,130 ml,
Calmare Spray 130 ml,,,,,130 ml,
Calmero Herbal Drink 60 ml,,,,,60 ml,
Calmy Tone Lotion 120 ml,,,,,120 ml,
Calnesia D 30,,,Capsules,,30 Capsules,
Calster 500 mg 30,,500 mg,Tablets,,30 Tablets,
Calteba Chocolate Pill 45 Pieces,,,,,,
Calteba Chocolate Pill 90 Pieces,,,,,,
Caltera Plus 30,,,Tablets,,30 Tablets,
Camisan Cream 20 gm,,,,,,
Camixer,,,Syrup,,120 ml,
Camphoplex Extra Massage Gel 150 gm,,,,,,
Camphoplex Massage Gel 100 gm,,,,,,
Camphoplex Massage Spray 150 ml,,,,,150 ml,
Campto 100 mg / 5 ml 1 Vial (Fridge),,100 mg,,,5 ml,
Campto 40 mg / 2 ml 1 Vial (Fridge),,40 mg,,,2 ml,
Candalkan Plus 16/12.5 mg 14,,12.5 mg,Tablets,,14 Tablets,
Candeblock - D 20,,,Tablets,,20 Tablets,
Candepressin 16 mg 30,,16 mg,Tablets,,30 Tablets,
Candepressin 32 mg 20,,32 mg,Tablets,,20 Tablets,
Candepressin 8 mg 30,,8 mg,Tablets,,30 Tablets,
Candesar 16 mg 14,,16 mg,Tablets,,14 Tablets,
Candeurazole 150 mg 2,,150 mg,Capsules,,2 Capsules,
Candicure 1 - 600 mg 3 Vaginal Ovules,,600 mg,,,,
Candistan 0.1 gm 6 Vaginal,,,Tablets,,,
Candistan 2% Vaginal Cream 20 gm,,,,,,
Candistan Topical Aerosol 50 gm,,,,,,
Candy with Cherry 24 Lozenges,,,,,,
Candy with Honey & Lemon Flavor 24 Lozenges,,,,,,
Candy with Mint Flavor 100 Lozenges,,,,,,
Candy with Mint Flavor 24 Lozenges,,,,,,
Canephron? Uno 30 Coated,,,Tablets,,,
Canesten 1% Cream 20 gm,,,,,,
Canker Buccal Cavity Guard Spray 60 ml,,,,,60 ml,
Canolife 10 Hard Gelatin,,,Capsules,,,
Cantinera 10 Hard Gelatin,,,Capsules,,,
Cantrizone,,,Syrup,,120 ml,
Capecitabine Accord 500 mg 120,,500 mg,Tablets,,120 Tablets,
Capilorin 30 Hard Gelatin,,,Capsules,,,
Capo Care Massage Cream 50 gm,,,,,,
Capoten 25 mg 20,,25 mg,Tablets,,20 Tablets,
Capoten 50 mg 10,,50 mg,Tablets,,10 Tablets,
Capotril 25 mg 20,,25 mg,Tablets,,20 Tablets,
Capotril 50 mg 20,,50 mg,Tablets,,20 Tablets,
Capregomix,,,Syrup,,120 ml,
Capregomix 30,,,Tablets,,30 Tablets,
Captobact 10 Film Coated,,,Film Coated Tablets,,,
Captolink 5 mg/5 ml Oral Solution 100 ml,,5 mg,,,5 ml,
Carbapex 100 mg 30 Chewable,,100 mg,Tablets,,,
Carbapex 200 mg 30,,200 mg,Tablets,,30 Tablets,
Carbapex C.R. 200 mg 30,,200 mg,Tablets,,30 Tablets,
Carbapex C.R. 400 mg 30,,400 mg,Tablets,,30 Tablets,
Carbatol 200 mg 20,,200 mg,Tablets,,20 Tablets,
Carbidopa Levodopa Evapharma 20,,,Tablets,Eva Pharma,20 Tablets,
Carbimazole 5 mg 50,,5 mg,Tablets,,50 Tablets,
Carboplatine - Mylan 150 mg / 15 ml Vial (Fridge),,150 mg,,,15 ml,
Carboplatine - Mylan 450 mg / 45 ml Vial,,450 mg,,,45 ml,
Carbotin 20,,,Tablets,,20 Tablets,
Carbotinol 150 mg / 15 ml Vial 15 ml,,150 mg,,,15 ml,
Carbotinol 450 mg / 45 ml Vial 45 ml,,450 mg,,,45 ml,
Carcemia 400 mg 10,,400 mg,Tablets,,10 Tablets,
Cardilol 25 mg 30,,25 mg,Tablets,,30 Tablets,
Cardilol 6.25 mg 30,,6.25 mg,Tablets,,30 Tablets,
Cardiocid Plus (,,5 mg,Tablets,CID,10 Tablets,
Cardiomep 200 mg 30,,200 mg,Tablets,,30 Tablets,
Cardiotimide 5 mg 20,,5 mg,Tablets,,20 Tablets,
Cardivo - Care 12.5 / 5 mg 30,,5 mg,Tablets,,30 Tablets,
Cardixin 0.25 mg 40,,0.25 mg,Tablets,,40 Tablets,
Cardixin 500 mcg / 2 ml 5,,,Ampoules,,2 ml,
Cardura 1 mg 21,,1 mg,Tablets,,21 Tablets,
Cardura 4 mg 14,,4 mg,Tablets,,14 Tablets,
Cardura XL 4 mg 28,,4 mg,Tablets,,28 Tablets,
Care Dipine Plus 10 / 10 mg 30 Film Coated,,10 mg,Film Coated Tablets,,,
Care Dipine Plus 20 / 10 mg 30,,10 mg,Tablets,,30 Tablets,
Caredalud S.R. 6 mg 30,,6 mg,Tablets,,30 Tablets,
Carelyte Effervescent Granules 280 gm,,,,,,
Carfalone 25 mg 20,,25 mg,Tablets,,20 Tablets,
Carfalone 50 mg 20,,50 mg,Tablets,,20 Tablets,
Carivalan 12.5 / 5 mg 28,,5 mg,Tablets,,28 Tablets,
Carivalan 12.5 / 7.5 mg 28,,7.5 mg,Tablets,,28 Tablets,
Carivalan 6.25 / 5 mg 28,,5 mg,Tablets,,28 Tablets,
Carivalan 6.25 / 7.5 mg 28,,7.5 mg,Tablets,,28 Tablets,
Carla Extra 30,,,Capsules,,30 Capsules,
Carminex,,,Syrup,,120 ml,
Carminex 6 Sachets,,,,,,
Carnisight 30 Hard Gelatin,,,Capsules,,,
Carnismith 30 Film Coated,,,Film Coated Tablets,,,
Caro Plus 20,,,Tablets,,20 Tablets,
Caro Plus 30,,,Tablets,,30 Tablets,
Caro Suspension 120 ml,,,,,120 ml,
Caroxa Scar Gel 15 gm,,,,,,
Cartizad 30,,,Tablets,,30 Tablets,
Cartula 10 Sachets,,,,,,
Carty 30 Pieces,,,,,,
Carvid 25 mg 20,,25 mg,Tablets,,20 Tablets,
Carvid 25 mg 30,,25 mg,Tablets,,30 Tablets,
Carvid 6.25 mg 20,,6.25 mg,Tablets,,20 Tablets,
Carvipress 25 mg 20,,25 mg,Tablets,,20 Tablets,
Castor Oil,,,Syrup,,60 ml,
Castor Oil,,,Syrup,,60 ml,
Cataflam 25 mg 20,,25 mg,Tablets,,20 Tablets,Diclofenac potassium
Cataflam 50 mg 20,,50 mg,Tablets,,20 Tablets,Diclofenac potassium
Cataflam 75 mg / 3 ml 6,,75 mg,Ampoules,,3 ml,Diclofenac potassium
Catafly Oral Suspension 140 ml,,,,,140 ml,
Catamax Oily,,,Drops,,15 ml,
Cattomega,,,Syrup,,120 ml,Omega-3 fatty acids
Caventol,,,Syrup,,120 ml,
Cavero 20 Sachets,,,,,,
Caviclude 0.5 mg 30,,0.5 mg,Tablets,,30 Tablets,
Cazet 10 / 10 mg 10,,10 mg,Tablets,,10 Tablets,
Cazet 10 / 20 mg 10,,20 mg,Tablets,,10 Tablets,
Cazet 10 / 40 mg 10,,40 mg,Tablets,,10 Tablets,
Cazo Carrot & Rice Sachets 75 gm,,,,,,
Cdz Pex 30,,,Tablets,,30 Tablets,
Ceclor 125 mg / 5 ml Powder for Oral Suspension 75 ml,,125 mg,,,5 ml,
Ceclor 250 mg / 5 ml Powder for Oral Suspension 75 ml,,250 mg,,,5 ml,
Cedem Vitamin C 1000 mg 20,,1000 mg,Tablets,,20 Tablets,Ascorbic acid
Cedenir 125 mg Dry Suspension 100 ml,,125 mg,,,100 ml,
Cefalomash 1 gm (I.V / I.M) Vial,,,,,,
Cefalomash 500 mg (I.V / I.M) Vial,,500 mg,,,,
Cefalotrigenex 200 mg 8,,200 mg,Tablets,,8 Tablets,
Cefathird 125 mg / 5 ml Powder For Oral Suspension 60 ml,,125 mg,,,5 ml,
Cefathird 300 mg 10,,300 mg,Capsules,,10 Capsules,
Cefaxone 250 mg (I.M) Vial,,250 mg,,,,
Cefaxone 500 mg (I.M) Vial,,500 mg,,,,
Cefaxotrez 1 g (I.M) Vial,,,,,,
Cefaxotrez 500 mg (I.M) Vial,,500 mg,,,,
Cefaxotrez 500 mg (I.V) Vial,,500 mg,,,,
Cefazone 2 gm (I.M / I.V) Vial,,,,,,
Cefazone 500 mg (I.M / I.V) Vial,,500 mg,,,,
Cefazone Plus 1.5 gm (I.M / I.V) Vial,,,,,,
Cefepime - Evapharma 1 gm (I.M / I.V) Vial,,,,Eva Pharma,,Cefepime
Cefepime - Evapharma 500 mg (I.M / I.V) Vial,,500 mg,,Eva Pharma,,Cefepime
Cefepime 500 mg (I.M / I.V) Vial,,500 mg,,,,Cefepime
Cefidime 1 gm (I.M / I.V) Vial,,,,,,
Cefidime 2 gm (I.V) Vial,,,,,,
Cefixime 100 mg / 5 ml Powder for Oral Suspension 30 ml,,100 mg,,,5 ml,
Cefixime 100 mg / 5 ml Powder for Oral Suspension 60 ml,,100 mg,,,5 ml,
Cefobid 0.5 gm (I.M / I.V) Vial,,,,,,
Cefobid 1 gm (I.M / I.V) Vial,,,,,,
Cefomerican 1 gm (I.M / I.V) Vial,,,,,,
Cefomerican 500 mg (I.M / I.V) Vial,,500 mg,,,,
Cefoperazone 1 gm (I.M / I.V) Vial,,,,,,
Ceforan 1 gm (I.M / I.V) Vial,,,,,,
Ceforan 2 gm (I.M / I.V) Vial,,,,,,
Ceforan 500 mg (I.M / I.V) Vial,,500 mg,,,,
Cefotax 250 mg (I.M / I.V) Vial,,250 mg,,,,
Cefotax 500 mg (I.M / I.V) Vial,,500 mg,,,,
Cefotaxime - Evapharma 1 gm (I.M / I.V) Vial,,,,Eva Pharma,,
Cefotaxime - Evapharma 2 gm (I.M / I.V) Vial,,,,Eva Pharma,,
Cefotrix 1 gm (I.M) 1 Vial,,,,,,
Cefotrix 1 gm (I.V.) 1 Vial,,,,,,
Cefozon 2 gm (I.M / I.V) Vial,,,,,,
Cefozon 500 mg (I.M / I.V) Vial,,500 mg,,,,
Cefrone 0.5 gm (I.M / I.V) Vial,,,,,,
Cefrone 1 gm (I.M / I.V) Vial,,,,,,
Cefrone 2 gm (I.M / I.V) Vial,,,,,,
Ceftriaxone - Evapharma 1 gm (I.M) Vial,,,,Eva Pharma,,Ceftriaxone
Ceftriaxone - Evapharma 1 gm (I.V) Vial,,,,Eva Pharma,,Ceftriaxone
Ceftriaxone - Evapharma 250 mg (I.M) Vial,,250 mg,,Eva Pharma,,Ceftriaxone
Ceftriaxone - Evapharma 500 mg (I.M) Vial,,500 mg,,Eva Pharma,,Ceftriaxone
Ceftriaxone 1 gm (I.M) Vial - SEDICO,,,,Sedico,,Ceftriaxone
Ceftriaxone 250 mg (I.M) Vial - SANDOZ,,250 mg,,,,Ceftriaxone
Ceftriaxone 500 mg (I.M) Vial - SANDOZ,,500 mg,,,,Ceftriaxone
Ceftriaxone 500 mg (I.V) Vial - SANDOZ,,500 mg,,,,Ceftriaxone
Ceftriaxone Sodium 1 gm (I.M.) 1 Vial,,,,,,Ceftriaxone
Cefzim 2 gm (I.M / I.V) Vial,,,,,,
Cefzim 500 mg (I.M / I.V) Vial,,500 mg,,,,
Celadrin Massage Gel 15 gm,,,,,,
Celeborg 100 mg 10,,100 mg,Capsules,,10 Capsules,
Celeborg 200 mg 20,,200 mg,Capsules,,20 Capsules,
Celebrex 100 mg 10,,100 mg,Capsules,,10 Capsules,
Celebrex 200 mg 15,,200 mg,Capsules,,15 Capsules,
Cellcept 250 mg 100,,250 mg,Capsules,,100 Capsules,
Cellcept 500 mg 50,,500 mg,Tablets,,50 Tablets,
Celoxib 200 mg 10,,200 mg,Capsules,,10 Capsules,
Cemixo Live 30,,,Capsules,,30 Capsules,
Cempion 10 Sachets,,,,,,
Cenjoy Facial Cream 50 gm,,,,,,
Centravita Amylase,,,Syrup,,100 ml,
Centravita Ashwagandha Plus 20 Hard Gelatin,,,Capsules,,,
Centravita Chrofit 20 Hard Gelatin,,,Capsules,,,
Centravita Colin,,,Syrup,,100 ml,
Centravita Colin,,,Syrup,,30 ml,
Centravita Ginko 20 Hard Gelatin,,,Capsules,,,
Centravita Magnesium 20 Film Coated,,,Film Coated Tablets,,,Magnesium oxide
Centravita Methylfolate 30,,,Capsules,,30 Capsules,
Centravita Palmi 20 Hard Gelatin,,,Capsules,,,
Centravita PEA 20 Film Coated,,,Film Coated Tablets,,,
Centravita Prost 30,,,Tablets,,30 Tablets,
Centravita Serine 20 Hard Gelatinous,,,Capsules,,,
Centravita Vitamin B12 30,,,Tablets,,30 Tablets,Thiamine
Centrocal,,,Syrup,,120 ml,
Centropax,,,Syrup,,100 ml,
Centropax Plus Iron Berry Flavor,50,,Syrup,,100 ml,Ferrous sulfate
Centrum Adults 100,,,Tablets,,100 Tablets,Multivitamins
Centrum Adults 30,,,Tablets,,30 Tablets,Multivitamins
Centrum Men 100,,,Tablets,,100 Tablets,Multivitamins
Centrum Men 30,,,Tablets,,30 Tablets,Multivitamins
Centrum Silver Adults 50+ 30,,,Tablets,,30 Tablets,Multivitamins
Centrum Women 30,,,Tablets,,30 Tablets,Multivitamins
Cepo Panthenol Cream 30 gm,,,,,,
Ceporex 500 mg 12,,500 mg,Tablets,,12 Tablets,
Cerazette 75 mg 28,,75 mg,Tablets,,28 Tablets,
Cerebrine 20 mg 20,,20 mg,Capsules,,20 Capsules,
Cerebrine 40 mg 20,,40 mg,Capsules,,20 Capsules,
Cerebro 400 mg 30,,400 mg,Capsules,,30 Capsules,
Cerebro Forte 1200 mg 30,,1200 mg,Tablets,,30 Tablets,
Cerebrocetam 1 gm 6,,,Ampoules,,6 Ampoules,
Cerebrocetam 400 mg 30,,400 mg,Capsules,,30 Capsules,
Cerebrocetam 800 mg 30,,800 mg,Capsules,,30 Capsules,
Cerebroforte 20%,,,Syrup,,120 ml,
Cerebrolysin 10,,,Ampoules,,10 Ampoules,
Cerebrolysin 5,,,Ampoules,,5 Ampoules,
Cerebrolysin 5,,,Ampoules,,5 Ampoules,
Cerebronal Dietary Supplement 45,,,Capsules,,45 Capsules,Multivitamins
Cerebroprove Oral Solution 30 ml,,,,,30 ml,
Ceropram 20 mg 14,,20 mg,Tablets,,14 Tablets,
Certican 0.25 mg 60,,0.25 mg,Tablets,,60 Tablets,
Certican 0.75 mg 60,,0.75 mg,Tablets,,60 Tablets,
Cervarix Pre-filled Syringe 0.5 ml (Fridge),,,,,5 ml,
Cervetolka,,,Syrup,,60 ml,
Cervetolka 1000 mg 15 Sachet,,1000 mg,,,,
Cervetolka 500 mg 20 Hard Gelatin,,500 mg,Capsules,,,
Cervetolka Advance 20 Hard Geltaine,,,Capsules,,,
Cervetolka Forte Oral Solution 30 ml,,,,,30 ml,
Cervetolka Plus 500/50 mg 20 Hard Gelatin,,50 mg,Capsules,,,
Cervitam 20,,,Capsules,,20 Capsules,
Cetafen 30,,,Tablets,,30 Tablets,
Cetafen Plus 30,,,Tablets,,30 Tablets,
Cetafen Plus N 30 Film Coated,,,Film Coated Tablets,,,
Cetafen-N Oral Suspension 120 ml,,,,,120 ml,
Cetal 120 mg 5 Rectal Suppositories for Children (Fridge),,120 mg,,,,
Cetal Cold & Flu 20 Caplets,,,,,,Paracetamol + Pseudoephedrine + Chlorpheniramine
Cetal Extra 20 Caplets,,,,,,
Cetal Sinus 20 Caplets,,,,,,
Cetamol,,,Syrup,,120 ml,
Cetamol 500 mg 20,,500 mg,Tablets,,20 Tablets,
Cetolight Plus 60 Tablet,,,,,,
Cetrak 10 mg 20,,10 mg,Tablets,,20 Tablets,
Cetrak 5 mg,,5 mg,Syrup,,120 ml,
Cevamol 12 Effervescent,,,Tablets,Eva Pharma,,
Cevamol 12 Sachets,,,,Eva Pharma,,
Cevandra Plus,,,Syrup,Eva Pharma,100 ml,
Cevitil 1 gm 12 Effervescent,,,Tablets,,,
CH Alpha 10 Sachets,,,,,,
CH-Alpha Plus 10 Sachets,,,,,,
Chancy 30 Sublingual,,,Tablets,,,
Charclone 1000 mg 30 Hard Gelatin,,1000 mg,Capsules,,,
Charclone Advance 30 Hard Gelatin,,,Capsules,,,
Charcoal 20 Hard Gelatin,,,Capsules,,,
Charcoal 30 Soft Gelatin,,,Capsules,,,
Charcodoll 30 Hard Gelatin,,,Capsules,,,
Charcomint 20 Hard Gelatin,,,Capsules,,,
Charisma Smile Mouth Wash With Clove 120 ml,,,,,120 ml,
Charisma Smile Mouth Wash With Peppermint 120 ml,,,,,120 ml,
Charnozam 30,,,Capsules,,30 Capsules,
Chartoreg 80 mg 28,,80 mg,Tablets,,28 Tablets,
Chartoreg Co 10 / 80 mg 28,,80 mg,Tablets,,28 Tablets,
Chartoreg Co 5 / 40 mg 28,,40 mg,Tablets,,28 Tablets,
Chartoreg Co 5 / 80 mg 28,,80 mg,Tablets,,28 Tablets,
Chartoreg Plus 40 / 12.5 mg 28,,12.5 mg,Tablets,,28 Tablets,
Chartoreg Plus 80 / 12.5 mg 28,,12.5 mg,Tablets,,28 Tablets,
Chartoreg Trio 5 / 12.5 / 80 mg 28,,80 mg,Tablets,,28 Tablets,
Chelated Zinc 50 mg 60,,50 mg,Tablets,,60 Tablets,Zinc sulfate
Chicks Breath,,,Syrup,,120 ml,
Chicks D3,,,Syrup,,120 ml,
Chicks D3,,,Syrup,,250 ml,
Chicks Growee,,,Syrup,,250 ml,
Chicks Immune For Kids,,,Syrup,,250 ml,
Chicks Vit,,,Syrup,,250 ml,
Chloroquine Phosphate 250 mg 20,,250 mg,Tablets,,20 Tablets,
Chloroquine Phosphate 250 mg 20,,250 mg,Tablets,,20 Tablets,
Choclocal  Pro 15 Sachets,,,,,,
Cholaflux 50 mg 30,,50 mg,Tablets,,30 Tablets,Paracetamol + Pseudoephedrine + Chlorpheniramine
Cholcarol Oral,,,Drops,,15 ml,
Cholecalciferol Oral,,,Drops,,20 ml,Cholecalciferol
Cholecalcital 50000 IU 12,,,Tablets,,12 Tablets,
Cholerose 20 mg 21 Film Coated,,20 mg,Film Coated Tablets,,,
Cholerose 5 mg 14 Film Coated,,5 mg,Film Coated Tablets,,,
Cholerose Plus 10 / 40 mg 28 Film Coated,,40 mg,Film Coated Tablets,,,
Cholerose Plus 5 / 10 mg 28 Film Coated,,10 mg,Film Coated Tablets,,,
Choletrix - D3 20,,,Tablets,,20 Tablets,
Cholinobel 20 Hard Gelatin,,,Capsules,,,
Chondrogen 20,,,Tablets,,20 Tablets,
Choriomon 5000 mg (IM Or Sc) 10,,5000 mg,Ampoules,,10 Ampoules,
Chorionic Gonadotrophin 5000 I.U. (I.M.) 1 Ampoule,,,,,,
Ciacita,,,Syrup,,120 ml,
Cialis 20 mg 2,,20 mg,Tablets,,2 Tablets,
Cialong 10 mg 4,,10 mg,Tablets,,4 Tablets,
Cicasilver Ointment 50 ml,,,,,50 ml,
Cicasilver Spray 125 ml,,,,,125 ml,
Cidal C 20,,,Tablets,CID,20 Tablets,
Cidamex 250 mg 20,,250 mg,Tablets,CID,20 Tablets,
Cidodian Depot 1 Ampoule 1 ml,,,,CID,1 ml,
Cidolut Depot 250 mg / 1 ml 1 Ampoule,,250 mg,,CID,1 ml,
Cidolut Nor 5 mg 30,,5 mg,Tablets,CID,30 Tablets,
Cidophage 1000 mg 30,,1000 mg,Tablets,CID,30 Tablets,
Cidophage 500 mg 10,,500 mg,Tablets,CID,10 Tablets,
Cidophage 850 mg 60,,850 mg,Tablets,CID,60 Tablets,
Cidophage Retard 850 mg 30,,850 mg,Tablets,CID,30 Tablets,
Cidotestone 250 mg 1 Ampoule,,250 mg,,CID,,
Cilaz 30 Pieces,,,,,,
Ciliosin Massage Cream 75 gm,,,,,,
Cilosort 100 mg 30,,100 mg,Tablets,,30 Tablets,
Cilozinc 30,,,Capsules,,30 Capsules,Zinc sulfate
Cinacalcet 30 mg 10,,30 mg,Tablets,,10 Tablets,
Cingal 4 ml Intra Articular Prefilled Syringe (Fridge),,,,,4 ml,
Cinnarizine - 25 mg 20,,25 mg,Tablets,,20 Tablets,
Cinnarizine - 75 mg 20,,75 mg,Capsules,,20 Capsules,
Cinoflokeen 500 mg 5,,500 mg,Tablets,,5 Tablets,
Cipalafil 5 mg 30,,5 mg,Tablets,,30 Tablets,
Cipazole Forte 1 gm 2,,,Tablets,,2 Tablets,
Cipra-Pro 10 mg 30 Film Coated,,10 mg,Film Coated Tablets,,,
Cipram 20 mg 28,,20 mg,Tablets,,28 Tablets,
Cipramaline 10 mg 20,,10 mg,Tablets,,20 Tablets,
Cipramax 40 mg 10 Film Coated,,40 mg,Film Coated Tablets,,,
Cipramax 40 mg 20 Film Coated,,40 mg,Film Coated Tablets,,,
Cipro Otic Solution 10 ml,,,,,10 ml,Ciprofloxacin
Ciprobay 500 mg 10,,500 mg,Tablets,,10 Tablets,Ciprofloxacin
Ciprobay 750 mg 10,,750 mg,Tablets,,10 Tablets,Ciprofloxacin
Ciprocin 0.3% Sterile Ophthalmic Solution 5 ml,,,,,5 ml,Ciprofloxacin
Ciprocin 250 mg 10,,250 mg,Tablets,,10 Tablets,Ciprofloxacin
Ciprocin 500 mg 10,,500 mg,Tablets,,10 Tablets,Ciprofloxacin
Ciprocin 750 mg 10,,750 mg,Tablets,,10 Tablets,Ciprofloxacin
Ciprodiazole 20,,,Tablets,,20 Tablets,Ciprofloxacin
Ciprofar 250 mg 10,,250 mg,Tablets,,10 Tablets,Ciprofloxacin
Ciprofar 500 mg 10,,500 mg,Tablets,,10 Tablets,Ciprofloxacin
Ciprofloxacin - Sunny Pharmaceuticals 2 mg / 1 ml IV Infusion 100 ml,40,2 mg,,,1 ml,Ciprofloxacin
Ciprofloxacin 250 mg 10,40,250 mg,Tablets,,10 Tablets,Ciprofloxacin
Ciprofloxacin 500 mg 10,40,500 mg,Tablets,,10 Tablets,Ciprofloxacin
Ciprofloxacin 750 mg 10 Film Coated,40,750 mg,Film Coated Tablets,,,Ciprofloxacin
Ciprofloxiraz 500 mg 10 Film Coated,,500 mg,Film Coated Tablets,,,Ciprofloxacin
Ciprofloxiraz 750 mg 10 Film Coated,,750 mg,Film Coated Tablets,,,Ciprofloxacin
Ciprofloxmet 20 Film Coated,,,Film Coated Tablets,,,Ciprofloxacin
Cipromax 500 mg 10,,500 mg,Tablets,,10 Tablets,Ciprofloxacin
Cipromax 750 mg 10,,750 mg,Tablets,,10 Tablets,Ciprofloxacin
Cipromega 500 mg XL 10,,500 mg,Tablets,,10 Tablets,Ciprofloxacin
Ciproquin 500 mg 10,,500 mg,Tablets,,10 Tablets,Ciprofloxacin
Ciproquin 750 mg 10,,750 mg,Tablets,,10 Tablets,Ciprofloxacin
Ciproxason Otic,,,Drops,,15 ml,Ciprofloxacin
Ciproxil-XL 500 mg 10,,500 mg,Tablets,,10 Tablets,Ciprofloxacin
Cira Panthenol Cream 30 gm,,,,,,
Circunex 20,,,Tablets,,20 Tablets,
Ciren Vitamin D3 120 Pieces,45,,,,,Cholecalciferol
Ciren Vitamin D3 60 Pieces,45,,,,,Cholecalciferol
Cisplatin 50 mg 1 Vial,,50 mg,,,,
Cisscik ( Vitakal ) Calcium 10 gm 10 Sachets,35,,,,,Calcium carbonate
Cistapront C,,,Syrup,,120 ml,
Citalo 20 mg 14,,20 mg,Tablets,,14 Tablets,
Citalo 40 mg 30,,40 mg,Tablets,,30 Tablets,
Citalofar 40 mg 7,,40 mg,Tablets,,7 Tablets,
Citalomep 10 mg 14,,10 mg,Tablets,,14 Tablets,
Citalomep 20 mg 7,,20 mg,Tablets,,7 Tablets,
Citamin Plus 1000 mg 12 Sachets,,1000 mg,,,,
Citapronex 10 mg 14,,10 mg,Tablets,,14 Tablets,
Citapronex 5 mg 14,,5 mg,Tablets,,14 Tablets,
Citicands 20 Film Coated,,,Film Coated Tablets,,,
Citichone Oral Suspension 100 ml,,,,,100 ml,
Citisight Oral,,,Drops,,30 ml,
Citovila 20 Hard Gelatin,,,Capsules,,,
Citovila 250 Oral,,,Drops,,30 ml,
Citro 10 Sachets,,,,,,
Citrocid Magnesium Plus Effervescent Granules 12 Sachets,,,,CID,,Magnesium oxide
Claforan 0.5 gm 1 Vial,,,,,,
Clarikan S.R. 500 mg 14,,500 mg,Tablets,,14 Tablets,
Clarimycin 500 mg 14,,500 mg,Tablets,,14 Tablets,
Clarinase 14 Repetabs,,,,,,
Clarithro 250 mg 14,,250 mg,Tablets,,14 Tablets,
Clarithro 500 mg 14,,500 mg,Tablets,,14 Tablets,
Claritine 5 mg,,5 mg,Syrup,,100 ml,
Claritine Chewables 30 Chewable,,,Tablets,,,
Claritine Children 30 Chewable,,,Tablets,,,
Clasynmo 875/125 mg 20,,125 mg,Tablets,,20 Tablets,
Claudicat 50 mg 30,,50 mg,Tablets,,30 Tablets,
Clavimox 1 gm 12 Film Coated,,,Film Coated Tablets,,,
Clavimox 228.5 mg / 5 ml Powder for Oral Suspension 70 ml,,228.5 mg,,,5 ml,
Clavimox 457 mg / 5 ml Powder for Oral Suspension 75 ml,,457 mg,,,5 ml,
Clavimox 625 mg 12,,625 mg,Tablets,,12 Tablets,
Claviperdone 2 mg 30 Orally Disintegrating,,2 mg,Tablets,,,
Claviperdone 3 mg 30 Orally Disintegrating,,3 mg,Tablets,,,
Clear Air 4 mg 7 Sachets,,4 mg,,,,
Clearest 14,,,Capsules,,14 Capsules,
Clerovate Cream 25 gm,,,,,,
Clindacine 300 mg 12,,300 mg,Capsules,,12 Capsules,
Clindagram Topical Gel 30 gm,,,,,,
Clindasol Topical Gel 20 gm,,,,,,
Clindavert Vaginal Cream 20 gm,,,,,,
Clinvex Plus Lotion 60 ml,,,,,60 ml,
Clobutra Cream 25 gm,,,,,,
Clograstat (I.V. Solution) 50 ml 1 Vial,,,,,50 ml,
Clopixol Depot 200 mg 10,,200 mg,Ampoules,,10 Ampoules,
Closeas Cod Liver Oil 500 mg 30,,500 mg,Capsules,,30 Capsules,
Closol Spray 50 ml,,,,,50 ml,
Clotrisone Cream 15 gm,,,,,,
Clovacort Cream 20 gm,,,,,,
Clovacort Gel 20 gm,,,,,,
Clozapine 100 mg 30,,100 mg,Tablets,,30 Tablets,
Clozapine 25 mg 30,,25 mg,Tablets,,30 Tablets,
CludineTech 0.5 mg 10,,0.5 mg,Capsules,,10 Capsules,
CludineTech 1 mg 10,,1 mg,Capsules,,10 Capsules,
Co - Dilatrol 30,,,Tablets,,30 Tablets,
Co - Diovan 160 / 25 mg 10,,25 mg,Tablets,,10 Tablets,
Co - Diovan 160 / 25 mg 15,,25 mg,Tablets,,15 Tablets,
Co - Tareg 160 / 12.5 mg 14,,12.5 mg,Tablets,,14 Tablets,
Co - Tareg 160 / 12.5 mg 28,,12.5 mg,Tablets,,28 Tablets,
Co - Tareg 320 / 12.5 mg 14,,12.5 mg,Tablets,,14 Tablets,
Co - Tareg 320 / 25 mg 14,,25 mg,Tablets,,14 Tablets,
Co - Valsartan 160 / 25 mg 10,,25 mg,Tablets,,10 Tablets,
Co - Vasotec 160 / 12.5 mg 14,,12.5 mg,Tablets,,14 Tablets,
Co - Vasotec 160 / 25 mg 14,,25 mg,Tablets,,14 Tablets,
Co - Vasotec 80 / 12.5 mg 14,,12.5 mg,Tablets,,14 Tablets,
Co Aprovel 150/12.5 mg 14,,12.5 mg,Tablets,,14 Tablets,
Co Aprovel 150/12.5 mg 28,,12.5 mg,Tablets,,28 Tablets,
Co Aprovel 300 / 12.5 mg 28,,12.5 mg,Tablets,,28 Tablets,
Co Aprovel 300/12.5 mg 14,,12.5 mg,Tablets,,14 Tablets,
Co Aprovel 300/25 mg 14,,25 mg,Tablets,,14 Tablets,
Co Trimoxazole,,,Syrup,,120 ml,
Co Trimoxazole 20,,,Tablets,,20 Tablets,
Co-Avazir Ophthalmic Ointment 5 gm,,,,,,
Co-Avazir Sterile Ophthalmic Suspension 10 ml,,,,,10 ml,
Co-Betapronate Ointment 30 gm,,,,,,
Co-Irebsartan 300/25 mg 7,,25 mg,Tablets,,7 Tablets,
Coaguloban 30 mg 10,,30 mg,Tablets,,10 Tablets,Warfarin
Coaguloban 60 mg 20,,60 mg,Tablets,,20 Tablets,Warfarin
Coaguloban 60 mg 20,,60 mg,Tablets,,20 Tablets,Warfarin
Cobafolic INO 30 Film Coated,,,Film Coated Tablets,,,Folic acid
Cobafolic Plus 30 Hard Gelatin,,,Capsules,,,Folic acid
Cobakarm - Plus 20 Film Coated,,,Film Coated Tablets,,,
Cobal - F 30,,,Tablets,,30 Tablets,
Cobal 500 mcg 30,,,Tablets,,30 Tablets,
Cobal F 40 Film Coated,,,Film Coated Tablets,,,
Cobathia 20 Film Coated,,,Film Coated Tablets,,,
Cocavia 20,,,Capsules,,20 Capsules,
Cod Primrose 20,,,Capsules,,20 Capsules,
Codaphen - N,,,Syrup,,120 ml,
Code-Govita 60,,,Tablets,,60 Tablets,
Codiclyptol 20,,,Capsules,,20 Capsules,
Coenzyme Q 10 Fort 100 mg 20,,100 mg,Capsules,,20 Capsules,
Cogex Powder 10 Sachets,,,,,,
Cogicin 30,,,Tablets,,30 Tablets,
Cogintol 2 mg 20,,2 mg,Tablets,,20 Tablets,
Cognita,,,Syrup,,120 ml,
Cola-Chond 30,,,Tablets,,30 Tablets,
Colchiopo 0.6 mg 30 Film Coated Tablet,,0.6 mg,,,,
Colchiopo 1 mg 20 Film Coated Tablet,,1 mg,,,,
Cold Control Oral Solution 100 ml,,,,,100 ml,Paracetamol + Pseudoephedrine + Chlorpheniramine
Cold Free 20,,,Tablets,,20 Tablets,Paracetamol + Pseudoephedrine + Chlorpheniramine
Cold Stop - N 30,,,Tablets,,30 Tablets,Paracetamol + Pseudoephedrine + Chlorpheniramine
Colgyto 10 Sachets,,,,,,
Coli-Urinal Effervescent Granules 60 gm,,,,,,
Colistimethate Sodium 10 Vials,,,,,,
Colitra 10 Sachets,,,,,,
Colixin 1 MIU Million Vial,,,,,,
Collacogen Marine Vit C With Orange Flavor 30 Sachets,,,,,,
Collacogen Marine Vit C With Strawberry Flavor 30 Sachets,,,,,,
Collagen 10 Sachets,,,,,,
Collagen Beauty Formula 90,,,Capsules,,90 Capsules,
Collagen Contour 15,,,Ampoules,,15 Ampoules,
Collagen Fresh C 30 Film Coated,,,Film Coated Tablets,,,
Collagen Joint Formula 60,,,Capsules,,60 Capsules,
Collagica Forte 10,,,Ampoules,,10 Ampoules,
Colosalazine-EC 500 mg 20,,500 mg,Tablets,,20 Tablets,
Colospasmin Forte 135 mg 20,,135 mg,Tablets,,20 Tablets,
Colospatoraz 135 mg 30,,135 mg,Tablets,,30 Tablets,
Coloverin 135 mg 30,,135 mg,Tablets,,30 Tablets,
Colsever 20,,,Tablets,,20 Tablets,
Coltrapent 4 mg 20 Film Coated,,4 mg,Film Coated Tablets,,,
Combipres 20/12.5 mg 30,,12.5 mg,Tablets,,30 Tablets,
Combitrust 30,,,Capsules,,30 Capsules,
Combivent Solution for Inhalation 20 Vials ? 2.5 ml,,,,,5 ml,
Comforex Herbal Massage Cream 50 gm,,,,,,
Comfort Massage Gel 50 gm,,,,,,
Comfy Care Massage Gel 75 gm,,,,,,
Compholex Massage Cream 50 gm,,,,,,
Complavin 75 mg / 100 mg 30 Film Coated,,75 mg,Film Coated Tablets,,,
Cona-adione 10 mg 30 Chewable,,10 mg,Tablets,,,
Conafutal 20 Film Coated,,,Film Coated Tablets,,,
Conamedizen Topical Cream 30 gm,,,,,,
Conan Multivitamin & Mineral 90 Gummies,,,,,,Multivitamins
Conazoglob 200 mg 1 Vial,,200 mg,,,,
Conazoglob 200 mg 10,,200 mg,Tablets,,10 Tablets,
Conceptio - H 10 Sachets,,,,,,
Condomania 10 mg 30,,10 mg,Tablets,,30 Tablets,
Condrionour 30,,,Tablets,,30 Tablets,
Confer 20,,,Capsules,,20 Capsules,
Confido Perfect Massage Cream 60 gm,,,,,,
Congdosin 4 mg 20 Hard Gelatin,,4 mg,Capsules,,,
Congdosin 8 mg 20 Hard Gelatin,,8 mg,Capsules,,,
Congestal Cold And Flu,,,Syrup,,120 ml,Paracetamol + Pseudoephedrine + Chlorpheniramine
Conistova 1 mg 14,,1 mg,Tablets,,14 Tablets,
Conistova 1 mg 28,,1 mg,Tablets,,28 Tablets,
Conistova 2 mg 28,,2 mg,Tablets,,28 Tablets,
Conju 10 Sachets,,,,,,
Conjyclear 0.7 Sterile Ophthalmic Solution 2.5 ml,,,,,5 ml,
Conjyclear Forte 0.2% Sterile Ophthalmic Solution 30 Single Dose Units ? 0.4 ml,,,,,4 ml,
Conjyclear Forte 0.2% Sterile Ophthalmic Solution 5 ml,,,,,5 ml,
Conmala Oral,,,Drops,,10 ml,
Constipride 1 mg 28,,1 mg,Tablets,,28 Tablets,
Constipride 2 mg 28,,2 mg,Tablets,,28 Tablets,
Consumed Pain Releif Patches 1 Patch,,,,,,Ibuprofen
Consumed Pain Releif Patches 2 Patches,,,,,,Ibuprofen
Conta-Flu 20,,,Tablets,,20 Tablets,Paracetamol + Pseudoephedrine + Chlorpheniramine
Contractubex Gel 20 gm,,,,,,
Contrahistadin 20 mg 20,,20 mg,Tablets,,20 Tablets,
Contrahistadin 20 mg 30,,20 mg,Tablets,,30 Tablets,
Contraplan II 0.75 mg 4,,0.75 mg,Tablets,,4 Tablets,
Controlepsy 100 mg 30,,100 mg,Tablets,,30 Tablets,
Controlepsy 25 mg 30,,25 mg,Tablets,,30 Tablets,
Controlepsy 50 mg 30,,50 mg,Tablets,,30 Tablets,
Controloc (I.V.) 40 mg 1 Vial,,40 mg,,,,
Controloc 20 mg 14,,20 mg,Tablets,,14 Tablets,
Controloc 40 mg 14,,40 mg,Tablets,,14 Tablets,
Convagran 100 mg 30,,100 mg,Capsules,,30 Capsules,
Convagran 25 mg 30,,25 mg,Capsules,,30 Capsules,
Convagran 50 mg 30,,50 mg,Capsules,,30 Capsules,
Convarsiotam 10 mg/ml Oral Solution 120 ml,,10 mg,,,120 ml,
Convarsiotam 25 mg 20,,25 mg,Tablets,,20 Tablets,
Conventin 300 mg 30 Extended Release,,300 mg,Capsules,,,
Conventin 600 mg 30 Extended Release,,600 mg,Capsules,,,
Conviban 100 mg 20,,100 mg,Tablets,,20 Tablets,
Conviban 25 mg 30,,25 mg,Tablets,,30 Tablets,
Conviban 50 mg 30,,50 mg,Tablets,,30 Tablets,
Convulex 150 mg 40,,150 mg,Capsules,,40 Capsules,
Convulex 300 mg / ml Oral Solution 100 ml,,300 mg,,,100 ml,
Convulex 300 mg 40,,300 mg,Capsules,,40 Capsules,
Cool-Strike Massage Cream 100 gm,,,,,,
Cooly Mouthwash with Refresh Mint Flavor 250 ml,,,,,250 ml,
Copadtada 2,,,Tablets,,2 Tablets,
Copadtada 2.5 mg 20 Film Coated,,2.5 mg,Film Coated Tablets,,,
Copadtada 4,,,Tablets,,4 Tablets,
Copadtada 5 mg 30 Film Coated,,5 mg,Film Coated Tablets,,,
Corasore 20,,,Tablets,,20 Tablets,
Corasore N Oral,,305 mg,Drops,,15 ml,
Cordarone 200 mg 30,,200 mg,Tablets,,30 Tablets,
Cornefresh Eye,,,Drops,,5 ml,
Cornetears Artificial Tears & Lubricant Eye Gel 10 gm (Fridge),,,,,,
Cortexin Vista with Chocolate Flavor 30 Pieces,,,,,,
Cortilon 0.1 mg 20,,0.1 mg,Tablets,,20 Tablets,
Cortiment 9 mg MMX 30,,9 mg,Tablets,,30 Tablets,
Cortiplex B6 Adult 3,,,Ampoules,,3 Ampoules,
Cortiplex B6 Paediatric 3,,,Ampoules,,3 Ampoules,
Cortopect,,,Syrup,,60 ml,
Cortopect 30,,,Capsules,,30 Capsules,
Cortopect Advance 20,,,Tablets,,20 Tablets,
Cortopect Plus 20 Hard Gelatin,,,Capsules,,,
Corvast 80 mg 7,,80 mg,Tablets,,7 Tablets,
Corvibeak 20 Hard Gelatin,,,Capsules,,,
Corvibeak 30,,,Capsules,,30 Capsules,
Cosamine Massage Cream 50 gm,,,,,,
Cosantox 30,,,Tablets,,30 Tablets,
Cosentyx 150 mg / ml 1 Prefilled Pen (Fridge),,150 mg,,,,
Cosentyx 300 mg / 2 ml 1 Prefilled Pen (Fridge),,300 mg,,,2 ml,
Cosimprel 5 mg / 10 mg 15 Film Coated,,5 mg,Film Coated Tablets,,,
Cosimprel 5 mg / 5 mg 15 Film Coated,,5 mg,Film Coated Tablets,,,
Cosmofer Ampoule,,50 mg,Ampoules,,5 Ampoules,
Cosopt Eye,,,Drops,,5 ml,
Cospo 10 Sachets 10 gm,,,,,,
Costareb 100 mg 30,,100 mg,Tablets,,30 Tablets,
Cough Rest - N 120 ml,,,Syrup,,120 ml,Dextromethorphan + Guaifenesin
Coughsed Paracetamol for Childern 12 Suppositories,15,,,,,Paracetamol
Coughsed Paracetamol for Infants 12 Suppositories,15,,,,,Paracetamol
Covalmet 20 Film Coated,,,Film Coated tablets,,,
Covaprendo 10 / 10 mg 30,,10 mg,Tablets,,30 Tablets,
Covaprendo 10 / 5 mg 30,,5 mg,Tablets,,30 Tablets,
Covaprendo 5 / 10 mg 20,,10 mg,Tablets,,20 Tablets,
Covaprendo 5 / 10 mg 30,,10 mg,Tablets,,30 Tablets,
Covaprendo 5 / 5 mg 20,,5 mg,Tablets,,20 Tablets,
Covaprendo 5 / 5 mg 30,,5 mg,Tablets,,30 Tablets,
Coveram 10 / 10 mg 15,,10 mg,Tablets,,15 Tablets,
Coveram 10 / 5 mg 15,,5 mg,Tablets,,15 Tablets,
Coversyl 10 mg 15,,10 mg,Tablets,,15 Tablets,
Coversyl 5 mg 30,,5 mg,Tablets,,30 Tablets,
Coversyl Plus 10/2.5 mg 15,,2.5 mg,Tablets,,15 Tablets,
Coversyl Plus 5/1.25 mg 15,,1.25 mg,Tablets,,15 Tablets,
Covi 14 Sachets,,,,,,
Coxorizet 60 mg 20 Film Coated,,60 mg,Film Coated Tablets,,,
Coxorizet 90 mg 30 Film Coated,,90 mg,Film Coated Tablets,,,
Coxritor 60 mg 30 Film Coated,,60 mg,Film Coated Tablets,,,
Coxtori 60 mg 14 Film Coated,,60 mg,Film Coated Tablets,,,
Coxtori 90 mg 14 Film Coated,,90 mg,Film Coated Tablets,,,
Cozaar 50 mg 14,,50 mg,Tablets,,14 Tablets,
Crackdol Foam 150 ml,,,,,150 ml,
Crackven Crio Foam 150 ml,,,,,150 ml,
Cranby 20,,,Capsules,,20 Capsules,
Credosan 100 mg 2,,100 mg,Tablets,,2 Tablets,
Crestatin 10 mg 30 Film Coated,,10 mg,Film Coated Tablets,,,
Crestatin 20 mg 30 Film Coated,,20 mg,Film Coated Tablets,,,
Crestatin 5 mg 30 Film Coated,,5 mg,Film Coated Tablets,,,
Crestor 10 mg 28,,10 mg,Tablets,,28 Tablets,Rosuvastatin
Crestor 20 mg 28 Film Coated,,20 mg,Film Coated Tablets,,,Rosuvastatin
Cross Step Massage Gel 75 gm,,,,,,
Croton Spary 30 ml,,,,,30 ml,
Cryoverd Massage Emulgel 50 gm,,,,,,
Cryptonaz 100 mg / 5 ml Powder for Oral Suspension 60 ml,,100 mg,,,5 ml,
Cryptonaz 500 mg 12,,500 mg,Tablets,,12 Tablets,
Cryptoper 100 mg / 5 ml Powder for Oral Suspension 60 ml,,100 mg,,,5 ml,
Cubizolid 200 mg 6,,200 mg,Tablets,,6 Tablets,
Cura Joint 1 Prefilled Syringe (Fridge),,,,,,
Curadic Cream 15 gm,,,,,,
Curam 1 gm 12,,,Tablets,,12 Tablets,
Curam 228.5 mg / 5 ml Powder for Oral Suspension 75 ml,,228.5 mg,,,5 ml,
Curam 457 mg / 5 ml Powder for Oral Suspension 70 ml,,457 mg,,,5 ml,
Curam 625 mg 12,,625 mg,Tablets,,12 Tablets,
Curam 642.9 mg / 5 ml Powder for Oral Suspension 75 ml,,642.9 mg,,,5 ml,
Curcomlox Plus 30 Liquid,,,Capsules,,,
Cure Aid Pharmagel Breast Discs 5 Packs,,,,,,
Curisafe 1 gm 8,,,Capsules,,8 Capsules,
Curisafe 100 mg / 1 ml Pediatric Oral,,100 mg,Drops,,1 ml,
Curisafe 125 mg / 5 ml Powder for Oral Suspension 60 ml,,125 mg,,,5 ml,
Curisafe 250 mg / 5 ml Powder for Oral Suspension 60 ml,,250 mg,,,5 ml,
Curisafe 500 mg / 5 ml Powder for Oral Suspension 60 ml,,500 mg,,,5 ml,
Cushion 10 gm 10 Sachets,,,,,,
Cutacort Cream 15 gm,,,,,,
Cute Agar Oral,,,Drops,,15 ml,
Cutical 30,,,Tablets,,30 Tablets,
Cutistad Spray 40 ml,,,,,40 ml,
Cutivate 0.05% Cream 15 gm,,,,,,
Cuxi Solution Oral Spray 60 ml,,,,,60 ml,
Cyanaro 1% Sterile Ophthalmic Solution 2.5 ml,,,,,5 ml,
Cybreak Massage Spray 100 ml,,,,,100 ml,
Cyclo - Progynova 21 Coated,,,Tablets,,,
Cycloflex 5 mg 20,,5 mg,Tablets,,20 Tablets,
Cyclogest 200 mg 15 Pessaries (Fridge),,200 mg,,,,
Cyclogest 400 mg 15 Pessaries (Fridge),,400 mg,,,,
Cyclophrine Sterile Eye,,,Drops,,5 ml,
Cymbalta 60 mg 28,,60 mg,Capsules,,28 Capsules,
Cymbatex 20 mg 30,,20 mg,Capsules,,30 Capsules,
Cymevene 500 mg Vial,,500 mg,,,,
Cyncholine 20,,,Capsules,,20 Capsules,
Cyncholine Plus 20,,,Capsules,,20 Capsules,
Cypentola 1% Ophthalmic Solution 15 ml,,,,,15 ml,
Cyrinol,,,Syrup,,60 ml,
D . Dep Oral,,,Drops,,15 ml,
D 10000 Pharmix 30 Film Coated,,,Film Coated Tablets,,,
D Pero Oral,,,Drops,,15 ml,
D. Dep 1000 Vitamin D3 1000 IU 30,45,,Capsules,,30 Capsules,Cholecalciferol
D. Dep 5000 Vitamin D3 1000 IU 30,45,,Capsules,,30 Capsules,Cholecalciferol
D.Dep 10000 IU 30,,,Capsules,,30 Capsules,
D3 - Tag 1000 IU Oral,,,Drops,,30 ml,
D3 & K2 20 Film Coated,,,Film Coated Tablets,,,
D3 2400 IU/ml Oral,,,Drops,,30 ml,
D3 Box Vitamin D3 200 I.U,45,,Drops,,15 ml,Cholecalciferol
D3 Candy for Adults 30 Pieces,,,,,,
D3 Candy For Children Chewable 30 Pieces,,,,,,
D3 Lab,,,Syrup,,120 ml,
D3 ODF 20 Films,,,,,,
Dabocase 20,,,Capsules,,20 Capsules,
Daextra Spray 30 ml,,,,,30 ml,
Daflofix 30 Film Coated,,,Film Coated Tablets,,,
Daflon 1000 mg 30,,1000 mg,Tablets,,30 Tablets,
Daflon 500 mg 30,,500 mg,Tablets,,30 Tablets,
Dafrex 15,,,Tablets,,15 Tablets,
Dafrocin 30 Hard Gelatin,,,Capsules,,,
Daily V Omega 3 Essential 30 Soft Gelatin,,,Capsules,,,Omega-3 fatty acids
Daivobet 30 gm Ointement,,,,,,
Daktacort Cream 15 gm (Fridge),,,,,,
Daktarin Cream 15 gm,,,,,,
Daktarin Oral Gel 40 gm,,,,,,
Dal Sight 30 Film Coated,,,Film Coated Tablets,,,
Dalacin - C -600 mg 4 ml 1 Ampoule,,600 mg,,,4 ml,
Dalacin -C- 300 mg 10,,300 mg,Capsules,,10 Capsules,
Dalacin 2% Vaginal Cream 16.5 gm,,,,,,
Daldrop Oral,,,Drops,,30 ml,
Dale Dal Vitamin D3 4000 IU 30 Hard Gelatin,45,,Capsules,,,Cholecalciferol
Dalkino 20 Film Coated,,,Film Coated Tablets,,,
Dalolife 10 Sachets,,,,,,
Dalukan 30 Sublingual,,,Tablets,,,
Dalukan Oral,,,Drops,,25 ml,
Danasetron,,4 mg,Ampoules,,2 ml,
Danica Massage Gel 100 ml,,,,,100 ml,
Danofran 8 mg 1 Ampoule,,8 mg,,,,
Danpito,,,Syrup,,120 ml,
Dantrelax 25 mg 30,,25 mg,Capsules,,30 Capsules,
Daonil 5 mg 30,,5 mg,Tablets,,30 Tablets,
Dapablix 5 mg 30,,5 mg,Tablets,,30 Tablets,
Dapaglif 10 mg 14,,10 mg,Tablets,,14 Tablets,
Dapaglif Plus 10 / 1000 mg XR 14,,1000 mg,Tablets,,14 Tablets,
Dapagliflozin - EVA Pharma 10 mg 30 Film Coated,,10 mg,Film Coated Tablets,Eva Pharma,,
Dapagliflozin - EVA Pharma 5 mg 30 Film Coated,,5 mg,Film Coated Tablets,Eva Pharma,,
Dapagloza 10 mg 30 Film Coated,,10 mg,Film Coated Tablets,,,
Dapagloza 5 mg 30 Film Coated,,5 mg,Film Coated Tablets,,,
Dapaveldactin 10 mg 28,,10 mg,Tablets,,28 Tablets,
Dapaveldactin 5 mg 28,,5 mg,Tablets,,28 Tablets,
Dapaveldactin Plus 5 / 1000 mg 28,,1000 mg,Tablets,,28 Tablets,
Dapaveldactin Plus 5/850 mg 28,,850 mg,Tablets,,28 Tablets,
Dapilart 10 mg 14 Film Coated,,10 mg,Film Coated Tablets,,,
Dapilart 10 mg 28 Film Coated,,10 mg,Film Coated Tablets,,,
Dapilart 5 mg 28 Film Coated,,5 mg,Film Coated Tablets,,,
Dapoxtard 60 mg 3,,60 mg,Tablets,,3 Tablets,
Dapsone 100 mg 20,,100 mg,Tablets,,20 Tablets,
Dapsone 50 mg 20,,50 mg,Tablets,,20 Tablets,
Daptomycin 500 mg Vial IV (Fridge),,500 mg,,,,
Darkovida Dietary Supplement 30,,,Capsules,,30 Capsules,Multivitamins
Dasatinib 50 mg 60 Film Coated,,50 mg,Film Coated Tablets,,,
Dasiword 50 mg 60 Film Coated,,50 mg,Film Coated Tablets,,,
Datrini 30,,,Tablets,,30 Tablets,
Davalindi 200000 I.U 2,,,Ampoules,,2 Ampoules,
Dawalexamine 30,,,Tablets,,30 Tablets,
Debacolev 500 mg 10,,500 mg,Tablets,,10 Tablets,
Debacolev 750 mg 10,,750 mg,Tablets,,10 Tablets,
Debeskon Suspension 120 ml,,,,,120 ml,
Debocaine 2% 20 mg/ml Vial 50 ml,,20 mg,,,50 ml,
Debospan,,,Syrup,,120 ml,
Decafortis 1 gm/4 ml 1,,,Ampoules,,4 ml,
Decal - B12,,,Syrup,,120 ml,
Decanerve 30 Hard Gelatin,,,Capsules,,,
Decapeptyl 0.1 mg( 7 ) Prefilled Syringes (Fridge),,0.1 mg,,,,
Decapreno 200000 IU,,,Ampoules,,2 ml,
Declophen 12.5 mg For Infantile 5 Suppositories (Fridge),,12.5 mg,,,,
Declophen 12.5 mg For Infantile 5 Suppositories (Fridge),,12.5 mg,,,,
Declophen 25 mg For Infantile 5 suppositories (Fridge),,25 mg,,,,
Declophen 50 mg 20,,50 mg,Tablets,,20 Tablets,
Declophen Adullt 100 mg 5 Suppositories (Fridge),,100 mg,,,,
Declophen Emulgel 30 gm,,,,,,
Declophen Plus 50 mg / 250 mg 30,,50 mg,Capsules,,30 Capsules,
Deconadal 10 mg 21,,10 mg,Tablets,,21 Tablets,
Deconadal 20 mg 21 Film Coated,,20 mg,Film Coated Tablets,,,
Decongestyl 12 Suppository,,,,,,
Decongestyl N 12 Suppositories,,,,,,
Dedent Oral,,,Drops,,15 ml,
Dedera,,,Drops,,15 ml,
Deep Freeze Fast Acting Gel 100 gm,,,,,,
Deep Freeze Gel Massage 125 ml,,,,,125 ml,
Deep Freeze Spray 125 ml,,,,,125 ml,
Deep Freeze Spray 150 ml,,,,,150 ml,
Deetrio 30,,,Tablets,,30 Tablets,
Defucin H Cream 30 gm,,,,,,
Dekadel Chrono 500 mg 30,,500 mg,Tablets,,30 Tablets,
Dekadel Oral Solution 125 ml,,,,,125 ml,
Delarex,,,Syrup,,60 ml,
Delecar Cream 50 gm,,,,,,
Delecar Gel 50 gm,,,,,,
Delepe 60 mg 3,,60 mg,Tablets,,3 Tablets,
Delepe 60 mg 6,,60 mg,Tablets,,6 Tablets,
Delmonkast 10 mg 14 Chewable,,10 mg,Tablets,,,
Deloitte Bone 30 Hard Gelatin,,,Capsules,,,
Deloitte Mag 20 Film Coated,,,Film Coated Tablets,,,
Deloitte Rose 20 Soft Gelatin,,,Capsules,,,
Delotax Vitamin D3 (4000 IU ) 60,45,,Tablets,,60 Tablets,Cholecalciferol
Delpanto 20 mg 14,,20 mg,Tablets,,14 Tablets,
Delpiramate 100 mg 30,,100 mg,Tablets,,30 Tablets,
Delpiramate 25 mg 10,,25 mg,Tablets,,10 Tablets,
Deltaclav 228.50 mg Powder for Oral Suspension 80 ml,,228.50 mg,,,80 ml,
Deltaclav 642.9 mg Powder for Oral Suspension 75 ml,,642.9 mg,,,75 ml,
Deltasone,,,Syrup,,120 ml,
Deltasone 0.75 mg 30,,0.75 mg,Tablets,,30 Tablets,
Deltavit (B12) 1000 mg 30,,1000 mg,Tablets,,30 Tablets,
Delzosin 500 mg 6 Film Coated,,500 mg,Film Coated Tablets,,,
Delzosin 600 mg 6,,600 mg,Tablets,,6 Tablets,
Demafight 5 mg 30,,5 mg,Tablets,,30 Tablets,
Demancortil 2 ml 1 Ampoule,,,,,2 ml,
Demas 10000 IU 30 Film Coated,,,Film Coated Tablets,,,
Densitin 30,,,Capsules,,30 Capsules,
Dentinox Infant Colic,,,Drops,,100 ml,
Dently - Dex Mouth Wash 125 ml,,,,,125 ml,
Denton Mouthwash with Clove Flavor 300 ml,,,,,300 ml,
Depa Dolls Massage Cream 100 g,,,,,,
Depakine 200 mg /ml Oral Solution 40 ml,,200 mg,,,40 ml,
Depakine 57.64 mg / ml,,57.64 mg,Syrup,,125 ml,
Depakine Chrono 500 mg 30,,500 mg,Tablets,,30 Tablets,
Depo Lutin 30 Hard Gelatin,,,Tablets,,,
Depo-Pen 1.2 IU.M 1 Vial,,,,,,
Depram 20 mg 20,,20 mg,Tablets,,20 Tablets,
Depratiox 10 mg 20 Film Coated,,10 mg,Film Coated Tablets,,,
Depreban 20 mg 10,,20 mg,Capsules,,10 Capsules,
Depretreve 20 mg 20,,20 mg,Capsules,,20 Capsules,
Depretreve 30 mg 20,,30 mg,Capsules,,20 Capsules,
Depretreve 60 mg 20,,60 mg,Capsules,,20 Capsules,
Deprezopent 10 mg 30 Film Coated,,10 mg,Film Coated Tablets,,,
Depzabid 0.5% Eye,,,Drops,,5 ml,
Dermactive Tricho - Act 60 Gummies,,,,,,
Dermaflutisone Cream 15 gm,,,,,,Paracetamol + Pseudoephedrine + Chlorpheniramine
Dermalina Psoriasis Skin Cream 100 gm,,,,,,
Dermatin Solution 20 ml,,,,,20 ml,
Dermo Calm Lotion 120 ml,,,,,120 ml,
Dermocort 15 gm Cream,,,,,,
Dermofix Cream 15 gm,,,,,,
Dermofix Powder 15 gm,,,,,,
Dermotracin Aerosol Powder 150 ml,,,,,150 ml,
Derol D3 30 Film Coated,,,Film Coated Tablets,,,
Derolaxe Massage Cream 50 mg,,50 mg,,,,
Deron 10 Sachets 15 gm,,,,,,
Dertrina 21 Film Coated,,,Film Coated Tablets,,,
Des Up Gel 60 gm,,,,,,
Descar Gel 10 gm,,,,,,
Deslorastamine,,,Syrup,,120 ml,
Deslorat 5 mg 20,,5 mg,Tablets,,20 Tablets,
Desmodjust 0.1 mg 30,,0.1 mg,Tablets,,30 Tablets,
Desmodjust 0.2 mg 30,,0.2 mg,Tablets,,30 Tablets,
Despruderm 0.05 % Cream 30 gm,,,,,,
Despruderm Topical Lotion 60 ml,,,,,60 ml,
Despruderm Topical Lotion 60 ml,,,,,60 ml,
Dessantaxine 50 mg 30,,50 mg,Tablets,,30 Tablets,
Detopy D3 Oral,,,Drops,,30 ml,
Detronin 5 mg 20,,5 mg,Tablets,,20 Tablets,
Devaferrin 20,,,Capsules,Eva Pharma,20 Capsules,
Devart B12 1000 mcg 30 Sublingual,,,Tablets,Eva Pharma,,
Devart C-Zinc 20,,,Tablets,Eva Pharma,20 Tablets,Zinc sulfate
Devart C-Zinc SR 20,,,Tablets,Eva Pharma,20 Tablets,Zinc sulfate
Devart D3 5000 I.U 30,,,Tablets,Eva Pharma,30 Tablets,
Devart Melatonin 3 mg 30,,3 mg,Tablets,Eva Pharma,30 Tablets,
Devart Zinc 30,,,Tablets,Eva Pharma,30 Tablets,Zinc sulfate
Devinio Gel 30 gm,,,,,,
Devodanad 5000 ( I.U )125 mg 50,,125 mg,Tablets,,50 Tablets,
Devodanad D3 2000 I.U 50,,,Tablets,,50 Tablets,
Dex - Panthenol 20 gm Cream,,,,,,
Dexaflox Eye,,,Drops,,5 ml,
Dexaglobe 14 mg 1,,14 mg,Ampoules,,1 Ampoules,
Dexamethasone - INAD Pharma 8 mg 3,,8 mg,Ampoules,,3 Ampoules,
Dexamethasone 10 mg 5,,10 mg,Ampoules,,5 Ampoules,
Dexamethasone 8 mg 5,,8 mg,Ampoules,,5 Ampoules,
Dexamethasone 8 mg 5,,8 mg,Ampoules,,5 Ampoules,
Dexathalm Ophthalmic Solution 20 Single Dose Units,,,,,,
Dexathalm Solution,,,Drops,,5 ml,
Dexatobrin,,,Drops,,5 ml,
Dexatrol Eye,,,Drops,,5 ml,
Dexatrol Ointment 5 gm,,,,,,
Dexawest 30 mg 14,,30 mg,Capsules,,14 Capsules,
Dexawest 60 mg 14,,60 mg,Capsules,,14 Capsules,
Dexazone 0.5 mg 20,,0.5 mg,Tablets,,20 Tablets,
Dexcoba 30 Sublingual,,,Tablets,,,
Dexiglofozin 10 mg 30 Film Coated Tablet,,10 mg,,,,
Dexiglofozin 5 mg 30 Film Coated Tablet,,5 mg,,,,
Dexiglofozin Plus XR 10 / 1000 mg 30 Film Coated,,1000 mg,Film Coated Tablets,,,
Dexiglofozin Plus XR 10 / 500 mg 30 Film Coated,,500 mg,Film Coated Tablets,,,
Dexketo Care 25 mg 30,,25 mg,Tablets,,30 Tablets,
Dexketo Care Topical Gel 60 gm,,,,,,
Dextra Fast 25 mg 20,,25 mg,Tablets,,20 Tablets,
Dextromylon,,,Syrup,,100 ml,
Dextrose 25% Intravenous Infusion 500 ml (Ostuca),,,,,500 ml,
Dextrose 5% Intravenous Infusion 500 ml With Cap (MUP),,,,,500 ml,
Dextrose MUP 25% Solution For IV Infusion 500 ml With Cap (MUP),,,,,500 ml,
DG - Wash Fluoride Mouthwash 350 ml,,,,,350 ml,Paracetamol + Pseudoephedrine + Chlorpheniramine
DG - Wash Menthol Mouthwash 350 ml,,,,,350 ml,
DG -Care Wash Clove Mouthwash 350 ml,,,,,350 ml,
DHAEPAL 500 gm,,,,,,
Diabenor 1 mg 10,,1 mg,Tablets,,10 Tablets,
Diabride 2 mg 10,,2 mg,Tablets,,10 Tablets,
Diacalderm Ointment 20 gm,,,,,,
Diacerein 50 mg 30,,50 mg,Capsules,,30 Capsules,
Diacurimap Plus 10/5 mg 30 Film Coated,,5 mg,Film Coated Tablets,,,
Diaflozimet 5 / 500 mg 30,,500 mg,Tablets,,30 Tablets,
Diamedizen 30 MR 30,,,Tablets,,30 Tablets,
Diamicron MR 30 mg 30,,30 mg,Tablets,,30 Tablets,
Diamicron MR 60 mg 30,,60 mg,Tablets,,30 Tablets,
Diamonrecta 20 mg 2,,20 mg,Tablets,,2 Tablets,
Diamonrecta 20 mg 4,,20 mg,Tablets,,4 Tablets,
Diamonrecta 20 mg 5 Orodispersible Films,,20 mg,,,,
Diastop Suspension 60 ml,,,,,60 ml,
Diavance 1.25/250 mg 30,,250 mg,Tablets,,30 Tablets,
Diavance 5 mg 30,,5 mg,Tablets,,30 Tablets,
Diax 200 mg 12,,200 mg,Capsules,,12 Capsules,
Diax 220 mg / 5 ml Suspension 60 ml,,220 mg,,,5 ml,
Diazocerine 50 mg 20,,50 mg,Capsules,,20 Capsules,
Dibavally 50 mg 28,,50 mg,Tablets,,28 Tablets,
Dibavally Plus 50/1000 mg 28,,1000 mg,Tablets,,28 Tablets,
Dicetel 100 mg 20,,100 mg,Tablets,,20 Tablets,
Diclac - N 4% Gel 30 gm,,,,,,
Diclac - N 4% Gel 50 gm,,,,,,
Diclac 75 mg 6,,75 mg,Ampoules,,6 Ampoules,
Diclasium 50 mg 30,,50 mg,Tablets,,30 Tablets,
Dicloferaz 50 mg 30 Dispersible,,50 mg,Tablets,,,
Dicloflam 50 mg 10,,50 mg,Tablets,,10 Tablets,
Diclonatrium 75 mg SR 20,,75 mg,Tablets,,20 Tablets,
Diclopro,,150 mg,Tablets,,,
Diclopro K 50 mg 10 Sachets,,50 mg,,,,
Diclopro Topical Gel 50 mg,,50 mg,,,,
Diclorapid 50 mg 30,,50 mg,Tablets,,30 Tablets,
Diclosp 75 mg 30,,75 mg,Tablets,,30 Tablets,
Dicynone 250 mg 3,,250 mg,Ampoules,,3 Ampoules,
Dicynone 500 mg 14,,500 mg,Tablets,,14 Tablets,
Dienodiva,,2 mg,Film Coated Tablets,,,
Dienodiva,,2 mg,Film Coated Tablets,,,
Diflucan 150 mg 1,,150 mg,Capsules,,1 Capsules,Paracetamol + Pseudoephedrine + Chlorpheniramine
Diflucan 50 mg 7,,50 mg,Capsules,,7 Capsules,Paracetamol + Pseudoephedrine + Chlorpheniramine
Dig One 20,,,Capsules,,20 Capsules,
Digenorm,,,Syrup,,120 ml,
Digerbal 30 Hard Gelatin,,,Capsules,,,
Digest 365  30,,,Capsules,,30 Capsules,
Digestin 20,,,Tablets,,20 Tablets,
Digestozyme 200 mg / 50 mg 20,,200 mg,Tablets,,20 Tablets,
Digestozyme 200 mg / 50 mg 20,,200 mg,Tablets,,20 Tablets,
Digicomag 30 Chewable,,,Tablets,,,
Diglifloz 10 mg 30,,10 mg,Tablets,,30 Tablets,
Diglifloz 5 mg 30 Film,,5 mg,Tablets,,,
Diglifloz Plus 5 mg / 850 mg 30 Film Coated Tablet,,5 mg,,,,
Dilatrol 25 mg 30,,25 mg,Tablets,,30 Tablets,
Dilatrol 6.25 mg 30,,6.25 mg,Tablets,,30 Tablets,
Dillengo,,,Syrup,,120 Ml,
Diltiarect 2% Rectal Cream 30 gm (Fridge),,,,,,
Dimaklaric 21,,,Tablets,,21 Tablets,
Dinitra 10 mg 60,,10 mg,Tablets,,60 Tablets,
Dinitra 5 mg 30,,5 mg,Tablets,,30 Tablets,
Dinonosis 2 mg 28,,2 mg,Tablets,,28 Tablets,
Diomacte Oral Suspention 60 ml,,,,,60 ml,
Diosed -C 500 mg 20,,500 mg,Tablets,,20 Tablets,
Diosimax 600 mg 20,,600 mg,Tablets,,20 Tablets,
Diosmin Plus 500 mg 30,,500 mg,Tablets,,30 Tablets,
Dioven 500 mg 20,,500 mg,Tablets,,20 Tablets,
Diprivan(Disoprivan) 1% 10 mg /1 ml 5,,10 mg,Ampoules,,1 ml,
Diprocortin 1 Ampoule 2 ml,,,,,2 ml,
Diprosalic Lotion 30 ml,,,,,30 ml,
Diprosalic Topical Ointment 15 gm,,,,,,
Diprosalic Topical Ointment 30 gm,,,,,,
Diprosone 0.05% Cream 10 gm,,,,,,
Diprosone 0.05% Cream 30 gm,,,,,,
Disartan 160 mg 14,,160 mg,Capsules,,14 Capsules,
Disartan 80 mg 14,,80 mg,Capsules,,14 Capsules,
Disartan CO 160 mg 14,,160 mg,Capsules,,14 Capsules,
Disartan CO 80/12.5 mg 14,,12.5 mg,Capsules,,14 Capsules,
Disflatyl 30,,,Tablets,,30 Tablets,
Disler Mouthwash 200 ml,,,,,200 ml,
Dispatigra 10 mg 4,,10 mg,Tablets,,4 Tablets,
Dispercam 10 mg 20 Dispersible,,10 mg,Tablets,,,
Dispercam 20 mg 10 Dispersible,,20 mg,Tablets,,,
Dispercam 20 mg 5 Suppositories,,20 mg,,,,
Dispercam 20 mg 6,,20 mg,Ampoules,,6 Ampoules,
Dispercam 30 gm Gel,,,,,,
Disprelone (OD) 5 mg 30 Films,,5 mg,,,,
Disprelone O.D 20 mg 30,,20 mg,Tablets,,30 Tablets,
Distilled Water For Injection 120 Ampoule 5 ml,,,,,5 ml,
Distilled. Water For Injectionl 1 Ampoule 5 ml,,,,,5 ml,
Diusex 20 mg 5,,20 mg,Ampoules,,5 Ampoules,
Diusex 40 mg 5,,40 mg,Ampoules,,5 Ampoules,
Divakote E.R 250 mg 20,,250 mg,Tablets,,20 Tablets,
Divigoonz D3 Oral,,,Drops,,15 ml,
Diviton - D Forte 10.000 IU / ml Oral,,,Drops,,,
Diviton - D Forte 4000 IU / ml Oral,,,Drops,,20 ml,
Divozine Cream 30 gm,,,,,,
Divozine Lotion 120 ml,,,,,120 ml,
Dixvit 10000 I.U 20,,,Tablets,,20 Tablets,
Dizirest B6 20,,,Tablets,,20 Tablets,
DK White D3 + K2 30 Hard Gelatin,,,Capsules,,,
DK White D3 + K2 60 Hard Gelatin,,,Capsules,,,
Dobutamine 1 Ampoule (Fridge),,,,,,
Docavarico 10 mg/ 2 ml 5,,10 mg,Ampoules,,2 ml,
Docavarico 20 mg / 2 ml 5,,20 mg,Ampoules,,2 ml,
Dofy 10 Sachets,,,,,,
Dogmatil 50 mg 30,,50 mg,Capsules,,30 Capsules,
Dogmatil Fort 200 mg 10,,200 mg,Tablets,,10 Tablets,
Dolabactin 400 mg 5,,400 mg,Tablets,,5 Tablets,
Dolarex Massage Gel 100 gm,,,,,,
Dolcyl (M) 2 mg / 1000 mg 20,,2 mg,Tablets,,20 Tablets,
Dolcyl 1 mg 30,,1 mg,Tablets,,30 Tablets,
Dolcyl 2 mg 30,,2 mg,Tablets,,30 Tablets,
Dolcyl 3 mg 30,,3 mg,Tablets,,30 Tablets,
Dolcyl 4 mg 30,,4 mg,Tablets,,30 Tablets,
Dolcyl 6 mg 30,,6 mg,Tablets,,30 Tablets,
Dolcyl M 2 mg / 500 mg 20,,2 mg,Tablets,,20 Tablets,
Doliprane 1000 mg 15,,1000 mg,Tablets,,15 Tablets,
Doliprane 1000 mg 8 Sachets,,1000 mg,,,,
Dolitt Cream 50 gm,,,,,,
Dollyve Baby Cream 60 gm,,,,,,
Dolo D Plus 20,,,Tablets,,20 Tablets,
Dolo-D 30 mg 20,,30 mg,Tablets,,20 Tablets,
Dolo-D Plus Suspension 115 ml,,,,,115 ml,
Dolo-D Suspension 60 ml,,,,,60 ml,
Dolphin - K 50 mg 20,,50 mg,Tablets,,20 Tablets,
Dolphin - K 75 mg 3 ml 6,,75 mg,Ampoules,,3 ml,
Dolphin - K 75 mg SR 20,,75 mg,Capsules,,20 Capsules,
Dolphin 75 mg / 3 ml 3,,75 mg,Ampoules,,3 ml,
Dolphin 75 mg 3 ml 3,,75 mg,Ampoules,,3 ml,
Donaferon 20 Sachets,,,,,,
Donaferon Plus 20,,,Capsules,,20 Capsules,
Donazepine 14 mg/10 mg 20,,14 mg,Capsules,,20 Capsules,
Donazepine 28 mg/10 mg 20,,28 mg,Capsules,,20 Capsules,
Donazil 5 mg 30,,5 mg,Tablets,,30 Tablets,
Donazil 5 mg 30 Orally Disintegrating Tablet,,5 mg,,,,
Donepezil 10 mg 14,,10 mg,Tablets,,14 Tablets,
Donepezil 5 mg 14,,5 mg,Tablets,,14 Tablets,
Donifoxate 40 mg 30,,40 mg,Tablets,,30 Tablets,
Donifoxate 80 mg 30,,80 mg,Tablets,,30 Tablets,
Dopa Plus,,,Syrup,,75 ml,
Dopagon 2.5 mg 20,,2.5 mg,Tablets,,20 Tablets,
Dopaminect 1 mg 20,,1 mg,Tablets,,20 Tablets,
Doppelherz Aktiv Active-Meno 30,,,Tablets,,30 Tablets,
Doppelherz Aktiv Iron Direct 20 Sachets,50,,,,,Ferrous sulfate
Doppelherz Aktiv Magnesium + Calcium + D3 20 Sachets,35,,,,,Magnesium oxide
Doppelherz Aktiv Vital Materna Plus 30,,,Capsules,,30 Capsules,
Dorofen 30,,,Capsules,,30 Capsules,
Dorziborg 2% Ophthalmic Solution 5 ml,,,,,5 ml,
Dorzolamol Eye,,,Drops,,5 ml,
Dorzolatimo Ophthalmic Solution 5 ml,,,,,5 ml,
Dosin 1 mg 20,,1 mg,Tablets,,20 Tablets,
Dosin 2 mg 20,,2 mg,Tablets,,20 Tablets,
Dosin 4 mg 20,,4 mg,Tablets,,20 Tablets,
Dostilact 0.5 mg 2,,0.5 mg,Tablets,,2 Tablets,
Dostilact 0.5 mg 4,,0.5 mg,Tablets,,4 Tablets,
Dostinex 0.5 mg 2,,0.5 mg,Tablets,,2 Tablets,
Double Beauty Esscarox Silicone Gel 40 ml,,,,,40 ml,
Doumega 30 mg / 50 mg 8 Film Coated,,30 mg,Film Coated Tablets,,,
Doumega 60 mg / 100 mg 8 Film Coated,,60 mg,Film Coated Tablets,,,
Downsterolin 10/20 mg 28,,20 mg,Tablets,,28 Tablets,
Downsterolin 10/40 mg 28,,40 mg,Tablets,,28 Tablets,
Doxiprazol 30 mg 14,,30 mg,Capsules,,14 Capsules,
Doxiproct Ointment 30 gm,,,,,,
Doxiproct Plus Ointment 30 gm,,,,,,
Doxirazol 60 mg 14,,60 mg,Capsules,,14 Capsules,
Doxium 500 mg 30,,500 mg,Capsules,,30 Capsules,
Doxydox 100 mg 10,,100 mg,Capsules,,10 Capsules,
Doxymycin 100 mg 10,,100 mg,Capsules,,10 Capsules,
Dozova Alpha Lipoic Acid 600 mg 30 Film Coated,,600 mg,Film Coated Tablets,CID,,Omeprazole
Dozova Flexeta 30 Film Coated,,,Film Coated Tablets,,,
Dozova Flexeta 60 Film Coated,,,Film Coated Tablets,,,
Dozova Melatonin 5 mg 30 Hard Gelatin,,5 mg,Capsules,,,
Dozova NAD+ 60 Hard Gelatin,,,Capsules,,,
Dozova Q10 - CO enzyme 30,,,Capsules,,30 Capsules,
Dozova Woman Max 30,,,Tablets,,30 Tablets,
Dr. Koool Fever Gel Cooling Patch for Babies and Children with Apple Flavor 2 Pieces,,,,,,Paracetamol
Dr. Koool Fever Gel Cooling Patch for Babies and Children with Mint Flavor 2 Pieces,,,,,,Paracetamol
Dr. Oxygen Beauty Lite 30,,,Capsules,,30 Capsules,
Dr. Oxygen Calcium 30,35,,Tablets,,30 Tablets,Calcium carbonate
Dr. Oxygen For Bone & Joint 7 Sachets,,,,,,
Dr. Oxygen Immunity Kids,,,Syrup,,120 ml,
Dr. Oxygen Vitamin D Oral,45,,Drops,,15 ml,Cholecalciferol
Dramenex 50 mg 20,,50 mg,Tablets,,20 Tablets,
Draviron 20 Film Coated,50,,Film Coated Tablets,,,Ferrous sulfate
Dreamotec Aid 20,,,Tablets,,20 Tablets,
Drinking Powder 10 Sachets,,,,,,
Drinking Powder 100 mg,,100 mg,,,,
Dropagar Oral,,,Drops,,15 ml,
Dropegen Oral,,,Drops,,30 Ml,
Dropiflox Otic,,,Drops,,15 ml,
Dropiflox Otic,,,Drops,,5 ml,
Dropmas Massage Gel 100 gm,,,,,,
Drospadiol 3 / 0.3 mg 21 Film Coated,,0.3 mg,Film Coated Tablets,,,
Drospifem 3/0.03 mg 21,,0.03 mg,Tablets,,21 Tablets,
Drospinetta 4 mg 28,,4 mg,Tablets,,28 Tablets,
Drovast Cream 30 ml,,,,,30 ml,
Dry Tropan 2.5 mg / 5 ml,,2.5 mg,Syrup,,5 ml,
Dudomez 40/1100 mg 10,,1100 mg,Capsules,,10 Capsules,
Dueceptiol 21 Film Coated,,,Film Coated Tablets,,,
Dufaximin 200 mg 28,,200 mg,Tablets,,28 Tablets,
Dufaximin 550 mg 28,,550 mg,Tablets,,28 Tablets,
Dulagen 10 Sachets,,,,,,
Dulopressive 20 mg 30,,20 mg,Capsules,,30 Capsules,
Dulopressive 60 mg 30,,60 mg,Capsules,,30 Capsules,
Duloxeprin 60 mg 28,,60 mg,Capsules,,28 Capsules,
Duloxifutal30 mg 30,,30 mg,Capsules,,30 Capsules,
Duodart 0.5 mg /0.4 mg 30,,0.5 mg,Capsules,,30 Capsules,
Duoeffectum,,,Drops,,10 ml,
Duotrav Eye,,,Drops,,5 ml,
Duphalac,,,Syrup,,200 ml,
Duracin 1 mg 21,,1 mg,Tablets,,21 Tablets,
Durafos1 Ampoule 2 ml,,,,,2 ml,
Duricef 1 gm 6 Dispersible,,,Tablets,,,
Duricef 1 gm 8,,,Tablets,,8 Tablets,
Duricef 125 mg /5 ml Powder For Oral Suspension 60 ml,,125 mg,,,5 ml,
Duricef 250 mg /5 ml Powder For Oral Suspension 60 ml,,250 mg,,,5 ml,
Duricef 500 mg 12,,500 mg,Capsules,,12 Capsules,
Duricef 500 mg Powder For Oral Suspension 60 ml,,500 mg,,,60 ml,
Dury 10 Sachets,,,,,,
Duspatalin Retard 200 mg 30,,200 mg,Capsules,,30 Capsules,
Duvadilan 20 mg 30,,20 mg,Tablets,,30 Tablets,
Dyspa - East 360 mg 20,,360 mg,Capsules,,20 Capsules,
E-Mox 1 gm 1 Vial,,,,,,
E-mox 125 mg / 5 ml Suspension 80 ml,,125 mg,,,5 ml,
E-Mox 250 mg/5 ml Powder for Oral Suspension 80 ml,,250 mg,,,5 ml,
E-Mox 500 mg 1 Vial,,500 mg,,,,
E-Mox 500 mg 16,,500 mg,Capsules,,16 Capsules,
E-Moxclav 1 gm 10,,,Tablets,,10 Tablets,
E-Moxclav 156 mg Powder for Oral Suspension 60 ml,,156 mg,,,60 ml,
E-Moxclav 228.5 mg Powder for Oral Suspension 75 ml,,228.5 mg,,,75 ml,
E-Moxclav 375 mg 10,,375 mg,Tablets,,10 Tablets,
E-Moxclav 625 mg 10,,625 mg,Tablets,,10 Tablets,
E-Yeast 20,,,Capsules,,20 Capsules,
Eadbaz C,,,Syrup,,125 ml,
Easy Roll Massage Lotion 50 gm,,,,,,
Easyferrin Oral,,,Drops,,10 ml,
Eau De Mer Isotonic Spray 100 ml,,,,,100 ml,
Ebafer 20 Sachets 5 gm,,,,,,
Ebaglow Cream For Acne Prone Skin 20 gm,,,,,,
Ebastel,,,Syrup,,100 ml,
Ebastel 10 mg 10,,10 mg,Tablets,,10 Tablets,
Ebastine-Borg,,,Syrup,,60 ml,
Ecoff Cream 50 gm,,,,,,
Ecolla 30 Film Coated,,,Film Coated Tablets,,,
Econopred Plus 1% Eye Drop 5 ml,,,,,5 ml,
Ecoto 20 Pieces,,,,,,
Ectohylo Eye,,,Drops,,20 Ampoules,
Ectoin Allergy Adult 2 Eye,,,Drops,,10 Ampoules,Loratadine
Ectoin Allergy Kids Eye,,,Drops,,10 Ampoules,Loratadine
Ectomethrin 5 % Adult Emulsion 50 ml,,,,,50 ml,
Ectonex Adult Nasal Spray 20 ml,,,,,20 ml,
Ectonex Kids Nasal Spray 20 ml,,,,,20 ml,
Eczanogab 2% Topical Ointment 15 g,,,,,,
Edabone,,,Syrup,,12 ml,
Edemex 1 mg 20,,1 mg,Tablets,,20 Tablets,
Edicin 1 gm Vial,,,,,,
Edicin 500 mg Vial,,500 mg,,,,
Edobronch,,,Syrup,,120 ml,
Edoepa 30 Soft Gelatin,,,Capsules,,,
Eduropan 8 mg 20,,8 mg,Tablets,,20 Tablets,
Efalex 30,,,Capsules,,30 Capsules,
Efalex Liquid 120 ml,,,,,120 ml,
Efectinix 5 mg 20,,5 mg,Tablets,,20 Tablets,
Efemyo Eye,,,Drops,,10 ml,
Efexor XR 75 mg 14,,75 mg,Capsules,,14 Capsules,
Efexor-XR 150 mg 14,,150 mg,Capsules,,14 Capsules,
Effecturin 40 mg 20,,40 mg,Tablets,,20 Tablets,
Effecturin 80 mg 20,,80 mg,Tablets,,20 Tablets,
Effegad 150 mg 28,,150 mg,Capsules,,28 Capsules,
Effegad 75 mg 14,,75 mg,Capsules,,14 Capsules,
Effegad 75 mg 30,,75 mg,Capsules,,30 Capsules,
Effegad XR 37.5 mg 28,,37.5 mg,Capsules,,28 Capsules,
Eflotism Cream 15 gm,,,,,,
Efucisan 1% Viscous Eye,,,Drops,,,
Egunaz D3 Oral,,,Drops,,10 ml,
Egy Dronate 2,,,Tablets,,2 Tablets,
Egy Pedical Plus,,,Syrup,,100 ml,
Egy Seven Colocynth Massage Ointment 150 ml,,,,,150 ml,
Egy Totavit,,,Syrup,,100 ml,
Egy-Cal 30,,,Capsules,,30 Capsules,
Egycofer Sachets 10 gm,,,,,,
Egycusate 20 mg / 5 ml,,20 mg,Syrup,,5 ml,
Egycusate Plus 30,,,Tablets,,30 Tablets,
Egygastreaz 100 mg/5 ml Powder For Oral Suspension 60 ml,,100 mg,,,5 ml,
Egygastreaz 500 mg 20,,500 mg,Tablets,,20 Tablets,
Egymov 30 Film Coated,,,Film Coated Tablets,,,
Egynir 125 mg/5 ml Powder For Oral Suspension 60 ml,,125 mg,,,5 ml,
Egynir 300 mg 10,,300 mg,Capsules,,10 Capsules,
Egypro 5 mg 30,,5 mg,Tablets,,30 Tablets,
Egyurso 500 mg 7 Film Coated,,500 mg,Film Coated Tablets,,,
Ekmasonid 9 mg 10,,9 mg,Tablets,,10 Tablets,
Elanoglo 30 Film Coated,,,Film Coated Tablets,,,
Elarpic 20 mg 20,,20 mg,Tablets,,20 Tablets,
Elay Iso Spray 70 ml,,,,,70 ml,
Elay Spray 120 ml,,,,,120 ml,
Elballerge Oral Suspension,,,Syrup,,100 ml,
Elbaluran 120 mg 30,,120 mg,Tablets,,30 Tablets,
Elbaluran 40 mg 30,,40 mg,Tablets,,30 Tablets,
Elbaluran 80 mg 30,,80 mg,Tablets,,30 Tablets,
Elbavit,,,Syrup,,60 ml,
Elbavit,,,Syrup,,60 ml,
Electro Mash Solution - Apple Flavor 300 ml,,,,,300 ml,
Electro Mash Solution - Cherry Flavor 300 ml,,,,,300 ml,
Electro Mash Solution - Grape Flavor 200 ml,,,,,200 ml,
Electro Mash Solution - Grape Flavor 300 ml,,,,,300 ml,
Electro Mash Solution - Strawberry Flavor 300 ml,,,,,300 ml,
Elevamood 20 mg 28,,20 mg,Capsules,Eva Pharma,28 Capsules,
Elevit Pronatal 30,,,Tablets,,30 Tablets,
Elicasal 30 gm Ointment,,,,,,
Elidel Cream 1% 30 gm,,,,,,
Elidel Cream 15 gm,,,,,,
Eligodosin 8 mg 30 Hard Gelatin,,8 mg,Capsules,,,
Elimolivan 10/160 mg 28,,160 mg,Tablets,,28 Tablets,
Elimolivan 5/160 mg 28,,160 mg,Tablets,,28 Tablets,
Eliquis 2.5 mg 20,,2.5 mg,Tablets,,20 Tablets,
Eliquis 5 mg 20,,5 mg,Tablets,,20 Tablets,
Elixo Pura 6,,,Syrup,,80 ml,
Elixozolid,,2 mg,,,300 ml,
Elixozolid 600 mg 10,,600 mg,Tablets,,10 Tablets,
Elocortin Cream 15 gm,,,,,,
Elocortin Plus Cream 15 mg,,15 mg,,,,
Eltroxin 100 mcg 100,,,Tablets,,100 Tablets,
Eltroxin 50 mcg 100,,,Tablets,,100 Tablets,
Ema Itopride 50 mg 30,,50 mg,Tablets,,30 Tablets,
Emacardin 450 mg 20,,450 mg,Capsules,,20 Capsules,
Emana 10 Sachets 15 gm,,,,,,
Emax Cream 50 gm,,,,,,
Emax Massage Gel 50 gm,,,,,,
Embrositol Forte 3 : 6 : 1 30 Film Coated,,,Film Coated Tablets,,,
Emegrand I.V Vial 1.5 ml,,,,,5 ml,
Emegrand Vial 5 ml,,,,,5 ml,
Emend 125/80 mg 3,,80 mg,Capsules,,3 Capsules,
Emerest 4 mg 5,,4 mg,Ampoules,,5 Ampoules,
Emerest 8 mg 10,,8 mg,Tablets,,10 Tablets,
Emerest 8 mg 3,,8 mg,Ampoules,,3 Ampoules,
Emetrex 50 mg 20,,50 mg,Tablets,,20 Tablets,
Emetrex N 50 mg 3,,50 mg,Ampoules,,3 Ampoules,
Emgality 120 mg / ml 1 Prefilled Pen (Fridge),,120 mg,,,,
Emoflon Rectal Ointment 25 gm,,,,,,
Empacombomet XR 12.5 / 1000 30 Extended Release Film Coated,,,Film Coated Tablets,,,
Empacombomet XR 25 / 1000 30 Extended Release Film Coated,,,Film Coated Tablets,,,
Empacoza Plus 10/5 mg 30,,5 mg,Tablets,,30 Tablets,
Empacoza Plus 25/5 mg 30,,5 mg,Tablets,,30 Tablets,
Empacoza Trio XR 25 / 5 / 1000 30 Extended Release Film Coated,,,Film Coated Tablets,,,
Empacyrl 10 / 5 mg 30 Film Coated,,5 mg,Film Coated Tablets,,,
Empacyrl 25 / 5 mg 30 Film Coated,,5 mg,Film Coated Tablets,,,
Empagliform 12.5/1000 mg 30,,1000 mg,Tablets,,30 Tablets,
Empagliform 12.5/500 mg 30,,500 mg,Tablets,,30 Tablets,
Empagliform 5/1000 mg 30,,1000 mg,Tablets,,30 Tablets,
Empagliform 5/500 mg 30,,500 mg,Tablets,,30 Tablets,
Empagliform Xr 10 / 1000 mg 30,,1000 mg,Tablets,,30 Tablets,
Empagliform XR 25 / 1000 mg 30,,1000 mg,Tablets,,30 Tablets,
Empaglutech 10 mg 30 Film Coated,,10 mg,Film Coated Tablets,,,
Empir G 30 Chewable,,,tablets,,,
Empir G 30 Chewable,,,tablets,,,
Enalapril 20 mg 10,40,20 mg,Tablets,,10 Tablets,Enalapril
Enaro Iron 30 Hard Gelatin,50,,Capsules,,,Ferrous sulfate
EnaroBeful 30 Hard Gelatin,,,Capsules,,,
Enbrel 25 mg 4 Prefilled Syringes (Fridge),,25 mg,,,,
Enbrel 50 mg 4 Prefilled Syringes (Fridge),,50 mg,,,,
Endlixaban 2.5 mg 30 Film Coated,,2.5 mg,Film Coated Tablets,,,
Endlixaban 5 mg 20,,5 mg,Tablets,,20 Tablets,
Endlixaban 5 mg 30 Film Coated,,5 mg,Film Coated Tablets,,,
Endodrava 2 mg 28,,2 mg,Tablets,,28 Tablets,
Endometrin 100 mg 21 Vaginal,,100 mg,Tablets,,,
Endoxan 1 gm 1 Vial,,,,,,
Endoxan 200 mg 1 Vial,,200 mg,,,,
Endoxan 50 mg 50,,50 mg,Tablets,,50 Tablets,
Endsav 30,,,Tablets,,30 Tablets,
Eneas 10 / 20 mg 30,,20 mg,Tablets,,30 Tablets,
Enemacort 4,,,Tablets,,4 Tablets,
Enera Collagen Joint Support 10 Sachets,,,,,,
Enertox 30 Film Coated,,,Film Coated Tablets,,,
Enerzad Extra 30 Film Coated,,,Film Coated Tablets,,,
Enerzair 150/50/160 mcg 30,,,Capsules,,30 Capsules,
Enhantin 400 mg 30 Hard Gelatin,,400 mg,Capsules,,,
Enhertu 100 mg 1 Vial (Fridge),,100 mg,,,,
Ennervita 14,,,Capsules,,14 Capsules,
Ennervita Kids 30 Chewable,,,Tablets,,,
Ennervita Rich 30 Hard Gelatin,,,Capsules,,,
Enoxirt 0.5 gm 1 Vial I.V,,,,,,
Enoxirt 1 gm (I.M) 1 Vial,,,,,,
Enrich Plus 14,,,Capsules,,14 Capsules,
Ensudyne 15 mg 7,,15 mg,Tablets,,7 Tablets,
Ensudyne 30 mg 7,,30 mg,Tablets,,7 Tablets,
Enterogermina 2 Billion 5 ml 10 Mini Bottle,,,,,5 ml,
Enteroquin 250 mg 20,,250 mg,Tablets,,20 Tablets,
Enzo Movin Massage Cream 80 gm,,,,,,
Enzyherb 20 Hard Gelatin,,,Capsules,,,
Enzymatryps 30 Enteric Coated,,,Tablets,,,
Enzymax Dual Release 10 Double,,,Capsules,,,
Enzymax Duo Biotics 10 Double,,,Capsules,,,
Enzymorave 30 Enteric Coated,,,Tablets,,,
Eperical 100 mg 30 Film Coated,,100 mg,Film Coated Tablets,,,
Eperical 50 mg 30 Film Coated,,50 mg,Film Coated Tablets,,,
Ephedrine 25 mg 100,,25 mg,Ampoules,,100 Ampoules,Ephedrine
Ephedrine 30 mg/1 ml 1 Ampoule,,30 mg,,,1 ml,Ephedrine
Ephricetamol 10,,,Capsules,,10 Capsules,
EPI Dinitra 5 mg 30 Sublingual,,5 mg,Tablets,,,
Epiao 4000 IU (Fridge),,,,,,
Epicephin 0.5 gm I.M Vial,,,,,,
Epicephin 0.5 gm I.V Vial,,,,,,
Epicephin 1 gm (I.M) Vial,,,,,,
Epicephin 1 gm I.V Vial,,,,,,
Epicephin 2 gm I.V Vial,,,,,,
Epicocillin 1 gm 1 Vial,,,,,,
Epicocillin 500 mg 1 Vial,,500 mg,,,,
Epicocillin 500 mg 16,,500 mg,Capsules,,16 Capsules,
Epicogel Suspension 180 ml,,,,,180 ml,
Epicomb Topical Cream 15 gm,,,,,,
Epicomb Topical Ointment 15 gm,,,,,,
Epicopentin 100 mg 30,,100 mg,Capsules,,30 Capsules,
Epicopentin 300 mg 30,,300 mg,Capsules,,30 Capsules,
Epicopentin 400 mg 30,,400 mg,Capsules,,30 Capsules,
Epicopentin 600 mg 30,,600 mg,Capsules,,30 Capsules,
Epicopentin 800 mg 30,,800 mg,Capsules,,30 Capsules,
Epicophylline,,,Syrup,,125 ml,
Epicophylline Phenobarbitone,,,Syrup,,125 ml,
Epicopred 5 mg 30 Orodispersible,,5 mg,Tablets,,,
Epicotil 20 mg 10 Film Coated,,20 mg,Film Coated Tablets,,,
Epicotil 20 mg 3 Vial 2 ml,,20 mg,,,2 ml,
Epicotil 20 mg 5 Suppositories (Fridge),,20 mg,,,,
Epicozym,,,Syrup,,125 ml,
Epidexone 0.1 % Eye & Ear,,,Drops,,5 ml,
Epidexone Eye Ointment 5 gm,,,,,,
Epidexone Plus Eye,,,Drops,,5 ml,
Epidron 4 mg/ml Vial 2 ml,,4 mg,,,2 ml,
Epifasi 5000 IU 1,,,Ampoules,,1 Ampoules,
Epifenac 0.1% 1 mg/ ml Eye,,1 mg,Drops,,5 ml,
Epifenac 100 mg 10 Sustained Release Film Coated,,100 mg,Film Coated Tablets,,,
Epifenac 100 mg 5 Suppositories (Fridge),,100 mg,,,,
Epifenac 12.5 mg 5 Suppositories (Fridge),,12.5 mg,,,,
Epifenac 25 mg 5 Suppositories (Fridge),,25 mg,,,,
Epifenac 50 mg 20,,50 mg,Tablets,,20 Tablets,
Epifenac 75 mg 3,,75 mg,Ampoules,,3 Ampoules,
Epifenac SR 75 mg 10 Sustained Release Film Coated,,75 mg,Film Coated Tablets,,,
Epigent 20 mg 3,,20 mg,Ampoules,,3 Ampoules,
Epigent 80 mg 3,,80 mg,Ampoules,,3 Ampoules,
Epigonal 75 mg 1 Ampoule (Fridge),,75 mg,,,,
Epikavit 10 mg 3,,10 mg,Ampoules,,3 Ampoules,
Epilat 10 mg 30,,10 mg,Capsules,,30 Capsules,
Epilat Retard 20 mg 20,,20 mg,Tablets,,20 Tablets,
Epimiraflu 75 mg 10 Gelatin,,75 mg,Capsules,,,Paracetamol + Pseudoephedrine + Chlorpheniramine
Epinephrine 0.25 mg 25,,0.25 mg,Ampoules,,25 Ampoules,
Epinephrine 1 mg 100,,1 mg,Ampoules,,100 Ampoules,
Epinor 400 mg 14,,400 mg,Tablets,,14 Tablets,
Epinosine-B-Forte 3,,,Ampoules,,3 Ampoules,
Epiphenicol 1% Sterile Eye Ointment 5 gm,,,,,,
Epiquantel 600 mg 4,,600 mg,Tablets,,4 Tablets,
Epirazole 40 mg 10,,40 mg,Capsules,,10 Capsules,
Epirelefan 40 mg/1 ml 1 Vial,,40 mg,,,1 ml,
Epirizine,,,Syrup,,60 ml,
Epirizine Oral,,,Drops,,10 ml,
Epirovastin 10 mg 14 Scored Film Coated,,10 mg,Film Coated Tablets,,,
Epirovastin 10 mg 7 Scored Film Coated,,10 mg,Film Coated Tablets,,,
Epirovastin 20 mg 7 Film Coated,,20 mg,Film Coated Tablets,,,
Epirovastin 40 mg 14 Film Coated,,40 mg,Film Coated Tablets,,,
Episalpride 50 mg 20,,50 mg,Tablets,,20 Tablets,
Episopt 5 ml Eye,,,Drops,,5 ml,
Epistigmin 0.05 mg 5,,0.05 mg,Ampoules,,5 Ampoules,
Epistigmin 0.25 mg Vial 5 ml,,0.25 mg,,,5 ml,
Epitaxol 0.5 %Eye,,,Drops,,5 ml,
Epitens 30,,,Tablets,,30 Tablets,
Epizithro 500 mg 3,,500 mg,Capsules,,3 Capsules,
Epizithro Oral Suspension 30 ml,,,,,30 ml,
Epizithro Powder For Oral Suspension 15 ml,,,,,15 ml,
Epizolone-Depot 40 mg 1 Vial,,40 mg,,,,
Epoetin 4000 IU (Fridge),,,,,,
Eposino 4000 IU Syringe (Fridge),,,,,,
Eprex 4000 IU 1 Syringe (Fridge),,,,,,
Epsom Salt 50 gm (Al Abdellatif Lab),,,,,,
Equiferrin 5 gm 10 Sachets,,,,,,
Eraloner 25 mg 20,,25 mg,Tablets,,20 Tablets,
Eraloner 50 mg 20 Film Coated,,50 mg,Film Coated Tablets,,,
Erase Anti-Scar Gel 30 gm,,,,,,
Erastapex 20 mg 30,,20 mg,Tablets,,30 Tablets,
Erastapex 40 mg 30,,40 mg,Tablets,,30 Tablets,
Erastapex Co 20 mg /5 mg 30 Film Coated,,20 mg,Film Coated Tablets,,,
Erastapex Co 40 mg /10 mg 30,,40 mg,Tablets,,30 Tablets,
Erastapex Co 40 mg/5 mg 30,,40 mg,Tablets,,30 Tablets,
Erastapex Trio 40 mg/10 mg/25 mg 30,,40 mg,Tablets,,30 Tablets,
Erastapex Trio 40 mg/5 mg/12.5 mg 30,,40 mg,Tablets,,30 Tablets,
Erbitux 100 mg Vial 20 ml (Fridge),,100 mg,,,20 ml,
Erdolytic 300 mg 20,,300 mg,Capsules,,20 Capsules,
Erdosolvine 300 mg 10,,300 mg,Capsules,,10 Capsules,
Erectalis 20 mg 2,,20 mg,Tablets,,2 Tablets,
Erectalis 5 mg 30,,5 mg,Tablets,,30 Tablets,
Erectamax 20 mg 2,,20 mg,Tablets,,2 Tablets,
Erectamax 20 mg 4,,20 mg,Tablets,,4 Tablets,
Erectoback 20 Mg 2 Film Coated,,20 mg,Film Coated Tablets,,,
Erectoback 5 mg 30 Film Coated,,5 mg,Film Coated Tablets,,,
Ergolex 0.5 mg 2,,0.5 mg,Tablets,,2 Tablets,
Ergopreno 600000 IU 3,,,Ampoules,,3 Ampoules,
Erleada 60 mg 120,,60 mg,Tablets,,120 Tablets,
Ernovo Lactoferrin 10 Sachets,,,,,,
Errino 14 Sachets 100 mg,,100 mg,,,,
Ertapenem 1 gm 1 Vial,,,,,,
Esbrliet 267 mg 270,,267 mg,Capsules,,270 Capsules,
Escita 10 mg 14 Film Coated,,10 mg,Film Coated Tablets,,,
Escitaloborg 10 mg 10,,10 mg,Tablets,,10 Tablets,
Escitaloborg 20 mg 10,,20 mg,Tablets,,10 Tablets,
Esmatac 20 mg 14,,20 mg,Capsules,,14 Capsules,
Esmopump 20 mg 14 Enteric Coated,,20 mg,Tablets,,,
Esmopump 40 mg 14 Enteric Coated,,40 mg,Tablets,,,
Esmorap 20 mg 14,,20 mg,Capsules,,14 Capsules,
Esmorap 20 mg 7 Sachets,,20 mg,,,,
Esmorap 40 mg 1 Vial I.V,,40 mg,,,,
Esmorap 40 mg 7 Sachets,,40 mg,,,,
Esogerdazole 40 mg 14 Delayed Release,,40 mg,Capsules,,,
Esomelodan 20 mg 20 Enteric Coated,,20 mg,Tablets,,,
Esomenex 40 mg 20,,40 mg,Capsules,,20 Capsules,
Esomeprazole - EVA Pharma 40 mg 3 Vials,50,40 mg,,Eva Pharma,,Omeprazole
Esomeprazole 20 mg 20 Enteric Coated,50,20 mg,Tablets,,,Omeprazole
Esomeprazole 40 mg 20 Enteric Coated,50,40 mg,Tablets,,,Omeprazole
Esomisalix 40 mg 14 Hard Gelatin,,40 mg,Capsules,,,
Esomium 40 mg 14,,40 mg,Capsules,,14 Capsules,
Esopiroxan 20 mg 14,,20 mg,Capsules,,14 Capsules,
Esopiroxan 40 mg 14,,40 mg,Capsules,,14 Capsules,
Essential Peppermint Oil 5 ml (Al Abdellatif Lab),,,,,5 ml,
Essentiale 300 mg 30,,300 mg,Capsules,,30 Capsules,
Essentiale 300 mg 30,,300 mg,Capsules,,30 Capsules,
Estero-Map 10 mg 30,,10 mg,Tablets,,30 Tablets,
Estikan 10 mg 14,,10 mg,Tablets,,14 Tablets,
Estikan 20 mg 14 Film Coated,,20 mg,Film Coated Tablets,,,
Estohalt 40 mg 14,,40 mg,Capsules,,14 Capsules,
Estoza 30 Film Coated,,,Film Coated Tablets,,,
Estramark 0.03/,,3 mg,Film Coated Tablets,,,
Estravodose 1 mg 28 Film Coated,,1 mg,Film Coated Tablets,,,
Estravodose 2 mg 28 Film Coated,,2 mg,Film Coated Tablets,,,
Etaphylline 500 mg 6,,500 mg,Ampoules,,6 Ampoules,
Etaphylline Phenobarbital,,,Syrup,,120 ml,
Etaphylline Phenobarbital,,,Syrup,,60 Ml,
Etasylsunny 250 mg/2ml 1 Ampoule,,250 mg,,,2 ml,
Ethanolamine Oleate 1 Ampoule,,,,,,
Ethoxa 250 mg 120 ml,,250 mg,Syrup,,120 ml,
Eticoxia 60 mg 14,,60 mg,Tablets,,14 Tablets,
Eticoxia 90 mg 14,,90 mg,Tablets,,14 Tablets,
Etocoxam 90 mg 21 Film Coated,,90 mg,Film Coated Tablets,,,
Etopul 100 mg 1 Ampoule,,100 mg,,,,
Etopul 100 mg 5,,100 mg,Ampoules,,5 Ampoules,
Etoricox - Hexal 120 mg 10 Film Coated,,120 mg,Film Coated Tablets,,,
Etoricox - Hexal 30 mg 30 Film Coated,,30 mg,Film Coated Tablets,,,
Etoricox - Hexal 60 mg 30 Film Coated,,60 mg,Film Coated Tablets,,,
Etoricox - Hexal 90 mg 30 Film Coated,,90 mg,Film Coated Tablets,,,
Eucal 30 gm Cream,,,,,,
Eucal 50 gm Cream,,,,,,
Eucal 50 gm Gel,,,,,,
Eucal Gel 30 gm,,,,,,
Eucarbon 30,,,Tablets,,30 Tablets,
Euglumide Plus 5 / 500 30 Film Coated,,,Film Coated Tablets,,,
Eumovate Cream 15 gm,,,,,,
Eupizar 1 Vial,,,,,,
Eurocox 200 mg 10,,200 mg,Tablets,,10 Tablets,
Eurodrava 30,,,Tablets,,30 Tablets,
Euronemia 100 mg /5 ml 5,,100 mg,Ampoules,,5 ml,
Eurozole 500 mg 4,,500 mg,Tablets,,4 Tablets,
Euthyrox 100 mcg 100,,,Tablets,,100 Tablets,
Euthyrox 100 mcg 50,,,Tablets,,50 Tablets,
Euthyrox 25 mcg 50,,,Tablets,,50 Tablets,
Euthyrox 50 mcg 100,,,Tablets,,100 Tablets,
Euthyrox 50 mcg 50,,,Tablets,,50 Tablets,
Euthyrox 75 mcg 100,,,Tablets,,100 Tablets,
Eva Smokers E-Line Mouthwash 250 ml,,,,Eva Pharma,250 ml,
Evaculax 20,,,Tablets,Eva Pharma,20 Tablets,
Evanolax Relaxy Cream 50 gm,,,,Eva Pharma,,
Evastine,,,Syrup,Eva Pharma,100 ml,
Evastine 10 mg 20,,10 mg,Tablets,Eva Pharma,20 Tablets,
Everest Mouth Wash With Menthol 200 ml,,,,,200 ml,
Every Strand Shea & Coconut Oil Shampoo 399 ml,,,,,399 ml,
Evralicare 5 mg 30,,5 mg,Tablets,,30 Tablets,
Evrenzo 20 mg 12,,20 mg,Tablets,,12 Tablets,
Evrenzo 50 mg 12,,50 mg,Tablets,,12 Tablets,
Evrenzo 70 mg 12,,70 mg,Tablets,,12 Tablets,
Ex Forge 10 mg/160 mg 14 Film Coated,,10 mg,Film Coated Tablets,,,
Ex Forge HCT 10/160/25 mg 14,,25 mg,Tablets,,14 Tablets,
Ex Forge HCT 5/160/12.5 mg 14,,12.5 mg,Tablets,,14 Tablets,
Exacinop 750 mg 10,,750 mg,Tablets,,10 Tablets,
Examide 10 mg 1 Ampoule,,10 mg,,,,
Examide 10 mg 30,,10 mg,Tablets,,30 Tablets,
Examide 100 mg 20,,100 mg,Tablets,,20 Tablets,
Exapine 20 mg 2 Syringe (Fridge),,20 mg,,,,
Exapine 4000 I.U. (40 mg) 2 Prefilled Syringes (Fridge),,40 mg,,,,
Exapine 60 mg 2 Syringe (Fridge),,60 mg,,,,
Exapine 80 mg 2 Syringe (Fridge),,80 mg,,,,
Exaretic 10 mg 30,,10 mg,Tablets,,30 Tablets,
Exaretic 20 mg 3,,20 mg,Ampoules,,3 Ampoules,
Exaretic 20 mg 30,,20 mg,Tablets,,30 Tablets,
Excelsa 10 mg 14 Film Coated,,10 mg,Film Coated Tablets,,,
Excelsa 20 mg 14 Film Coated,,20 mg,Film Coated Tablets,,,
Exception 20 Hard Gelatin,,,Capsules,,,
Exeedogast 40 mg 20,,40 mg,Capsules,,20 Capsules,
Exeedolip 1 gm 30,,,Capsules,,30 Capsules,
Exelon 4.5 mg 28,,4.5 mg,Capsules,,28 Capsules,
Exelon 6 mg 28,,6 mg,Capsules,,28 Capsules,
Exelon Patch (10 cm) (9.5 mg) 30 Patches,,9.5 mg,,,,
Exelon Patch (5 cm) (4.6 mg) 30 Patches,,4.6 mg,,,,
Exosirylic 250 mg 20 Film Coated,,250 mg,Film Coated Tablets,,,
Exospast 100 mg 30 Film Coated,,100 mg,Film Coated Tablets,,,
Exospast 50 mg 30 Film Coated,,50 mg,Film Coated Tablets,,,
Expaintech -PM 20,,,Tablets,,20 Tablets,Ibuprofen
Expectinex 600 mg 20,,600 mg,Tablets,,20 Tablets,
Expectoflu 500 mg 20,,500 mg,Capsules,,20 Capsules,Paracetamol + Pseudoephedrine + Chlorpheniramine
Extra Cream 50 gm,,,,,,
Extragesic 400 mg 20,,400 mg,Tablets,,20 Tablets,
Extrauma DNA Cream 280 IU 25 gm,,,,,,
Extrauma Forte DNA Gel 420 IU 25 gm,,,,,,
Extrauma Forte DNA Gel 420 IU 40 gm,,,,,,
Exupar 15 mg 20,,15 mg,Tablets,,20 Tablets,
Eye Daily Vit 30,,,Capsules,,30 Capsules,
Ezacard 100 mg 30 Entric Coated,,100 mg,Tablets,,,
Ezacard 75 mg 30 Entric Coated,,75 mg,Tablets,,,
Ezamol -C 20,,,Tablets,,20 Tablets,
Ezapril 10 mg 20,,10 mg,Tablets,,20 Tablets,
Ezapril 20 mg 20,,20 mg,Tablets,,20 Tablets,
Ezapril 20 mg 30,,20 mg,Tablets,,30 Tablets,
Ezequel 100 mg 12 Film Coated,,100 mg,Film Coated Tablets,,,
Ezetimibe 10 mg 10,,10 mg,Tablets,,10 Tablets,
Ezetrol 10 mg 7,,10 mg,Tablets,,7 Tablets,
Ezogast 40 mg 28 Delayed Release,,40 mg,Capsules,,,
Ezoko 100/60 mg 8 Film Coated,,60 mg,Film Coated Tablets,,,
Fabiola Mouthwash 250 ml,,,,,250 ml,
Fabuglycina 25 mg 30,,25 mg,Capsules,,30 Capsules,
Faglozino 25 mg 30,,25 mg,Tablets,,30 Tablets,
Faktu Ointment 30 gm,,,,,,
Falcomix,,,Syrup,,120 ml,
Falconacea,,,Syrup,,120 ml,
Falconacea Z.C 20,,,Tablets,,20 Tablets,
Fam 10 mg 30,,10 mg,Tablets,,30 Tablets,
Famalzyl 4 mg Oral Solution 100 ml,,4 mg,,,100 ml,
Famalzyl 8 mg 10 Film Coated,,8 mg,Film Coated Tablets,,,
Famalzyl 8 mg 30 Film Coated,,8 mg,Film Coated Tablets,,,
Famichew 30 Chewable,,,Tablets,,,
Famotak 20 mg 20,,20 mg,Tablets,,20 Tablets,
Famotin 20 mg 20,,20 mg,Tablets,,20 Tablets,
Famotin 40 mg 20,,40 mg,Tablets,,20 Tablets,
Farbicure 1% Topical Cream 15 gm,,,,,,
Farcobrasone Ophthalmic Suspension 5 ml,,,,,5 ml,
Farcocin Cream 20 gm,,,,,,
Farcolin,,,Syrup,,120 ml,
Farcolin 2 mg 20,,2 mg,Tablets,,20 Tablets,
Farcolin Respirator Solution 20 ml,,,,,20 ml,
Farcosolvin N,,,Syrup,,120 ml,
Farcotilium 10 mg 24,,10 mg,Capsules,,24 Capsules,
Farcotilium 5 mg/5 ml Suspension 120 ml,,5 mg,,,5 ml,
Farcovit B12 30,,,Capsules,,30 Capsules,
Farex 20 Film Coated Tablet,,,,,,
Farkelo Emollient Cream 50 gm,,,,,,
Farmactive Alginato 10 cm ? 10 cm 1 Piece,,,,,,
Farmactive Pu Foma 10 cm ? 10 cm 1 Piece,,,,,,
Farorecta 20 mg 12,,20 mg,Tablets,,12 Tablets,
Faslodex 250 mg 2 Syringes (Fridge),,250 mg,,,,
Fast,,,Syrup,,120 ml,
Fast Care Cream 50 gm,,,,,,
Fast Freeze Magnesium Massage Spray 150 ml,,,,,150 ml,Magnesium oxide
Fast Freeze Massage Gel 100 gm,,,,,,
Fast Freeze Massage Spray 150 ml,,,,,150 ml,
Fast Freeze Massage Spray 200 ml,,,,,200 ml,
Fast Heat Odourless Heat Patches 4 Patches,,,,,,
Fast Heat Odourless Heat Patches For Period Pain 3 Patches,,,,,,Ibuprofen
Fast Heat Odourless Heat Patches Over Clothes 4 Patches,,,,,,
Fast Move Cooling Spray 200 ml,,,,,200 ml,
Fast Move Massage Cream 120 gm,,,,,,
Fast Move Massage Cream 60 gm,,,,,,
Fast Move Massage Gel 120 gm,,,,,,
Fast Move Massage Gel 60 gm,,,,,,
Fastcure 20 mg 14,,20 mg,Capsules,,14 Capsules,
Fastcure 40 mg 14,,40 mg,Capsules,,14 Capsules,
Fastel 120 mg 20,,120 mg,Tablets,,20 Tablets,
Fastel Oral Suspension 110 ml,,,,,110 ml,
Faster Gel 80 gm,,,,,,
Fastum Gel 2.5% 15 gm,,,,,,
Fastum Gel 2.5% 60 gm,,,,,,
Fatarato Spray For Oral Cavity Care 30 ml,,,,,30 ml,
Fatarato Spray For Oral Cavity Care 60 ml,,,,,60 ml,
Fatipair 20 Enteric Coated,,,Tablets,,,
Fatroxim 200 mg 30,,200 mg,Tablets,,30 Tablets,
Faverin 100 mg 30,,100 mg,Tablets,,30 Tablets,
Faverin 50 mg 60,,50 mg,Tablets,,60 Tablets,
Feburic 40 mg 10,,40 mg,Tablets,,10 Tablets,
Feburic 40 mg 20 Film Coated,,40 mg,Film Coated Tablets,,,
Feburic 80 mg 30,,80 mg,Tablets,,30 Tablets,
Feldene 20 mg 10,,20 mg,Capsules,,10 Capsules,
Feldene 20 mg 3,,20 mg,Ampoules,,3 Ampoules,
Feldene Gel 0.05% 15 gm,,,,,,
Feldoral 3,,,Ampoules,,3 Ampoules,
Femal Vit 14 Sachets,,,,,,
Femapent 2.5 mg 30,,2.5 mg,Tablets,,30 Tablets,
Femara 2.5 mg 30,,2.5 mg,Tablets,,30 Tablets,
Femicur 20 mg 30,,20 mg,Capsules,,30 Capsules,
Femintive Wash 250 ml,,,,,250 ml,
Femoston 1 mg / 10 mg 28 Film Coated,,1 mg,Film Coated Tablets,,,
Femoston 2 mg / 10 mg 28 Film Coated,,2 mg,Film Coated Tablets,,,
Femoston Conti 1 mg / 5 mg 28 Film Coated,,1 mg,Film Coated Tablets,,,
Femrose 80 mg 30,,80 mg,Capsules,,30 Capsules,
Femtonex 30,,,Tablets,,30 Tablets,
Fenac 100 mg 30,,100 mg,Tablets,,30 Tablets,
Fenistil 1 mg / 1 ml,,1 mg,Drops,,1 ml,
Fenno Ram,,,Syrup,,120 ml,
Fentex Mouth Spray 60 ml,,,,,60 ml,
Fenticont 2% Vaginal Cream 30 gm,,,,,,
Fentorin 10 Sachets,,,,,,
Fenu H 10,,,Capsules,,10 Capsules,
Feocta,,,Syrup,,120 ml,
Feramix Chocolate 24,,,Tablets,,24 Tablets,
Feridam,,,Syrup,,120 ml,
Ferlage 20 Hard Gelatin,,,Capsules,,,
Fermed 100 mg /5 ml 5,,100 mg,Ampoules,,5 ml,
Fernilar,,,Syrup,,120 ml,
Fernilar,,,Syrup,,60 ml,
Fernilar 5 mg 20,,5 mg,Tablets,,20 Tablets,
Ferodetta 30 Film Coated,,,Film Coated Tablets,,,
Feroglobin,,,Syrup,,120 ml,
"Feroglobin (Iron , Zinc & B12) 30",50,,Capsules,,30 Capsules,Zinc sulfate
Feronozam 30,,,Capsules,,30 Capsules,
Ferosac 100 mg 5 ml 5,,100 mg,Ampoules,,5 ml,
Feroscore 30 Hard Gelatin,,,Capsules,,,
Ferose-F Chewable 30,,,Tablets,,30 Tablets,
Ferosmith 30 Hard Gelatin,,,Capsules,,,
Ferrinopris 30 Hard Gelatin,,,Capsules,,,
Ferro Mab,,,Syrup,,120 ml,
Ferrodep,,,Syrup,,150 ml,
Ferroduonal 100 mg 30,,100 mg,Capsules,,30 Capsules,
Ferroeba,,,Syrup,,120 ml,
Ferroeba 30 Hard Gelatin,,,Capsules,,,
Ferrofol 30 Spansules,,,,,,
Ferrofol Vit-Z 30,,,Capsules,,30 Capsules,
Ferrolactin Plus 20 Hard Gelatin,,,Capsules,,,
Ferrolflav Iron & Vitamins,50,,Syrup,,120 ml,Ferrous sulfate
Ferromez 30 Hard Gelatin,,,Capsules,,,
Ferromez 90 Hard Gelatin,,,Capsules,,,
Ferronex Plus 24,,,Tablets,,24 Tablets,
Ferrosky 30,,,Capsules,,30 Capsules,
Ferroswab Oral Solution 50 mg,,50 mg,,,,
Ferrotron 30,,,Capsules,,30 Capsules,
Fertona 30 Pieces,,,,,,
Fewmig 80 mg 20,,80 mg,Capsules,,20 Capsules,
Fexon 120 mg 10,,120 mg,Tablets,,10 Tablets,
Fexon 180 mg 10,,180 mg,Tablets,,10 Tablets,
Fiminosan 30,,,Tablets,,30 Tablets,
Finastura 5 mg 30,,5 mg,Tablets,,30 Tablets,
Fine Breath Spray 60 ml,,,,,60 ml,
Fine Derm Rectal Cream 30 gm,,,,,,
Fine Derm Rectal Cream 50 gm,,,,,,
Fine Derm Rectal Gel 50 gm,,,,,,
Fingolidine 0.5 mg 28 Hard Gelatin,,0.5 mg,Capsules,,,
Finofib 300 mg 10,,300 mg,Capsules,,10 Capsules,
Fipcodazole Topical Gel 60 gm,,,,,,
Fipcosept Topical Antiseptic Solution 100 ml,,,,,100 ml,
Fipcosept Topical Antiseptic Solution 60 ml,,,,,60 ml,
Firmagon 80 mg Vial (Fridge),,80 mg,,,,
First Map,,,Syrup,,120 ml,
Firstvoc Vit 60 Gummies (Offer 1 + 1),,,,,,
Fitmotus 30 Film Coated,,,Film Coated Tablets,,,
Fito Cream For Wounds and Burns 32 gm,,,,,,
Flabu Oral,,40 mg,Drops,,15 ml,
Flacort 30 mg 20,,30 mg,Tablets,,20 Tablets,
Fladazole 500 mg 4,,500 mg,Tablets,,4 Tablets,
Flagellat Forte 100 ml,,,Syrup,,100 ml,
Flagentyl 500 mg 4,,500 mg,Tablets,,4 Tablets,
Flagoshown 20 mg 5 Film Coated,,20 mg,Film Coated Tablets,,,
Flagyl 125 mg/5 ml Suspension 100 ml,,125 mg,,,5 ml,Metronidazole
Flagyl 250 mg 20,,250 mg,Tablets,,20 Tablets,Metronidazole
Flagyl 500 mg 20,,500 mg,Tablets,,20 Tablets,Metronidazole
Flaka 500 gm,,,,,,
Flamifast 50 mg 30,,50 mg,Tablets,,30 Tablets,
Flamoconsult 90 mg 10 Film Coated,,90 mg,Film Coated Tablets,,,
Flamogen 30,,,Tablets,,30 Tablets,
Flamogest 30 Enteric Coated,,,Tablets,,,
Flamotal 600 mg 20,,600 mg,Tablets,,20 Tablets,
Flamotal 800 mg 10,,800 mg,Tablets,,10 Tablets,
Flansa Cream 60 gm,,,,,,
Flash Act 2 mg 9 Sachets,,2 mg,,,,
Flatidyl 30 Chewable,,,Tablets,,,
Flatocarbon Advance 20 Hard Gelatin,,,Capsules,,,
Flatocarbon Plus 20 Hard Gelatin,,,Capsules,,,
Flavicef 100 mg Powder For Oral Suspension 60 ml,,100 mg,,,60 ml,
Flax Seed Oil-Napha 20,,,Capsules,,20 Capsules,
Flazacor 30 mg 10,,30 mg,Tablets,,10 Tablets,
Flazacor 6 mg 10,,6 mg,Tablets,,10 Tablets,
Flector (EP) Topical Gel 25 gm,,,,,,
Flector 50 mg 9 Sachets,,50 mg,,,,
Flex Free Massage Cream 100 gm,,,,,,
Flexage 1500 mg 30 Film Coated,,1500 mg,Film Coated Tablets,,,
Flexage Plus 30 Hard Gelatin,,,Capsules,,,
Flexall Massage Gel 60 gm,,,,,,
Flexana 30,,,Capsules,,30 Capsules,
FlexJo Massage Cream 100 gm,,,,,,
Flexofan 250 mg /50 mg 20,,250 mg,Capsules,,20 Capsules,
Flexolyte Classic 240 ml,,,,,240 ml,
Flexolyte Strawberry 240 ml,,,,,240 ml,
Flexon Massage Cream 50 gm,,,,,,
Flexpro Extra 400 mg /500 mg 20,,400 mg,Tablets,,20 Tablets,
Flip Fun,,,Drops,,15 ml,
Flixonase 0.05% 120 Dose Spray,,,,,,
Flixotide 125 mg Evohaler 60 Metered,,125 mg,,,,
Flixotide Diskus 100 mg 60 Dose Inhalers,,100 mg,,,,
Flixotide Diskus 250 mg 60 Blisters,,250 mg,,,,
Flixotide Evohaler 50 mg 120 Dose,,50 mg,,,,
Flocazole 150 mg 1 Capsule,,150 mg,,,,
Flopadex 4 mg 20 Hard Gelatin,,4 mg,Capsules,,,
Floracerta 20 Orally Dispersible,,,Tablets,,,
Florance Gel 50 gm,,,,,,
Florax 20,,,Capsules,,20 Capsules,
Flotac 75 mg 20,,75 mg,Capsules,,20 Capsules,
Flowadjust 50 mg 30 Extended Release Film Coated,,50 mg,Film Coated Tablets,,,
Floxa West 300 mg 14,,300 mg,Tablets,,14 Tablets,
Floxabact 500 mg 10,,500 mg,Tablets,,10 Tablets,
Floxamo 1 gm 16,,,Tablets,,16 Tablets,
Floxia 42,,,Tablets,,42 Tablets,
Flozigliptin 10/5 mg 30 Film Coated,,5 mg,Film Coated Tablets,,,
Flu C Powder For Oral Solution 6 Sachets,,,,,,Paracetamol + Pseudoephedrine + Chlorpheniramine
Flub 100 mg 6,,100 mg,Tablets,,6 Tablets,Paracetamol + Pseudoephedrine + Chlorpheniramine
Flub 100 mg/5 ml Suspension 30 ml,,100 mg,,,5 ml,Paracetamol + Pseudoephedrine + Chlorpheniramine
Flubronk 10 Effervescent,,,Tablets,,,Paracetamol + Pseudoephedrine + Chlorpheniramine
Flubronk 10 Sachets,,,,,,Paracetamol + Pseudoephedrine + Chlorpheniramine
Fluca Eye,,,Drops,,5 ml,Paracetamol + Pseudoephedrine + Chlorpheniramine
Flucamox 500 mg 1 Vial,,500 mg,,,,Paracetamol + Pseudoephedrine + Chlorpheniramine
Flucazonil,,,Syrup,,70 ml,Paracetamol + Pseudoephedrine + Chlorpheniramine
Flucon 0.1 % Eye,,,Drops,,5 ml,Paracetamol + Pseudoephedrine + Chlorpheniramine
Fluctobar 100 mg Vial 50 ml,,100 mg,,,50 ml,Paracetamol + Pseudoephedrine + Chlorpheniramine
Flugenil 600 mg 10 Vaginal Ovules,,600 mg,,,,Paracetamol + Pseudoephedrine + Chlorpheniramine
Flugenil Vaginal Gel 30 ml,,,,,30 ml,Paracetamol + Pseudoephedrine + Chlorpheniramine
Fluimucil 300 mg /3 ml 5,,300 mg,Ampoules,,3 ml,Paracetamol + Pseudoephedrine + Chlorpheniramine
Fluimucil 600 mg 10 Effervescent,,600 mg,Tablets,,,Paracetamol + Pseudoephedrine + Chlorpheniramine
Flumazenil Inresa 0.5 mg IV 5,,0.5 mg,Ampoules,,5 Ampoules,Paracetamol + Pseudoephedrine + Chlorpheniramine
Flumox 1 gm 1 Vial,,,,,,Paracetamol + Pseudoephedrine + Chlorpheniramine
Flumox 250 mg 12,,250 mg,Capsules,,12 Capsules,Paracetamol + Pseudoephedrine + Chlorpheniramine
Flumox 250 mg Powder for Oral Suspension 100 ml,,250 mg,,,100 ml,Paracetamol + Pseudoephedrine + Chlorpheniramine
Flumox 500 mg 1 Vial,,500 mg,,,,Paracetamol + Pseudoephedrine + Chlorpheniramine
Flunzapine 12/25 mg 20,,25 mg,Capsules,,20 Capsules,Paracetamol + Pseudoephedrine + Chlorpheniramine
Flunzapine 12/50 mg 20,,50 mg,Capsules,,20 Capsules,Paracetamol + Pseudoephedrine + Chlorpheniramine
Flunzapine 6/25 mg 20,,25 mg,Capsules,,20 Capsules,Paracetamol + Pseudoephedrine + Chlorpheniramine
Flunzapine 6/50 mg 20,,50 mg,Capsules,,20 Capsules,Paracetamol + Pseudoephedrine + Chlorpheniramine
Fluoxetine 20 mg 10,45,20 mg,Capsules,,10 Capsules,Fluoxetine
Flurest N 20,,,Tablets,,20 Tablets,Paracetamol + Pseudoephedrine + Chlorpheniramine
Flusedorex 10 Sachets,,,,,,Paracetamol + Pseudoephedrine + Chlorpheniramine
Flustat 20,,,Tablets,,20 Tablets,Paracetamol + Pseudoephedrine + Chlorpheniramine
Flutin 20 mg 14,,20 mg,Capsules,,14 Capsules,Paracetamol + Pseudoephedrine + Chlorpheniramine
Fluver 100 mg 6,,100 mg,Tablets,,6 Tablets,Paracetamol + Pseudoephedrine + Chlorpheniramine
Fluxopride 5 mg 30,,5 mg,Tablets,,30 Tablets,Paracetamol + Pseudoephedrine + Chlorpheniramine
Focustin 250 mg,,250 mg,Syrup,,60 ml,
Focustin 500 mg 20 Hard Gelatin,,500 mg,Capsules,,,
Folate B12 30 Film Coated,,,Film Coated Tablets,,,
Folatko Oral,,,Drops,,30 ml,
Folcasafe 30 Film Coated,,,Film Coated Tablets,,,
Foleses B 30 Sublingual,,,Tablets,,,
Foli - Earth 30,,,Tablets,,30 Tablets,
Folic Acid 5 mg 30,25,5 mg,Tablets,CID,30 Tablets,Folic acid
Folic Acid 5 mg 30,25,5 mg,Tablets,CID,30 Tablets,Folic acid
Folicap 0.5 mg 24,,0.5 mg,Capsules,,24 Capsules,Folic acid
Folicinad 5 mg 50,,5 mg,Tablets,,50 Tablets,Folic acid
Folifo 30 Sublingual,,,Tablets,,,
Folinter -B12 30 Sublingual,,,Tablets,,,
Foliraq 400 mcg 30,,,Tablets,,30 Tablets,
Folone 5 mg 5,,5 mg,Ampoules,,5 Ampoules,
Foloprazole 40 mg 14,,40 mg,Capsules,,14 Capsules,
Fondaclav 457 mg Oral Suspension 75 ml,,457 mg,,,75 ml,
Foradil 12 mcg 30,,,Capsules,,30 Capsules,
Foradil 12 mcg 60,,,Capsules,,60 Capsules,
Forblobe 30,,,Tablets,,30 Tablets,
Forcelat 30 Hard Gelatin,,,Capsules,,,
Forcetex 1 gm 1 Vial,,,,,,
Forflozin 5 mg 30,,5 mg,Tablets,,30 Tablets,
Forflozin Plus 10 mg/1000 mg XR 30 Film Coated,,10 mg,Film Coated Tablets,,,
Formamy 30 Caplues,,,,,,
Formamy Scar Gel 30 ml,,,,,30 ml,
Formigliptin 5 mg 30,,5 mg,Tablets,,30 Tablets,
Forminodab XR 5 mg/1000 mg 30,,5 mg,Tablets,,30 Tablets,
Formohale 12 mcg 30,,,Capsules,,30 Capsules,
Forpe 20 Pieces,,,,,,
Fortamind 100 mg,,100 mg,Syrup,,30 ml,
Fortamind 1000 mg,,1000 mg,Ampoules,,,
Fortamind 500 mg,,500 mg,Ampoules,,,
Fortazedim 1 gm Vial,,,,,,
Forte Seas 20,,,Capsules,,20 Capsules,
Fortibiotic 1500 mg 1 Vial,,1500 mg,,,,
Fortiferrum 14 Sachet,,,,,,
Fortir 30 Pieces,,,,,,
Fortisip Compact Protein 125 gm (Fridge),,,,,,
Fortrustep 30 mg 6,,30 mg,Tablets,,6 Tablets,
Fortrustep 60 mg 6,,60 mg,Tablets,,6 Tablets,
Fortum 1 gm IM & IV 1 Vial,,,,,,
Fortum 250 mg IM & IV 1 Vial,,250 mg,,,,
Fortum 500 mg IM & IV 1 Vial,,500 mg,,,,
Fortymox Eye,,,Drops,,10 ml,
Fortzaar 100/25 mg 8,,25 mg,Tablets,,8 Tablets,
Forxiga 10 mg 28,,10 mg,Tablets,,28 Tablets,
Forxiga 5 mg 28,,5 mg,Tablets,,28 Tablets,
Fosamax 70 mg 2,,70 mg,Tablets,,2 Tablets,
Foster 120 Actuations 100/6 mcg (Fridge),,,,,,
Fostimon 150 IU 10 Vials + 10,,,Ampoules,,10 Ampoules,
Fostimon 75 IU 10 Vials + 10 Solvent (Fridge),,,,,,
Fostinocort Cream 20 gm,,,,,,
Four Brand Gel 30 gm,,,,,,
Four Vent,,,Syrup,,125 ml,
Fowgo 30 Soft Gelatin,,,Capsules,,,
Foxime 1 g IM / IV 1 Vial,,,,,,
Foxime 1 gm IM 1 Vial,,,,,,
Foxime 1 gm IV Vial,,,,,,
Foxime 500 mg IM / IV Vial,,500 mg,,,,
Free Baby,,,Syrup,,120 ml,
Free Vit 20,,,Tablets,,20 Tablets,
Freezlleza Massage Spray 120 ml,,,,,120 ml,
Fresage Skin Massage Gel 100 gm,,,,,,
Fresh Care Spray 30 ml,,,,,30 ml,
FreshMe Mouth Spray 50 ml,,,,,50 ml,
Freshmond Ophthalmic Solution 2.5 ml,,,,,5 ml,
Fresubin? 2 kcal Drink 200 ml (Chocolate),,,,,200 ml,
Fresubin? Energy Fibre 500 ml (Fridge),,,,,500 ml,Caffeine + Vitamins
Fretz,,,Syrup,,120 ml,
Frezyderm Cream 30 gm,,,,,,
Frezyderm Cream 50 gm,,,,,,
Frositor 10 mg 30,,10 mg,Tablets,,30 Tablets,
Frositor 5 mg 30 Film Coated,,5 mg,Film Coated Tablets,,,
Frost Hyrogel Patch Extra Cool 10 Patches,,,,,,
Frost Massage Gel 100 gm,,,,,,
Frost Massage Gel 100 gm (Offer 1+1),,,,,,
Frost Massage Roll-On 60 ml,,,,,60 ml,
Frost Massage Spray 100 ml,,,,,100 ml,
Frost Massager Gel with Massage Applicator 100 gm,,,,,,
Frost Max Spray 200 ml,,,,,200 ml,
Fruital,,,Syrup,,120 ml,
FSH 75 I.U 5,,,Ampoules,,5 Ampoules,
Fuci Top (C) Cream 15 gm,,,,,,
Fuci Top Cream 15 gm,,,,,,
Fucicort Cream 15 gm,,,,,,
Fucicort Cream 30 gm,,,,,,
Fucidel Cream 15 gm,,,,CID,,
Fucidin Cream 15 gm,,,,CID,,
Fucidin Cream 20 gm,,,,CID,,
Fucidin Cream 30 gm,,,,CID,,
Fucidin Ointment 15 gm,,,,CID,,
Fucidin Ointment 20 gm,,,,CID,,
Fucidin Ointment 30 gm,,,,CID,,
Fuelkd,,,Syrup,,120 ml,
Fulprazal 40 mg 14,,40 mg,Capsules,,14 Capsules,
Fulvestrant Ever Pharma 250 mg / 5 ml 2 Pre-Filled Syringe (Fridge),,250 mg,,,5 ml,
Fungican 150 mg 2,,150 mg,Capsules,,2 Capsules,
Fungiclear 200 mg 4 Hard Gelatin,,200 mg,Capsules,,,
Fungilimit 200 mg 10,,200 mg,Tablets,,10 Tablets,
Fungisafe Cream 15 gm,,,,,,
Fungisalt Soap 100 gm,,,,,,
Fungistate Gel 1% 30 gm,,,,,,
Furazol 20,,,Tablets,,20 Tablets,
Furoretic 40 mg 30,,40 mg,Tablets,,30 Tablets,
Furoretic 500 mg 20,,500 mg,Tablets,,20 Tablets,
Fusamic Ophthalmic,,10 mg,Drops,,,
Fusi 30 mg Cream,,30 mg,,,,
Fusi Cream 15 gm,,,,,,
Fusi Ointment 15 gm,,,,,,
Fusi Ointment 30 gm,,,,,,
Fusi-Zon Cream 15 gm,,,,,,
Fusi-Zon Cream 30 gm,,,,,,
Fusiderm Cream 2% 15 gm,,,,,,
Fusiderm Ointment 15 gm,,,,,,
Fusidictam Cream 30 gm,,,,,,
Futacoxib 60 mg 30,,60 mg,Tablets,,30 Tablets,
Futacoxib 90 mg 30,,90 mg,Tablets,,30 Tablets,
Futagastric SR 200 mg 30,,200 mg,Capsules,,30 Capsules,
Futapan 20 mg 14 Enteric Coated,,20 mg,Tablets,,,
Futapan 40 mg 1 Vial,,40 mg,,,,
Futapan 40 mg 28 Enteric Coated,,40 mg,Tablets,,,
Futaparky 25 / 250 mg 30,,250 mg,Tablets,,30 Tablets,
Futapramin 10 mg 30 Film Coated,,10 mg,Film Coated Tablets,,,
Futatreat 1000 mg 20,,1000 mg,Tablets,,20 Tablets,
Futatreat 500 mg 20 Film Coated,,500 mg,Film Coated Tablets,,,
Futatreat 750 mg 20,,750 mg,Tablets,,20 Tablets,
Futavildix 50/850 mg 30 Film Coated,,850 mg,Film Coated Tablets,,,
G - C - Mol 6 Effervescent Sachets,,,,,,
G - Sac 30,,,Capsules,,30 Capsules,
G . Vera 30 Chewable,,,Tablets,,,
G.I.T 20,,,Capsules,,20 Capsules,
G.Xir D3 10000 I.U 30 Chewable,,,Tablets,,,
G3 Merono ( Omega 3 ) 5 gm 10 Sachets,,,,,,Omega-3 fatty acids
Gabaneu 10 Tab 600 mg,,600 mg,,,,
Gabapentin 300 mg 20,55,300 mg,Capsules,,20 Capsules,Gabapentin
Gabapentin 300 mg 30,55,300 mg,Capsules,,30 Capsules,Gabapentin
Gabapentin 600 mg 20 Film Coated,55,600 mg,Film Coated Tablets,,,Gabapentin
Gabapentin 800 mg 20 Tablet,55,800 mg,,,,Gabapentin
Gabaverona 100 mg 30 Hard Gelatin,,100 mg,Capsules,,,
Gabaverona 300 mg 30 Hard Gelatin,,300 mg,Capsules,,,
Gabaverona 400 mg 30 Hard Gelatin,,400 mg,Capsules,,,
Gabimash 300 mg 30,,300 mg,Tablets,,30 Tablets,
Galtin 100 mg 10 Sachets,,100 mg,,,,
Galvus 50 mg 28,,50 mg,Tablets,,28 Tablets,
Galvus Met 50 / 850 mg 30,,850 mg,Tablets,,30 Tablets,
Galvus Met 50 /1000 mg 30,,1000 mg,Tablets,,30 Tablets,
Gamabion 30,,,Tablets,,30 Tablets,
Ganeki,,,Syrup,,120 ml,
Gantolief 50 mg 30,,50 mg,Tablets,,30 Tablets,
Ganvir 0.15% Eye Gel 10 gm,,,,,,
Gapimotor 30 Film Coated,,,Film Coated Tablets,,,
Gapivent,,,Syrup,,100 ml,
Gaptin 300 Mg 30,,300 mg,Capsules,,30 Capsules,
Gaptin 400 mg 30,,400 mg,Capsules,,30 Capsules,
Garamycin 0.1% Ointment 15 gm,,,,,,
Garamycin 20 mg / 2 ml 6,,20 mg,Ampoules,,2 ml,
Garamycin 40 mg / 1 ml 6,,40 mg,Ampoules,,1 ml,
Garamycin 80 mg / 2 ml 3,,80 mg,Ampoules,,2 ml,
Gardasil Vaccine 1 Vial (Fridge),,,,,,
Gardinova 457 mg / 5 ml Oral Suspension 70 ml,,457 mg,,,5 ml,
Gardovas 5 mg 30,,5 mg,Tablets,,30 Tablets,
Garopride 50 mg 30,,50 mg,Tablets,,30 Tablets,
Gas Edge 20 Hard Gelatin,,,Capsules,,,
Gaseoflatex 125 mg 20 Chewable,,125 mg,Tablets,,,
Gasmovac 5 mg 30,,5 mg,Tablets,,30 Tablets,
Gast-Reg 100 mg 30,,100 mg,Tablets,,30 Tablets,
Gast-Reg 200 mg 30,,200 mg,Tablets,,30 Tablets,
Gast-Reg 24 mg/5 ml Powder For Oral Suspension 125 ml,,24 mg,,,5 ml,
Gast-Reg 50 mg/5 ml 3,,50 mg,Ampoules,,5 ml,
Gastrazole 20 mg 14,,20 mg,Capsules,,14 Capsules,
Gastrobiotic 200 mg 20,,200 mg,Tablets,,20 Tablets,
Gastrobiotic 550 mg 20,,550 mg,Tablets,,20 Tablets,
Gastrodomina 20 mg 20,,20 mg,Tablets,,20 Tablets,
Gastrodomina 40 mg 30,,40 mg,Tablets,,30 Tablets,
Gastrofait 1 gm 20,,,Tablets,,20 Tablets,
Gastroloc 40 mg 20,,40 mg,Capsules,,20 Capsules,
Gastromotil 10 mg 20,,10 mg,Tablets,,20 Tablets,
Gastromotil 30 mg 5 Suppositories (Fridge),,30 mg,,,,
Gastropexy 20 mg 28 Film Coated,,20 mg,Film Coated Tablets,,,
Gatarexib 60 mg 20,,60 mg,Tablets,,20 Tablets,
Gatarexib 90 mg 30,,90 mg,Tablets,,30 Tablets,
Gatistar 0.5% Eye,,,Drops,,5 ml,
Gatyxel Ophthalmic Ointment 5 gm,,,,,,
Gaviscon Advance Aniseed,,,Syrup,,150 ml,
Gaviscon Double Action Liquid Oral Suspension 10 ml 24 Sachets,,,,,10 ml,
Gaviscon Double Action Liquid Oral Suspension 150 ml,,,,,150 ml,
Gaviscon Liquid (2 * 24 Sachets),,,,,,
Gaviscon Liquid 24 Sachets,,,,,,
Gedimadel 3 mg 30,,3 mg,Tablets,,30 Tablets,
Gemaberry,,,Syrup,,60 ml,
Gemacysteine 300 mg 10 Powder Sachets,,300 mg,,,,
Gemacysteine 300 mg 30,,300 mg,Capsules,,30 Capsules,
Gemcitabine Ebewe 2000 mg 1 Vial 50 ml,,2000 mg,,,50 ml,
Gemzar 200 mg 1 Vial,,200 mg,,,,
Genal Powder 10 Sachets 12 gm,,,,,,
Gendadro Oral,,,Drops,,20 ml,
Geneiron 25 ml 28 Sachets,50,,,,25 ml,Ferrous sulfate
Geneleukim 300 mcg/1 ml Vial (Fridge),,,,,1 ml,
Genepregna Basic 30,,,Tablets,,30 Tablets,
Genepregna Liquid 200 ml,,,,,200 ml,
Genesemide 20 mg /5 ml 120 ml,,20 mg,Syrup,,5 ml,
Genesuper B - Complex 30,,,Tablets,,30 Tablets,
Genexaldine 15 Hard Gelatin,,,Capsules,,,
Gengi Care Mouth Wash (Clove) 200 ml,,,,,200 ml,
Gengi Care Mouth Wash (Clove) 200 ml,,,,,200 ml,
Gengi Care Mouth Wash (Fresh Mint) 200 ml,,,,,200 ml,
Gengigel Gel Adult 20 ml,,,,,20 ml,
Gengigel Teething Gel 20 ml,,,,,20 ml,
Genmycin Cream 15 gm,,,,,,
Gentamicin 80 mg / 2 ml 3,,80 mg,Ampoules,EGYPTIAN INT. PHARMACEUTICAL INDUSTRIES CO. (E.I.P.I.CO),2 ml,Gentamicin (as sulphate) 80 mg
Genuphil Advance 10 Sachets,,,,,,
Genuphil Advance 30 Sachets,,,,,,
Genuphil Original,,,Syrup,,250 ml,
Genuphil Woman 10 Sachets,,,,,,
Genuphil Woman 30 Sachets,,,,,,
Genurin 200 mg 30,,200 mg,Tablets,,30 Tablets,
Geo Pota - K 600 mg SR 30,,600 mg,Tablets,,30 Tablets,
Geocand Plus 16 mg /12.5 mg 21,,16 mg,Tablets,,21 Tablets,
Gerdcare 5 mg 30,,5 mg,Tablets,,30 Tablets,
Germeten Oral,,,Drops,,10 ml,
Gertadino,,,Syrup,,120 ml,
Gescamoli Extra 500/50 mg 30 Film Coated,,50 mg,Film Coated Tablets,,,
Geskaprofen 25 mg 20,,25 mg,Tablets,,20 Tablets,
Gestranil 0.03 mg /0.075 mg 21,,0.03 mg,Tablets,,21 Tablets,
Gezwe 30 Film Coated,,,Film Coated Tablets,,,
GHN Omega 3 30 Softgels,,,,,,Omega-3 fatty acids
GHN Omega 3 60 Softgels,,,,,,Omega-3 fatty acids
GHN Omega 3 90 Softgels,,,,,,Omega-3 fatty acids
Gicyano 30 Film Coated,,,Film Coated Tablets,,,
Gilda Pell Cream 60 gm,,,,,,
Gilenya 0.5 mg 28,,0.5 mg,Capsules,,28 Capsules,
Gincostazen 500 mg 30,,500 mg,Capsules,,30 Capsules,
Ginginorm 20,,,Capsules,,20 Capsules,
Ginipin Collagen 10 Sachets,,,,,,
Ginipin Collagen Monthly Pack 30 Sachets,,,,,,
Ginipin Collagen With Hyaluronic Acid & Vitamin C 60,,,Capsules,CID,60 Capsules,Ascorbic acid
Ginipin Super Collagen (Vitamin C + E) 10 Sachets,,,,,,Ascorbic acid
Ginipin Super Collagen Monthly Pack 30 Sachets,,,,,,
Ginkgo Biloba 30,,,Capsules,,30 Capsules,
Ginko Plus 20,,,Capsules,,20 Capsules,
Ginkobonina Plus 300 mg 30,,300 mg,Tablets,,30 Tablets,
Ginkofit 30,,,Capsules,,30 Capsules,
Ginkonoro 30 Film Coated,,,Film Coated Tablets,,,
Ginkonoro Plus 30,,,Capsules,,30 Capsules,
Ginkoravia 20 Hard Gelatin,,,Capsules,,,
Ginkoteral 30 Hard Gelatin,,,Capsules,,,
Glaptivia 100 mg 30,,100 mg,Tablets,,30 Tablets,
Glaptivia Plus 50 / 1000 mg 30,,1000 mg,Tablets,,30 Tablets,
Glaptivia Plus 50 / 500 mg 30,,500 mg,Tablets,,30 Tablets,
Glargivin (300 Units / 3 ml) 5 Cartridges (Fridge),,,,,3 ml,
Glaryl 1 mg 30,,1 mg,Tablets,,30 Tablets,
Glaryl 2 mg 30,,2 mg,Tablets,,30 Tablets,
Glaryl 3 mg 30,,3 mg,Tablets,,30 Tablets,
Glaryl 6 mg 30,,6 mg,Tablets,,30 Tablets,
Glasuchond 30 Film Coated,,,Film Coated Tablets,,,
Glempozin 10 mg 30,,10 mg,Tablets,,30 Tablets,
Glempozin 25 mg 30,,25 mg,Tablets,,30 Tablets,
Glenosalic Ointment 15 gm,,,,,,
Glenosalic Ointment 30 gm,,,,,,
Glensert 2% Cream 20 gm,,,,,,
Glensert 2% Spray 15 ml,,,,,15 ml,
Gleptomet 50 mg /1000 mg 30,,50 mg,Tablets,,30 Tablets,
Gleptomet 50 mg /500 mg 30,,50 mg,Tablets,,30 Tablets,
Glibafloz 15 mg 30 Film Coated,,15 mg,Film Coated Tablets,,,
Glibafloz 5 mg 30 Film Coated,,5 mg,Film Coated Tablets,,,
Glibenase 5 mg 20,,5 mg,Tablets,,20 Tablets,
Gliflozamet XR 12.5 mg / 1000 mg 30,,12.5 mg,Tablets,,30 Tablets,
Gliflozamet XR 25 mg / 1000 mg 30,,25 mg,Tablets,,30 Tablets,
Gliflozino 10 mg 30,,10 mg,Tablets,,30 Tablets,
Glimadel 1 mg 30,,1 mg,Tablets,,30 Tablets,
Glimadel 2 mg 30,,2 mg,Tablets,,30 Tablets,
Glimadel 4 mg 30,,4 mg,Tablets,,30 Tablets,
Glimepiride Plus 4 mg /30 mg 30,,4 mg,Tablets,,30 Tablets,
Glimet 2.5 mg/400 mg 30,,2.5 mg,Tablets,,30 Tablets,
Glimet Forte 5 mg/800 mg 30,,5 mg,Tablets,,30 Tablets,
Glimpacare 10 mg 30,,10 mg,Tablets,,30 Tablets,
Glimpacare 25 mg 21,,25 mg,Tablets,,21 Tablets,
Glimpacare 25 mg 28 Film Coated,,25 mg,Film Coated Tablets,,,
Glimpacare Plus ( 10 / 5 mg ) 30,,5 mg,Tablets,,30 Tablets,
Glimpacare Plus ( 25 / 5 mg ) 30,,5 mg,Tablets,,30 Tablets,
Gliptalina 2.5 / 500 mg 30 Film Coated,,500 mg,Film Coated Tablets,,,
Gliptalina XR 5 / 1000 mg 30 Extended Release Film Coated,,1000 mg,Film Coated Tablets,,,
Gliptopack 12.5 mg 30,,12.5 mg,Tablets,,30 Tablets,
Gliptopack 25 mg 30,,25 mg,Tablets,,30 Tablets,
Gliptopack Met 12.5 / 500 mg 30 Tablet,,500 mg,,,,
Gliptus 50 mg 30,,50 mg,Tablets,,30 Tablets,
Gliptus Plus 50 mg/ 500 mg 30,,50 mg,Tablets,,30 Tablets,
Glivec 400 mg 30,,400 mg,Tablets,,30 Tablets,
Globacand 8 mg 28,,8 mg,Tablets,,28 Tablets,
Globaprop 30 mg/5 ml,,30 mg,Syrup,,5 ml,
Globisolone 1 gm 1 Vial,,,,,,
Glomethasone 8 mg/2 ml (IM / IV) 3,,8 mg,Ampoules,,2 ml,
Glownova Soothing Cream 100 gm,,,,,,
Glozithro 500 mg Powder 1 Vial,,500 mg,,,,
Glucagen 1 mg Vial (Fridge),,1 mg,,,,
Glucolight XR 1000 mg 30,,1000 mg,Tablets,,30 Tablets,
Glucolight XR 500 mg 30,,500 mg,Tablets,,30 Tablets,
Glucoliptin 5 mg 30 Film Coated,,5 mg,Film Coated Tablets,,,
Glucoliptin M XR 5 mg / 1000 mg 30 Film Coated,,5 mg,Film Coated Tablets,,,
Glucophage 1000 mg 30,,1000 mg,Tablets,,30 Tablets,Metformin
Glucophage 500 mg 50,,500 mg,Tablets,,50 Tablets,Metformin
Glucophage XR 1000 mg 30,,1000 mg,Tablets,,30 Tablets,Metformin
Glucophage XR 500 mg 30,,500 mg,Tablets,,30 Tablets,Metformin
Glucose 10 % Intravenous Infusion With Cap (Intra Pharm),,,,,,
Glucose 10% 500 ml (Ateco Pharma),,,,,500 ml,
Glucose 10% 500 ml (OTSUKA),,,,,500 ml,
Glucose 25% 500 ml (OTSUKA),,,,,500 ml,
Glucose 25% 500 ml (U Pharma),,,,,500 ml,
Glucose 5% + Sodium Chloride 0.9% 500 ml,,,,,500 ml,
Glucose 5% + Sodium Chloride 0.9% 500 ml (Intra Pharm),,,,,500 ml,
Glucose 5% 500 ml (Ateco Pharma),,,,,500 ml,
Glucose 5% 500 ml With Cap (OTSUKA),,,,,500 ml,
Glucose 5% 500 ml With Cap (U Pharma),,,,,500 ml,
Glucose 5% With Cap 500 ml  (Intra pharm),,,,,500 ml,
Glucose 5% With Cap 500 ml (FIPCO),,,,,500 ml,
Glucose 5%+Sodium Chloride 0.9% 500 ml  (U Pharma),,,,,500 ml,
Glucose 5%+Sodium Chloride 0.9% 500 ml With Cap (OTSUKA),,,,,500 ml,
Glucosunny 30 Hard Gelatin,,,Capsules,,,
Glucovance 500/2.,,2.5 mg,Film Coated Tablets,,,
Gluohoriz 30,,,Tablets,,30 Tablets,
Glutana 30,,,Capsules,,30 Capsules,
Glybofen 5 / 500 mg 30,,500 mg,Tablets,,30 Tablets,
Glycerin 10 Infantile Suppositories,,,,,,
Glycerin 5 Infantile Suppositories,,,,,,
Glycerin Adult 10 Suppositories,,,,,,
Glycerin Adult 5 Suppositories,,,,,,
Glycine 1.5% (Irrigation) Solution 1 Litre,,,,,,
Glycophos 1 Ampoule 20 ml,,,,,20 ml,
Glypressin 1 mg/8.5 ml I.V 5 Vial (Fridge),,1 mg,,,5 ml,
Glyxambi 10 mg/5 mg 30,,10 mg,Tablets,,30 Tablets,
Glyxambi 25 mg/5 mg 30,,25 mg,Tablets,,30 Tablets,
GMP Biorest Massage Gel 75 gm,,,,,,
GMP Biorest Massage Spray 120 ml,,,,,120 ml,
Gold Fem Foam 150 ml,,,,,150 ml,
Gold Plus Cleanser 250 ml,,,,,250 ml,
Golden Fer 10 mg/1 ml,,10 mg,Syrup,,1 ml,
Golden Fer 30 Chewable,,,Tablets,,,
Golden Fer F 30 Chewable,,,Tablets,,,
Golden Lax,,,Syrup,,120 ml,
Golinotech 0.5 mg 2,,0.5 mg,Tablets,,2 Tablets,
Gonal- F 900 IU /1.5 ml Pen (Fridge),,,,,5 ml,
Gonapure 150 IU 1 Vial IM/SC (Fridge),,,,,,
Gonapure 75 IU 1 Vial IM/SC (Fridge),,,,,,
Gonateston 250 mg 1 Ampoule IM,,250 mg,,,,
Goodbye Fever Color Changing Fever Cooling Patches 4 Patches,,,,,,Paracetamol
Gosy Bone Oral,,,Drops,,30 ml,
Goutifade 120 mg 30,,120 mg,Tablets,,30 Tablets,
Gralipentin XR 600 mg 30,,600 mg,Tablets,,30 Tablets,
Gram Bone 30,,,Tablets,,30 Tablets,
Gramitin 30,,,Tablets,,30 Tablets,
Gran Move 20 Sachet 140 gm,,,,,,
Gran Move Emulgel 100 g,,,,,,
Grand Q 400 mg 10,,400 mg,Tablets,,10 Tablets,
Grand Thio 600 20 Film Coated,,,Film Coated Tablets,,,
Grandcemol I.V 1 gm/100ml 1 Vial,,,,,100 ml,
Grantfe,,,Syrup,,120 ml,
Graveno 10 Sachets 70 gm,,,,,,
Greena 10 Sachets Strawberry 6 gm,,,,,,
Greeny 20,,,Capsules,,20 Capsules,
Gripe Water (Bambino) 120 ml,,,,,120 ml,
Gripe Water Smile 120 ml,,,,,120 ml,
Grodesire,,,Syrup,,120 ml,
Groten Biotin 10.000 mcg 30,,,Tablets,,30 Tablets,Biotin
Growth Formula for Pregnant Woman Vanilla Flavor 250 gm,,,,,,
Growth Formula Silver For Elder Pepole +50 Vanilla Flavor 400 gm,,,,,,
Groza 20,,,Tablets,,20 Tablets,
Grozax 3000,,,Syrup,,70 ml,
GTN Cream 25 gm (Al Abdellatif Lab),,,,,,
Guaflex N,,,Syrup,,120 ml,
Guaiadesca,,,Syrup,,120 ml,
Guamusin 12 Sachets,,,,,,
Gubimel 30 Fast Dissolving,,,Tablets,,,
Gubiroid 30,,,Capsules,,30 Capsules,
Guevi 10 Sachets 10 gm,,,,,,
Gufidrexn 400 mg 30,,400 mg,Tablets,,30 Tablets,
Gum - C Mouthwash 120 ml,,,,,120 ml,
Gybenash 400 mg 20 Hard Gelatin,,400 mg,Capsules,,,
Gybenash 600 mg 30 Hard Gelatin,,600 mg,Capsules,,,
Gynocept 21,,,Tablets,,21 Tablets,
Gynoconazol 0.4% Vaginal Cream 30 gm,,,,,,
Gynoconazol 0.8% Vaginal Cream 30 gm,,,,,,
Gynoconazol 80 mg Vaginal Suppositories,,80 mg,,,,
Gynodaktarin 2% Vaginal Cream 40 gm,,,,,,
Gynomonix 0.4% Vaginal Cream 30 gm,,,,,,
Gynoprogest 2 mg 28,,2 mg,Tablets,,28 Tablets,
Gynotrazonagen 600 mg 3 Vaginal Ovules,,600 mg,,,,
Gynozol 2% Vaginal Cream 40 gm,,,,,,
Gynozol 400 mg 3 Vaginal Ovules,,400 mg,,,,
Gypravastin 10 Mg 7 Film Coated,,10 mg,Film Coated Tablets,,,
Gypravastin 20 mg 28 Film Coated,,20 mg,Film Coated Tablets,,,
Gypravastin 20 Mg 7 Film Coated,,20 mg,Film Coated Tablets,,,
Gypravastin 40 Mg 7 Film Coated,,40 mg,Film Coated Tablets,,,
Gypti Cal . D . K Kids,,,Syrup,,120 ml,
Gytrocetam 400 mg 20 Film Coated,,400 mg,Film Coated Tablets,,,
Gytrocetam 800 mg 20 Film Coated,,800 mg,Film Coated Tablets,,,
H . Iron 30 Hard Gelatin,50,,Capsules,,,Ferrous sulfate
H Joint 30,,,Tablets,,30 Tablets,
H-Formula 6 Suppositories,,,,,,
H-Formula Cream 20 gm,,,,,,
Haema-Caps 28,,,Capsules,,28 Capsules,
Haemactin 30,,,Capsules,,30 Capsules,
Haemo Power 100 mg IM 5,,100 mg,Ampoules,,5 Ampoules,
Haemoglob 20,,,Capsules,,20 Capsules,
Haemoglob 30,,,Capsules,,30 Capsules,
Haemojet,,,Syrup,,100 ml,
Haemojet 100 mg 36,,100 mg,Capsules,,36 Capsules,
Haemojet 100 mg 6,,100 mg,Ampoules,,6 Ampoules,
Haemokion 10 mg 3,,10 mg,Ampoules,,3 Ampoules,
Haemostatine 250 mg 30,,250 mg,Tablets,,30 Tablets,
Haemostatine 500 mg 30,,500 mg,Tablets,,30 Tablets,
Haemostop 250 mg 20,,250 mg,Tablets,,20 Tablets,
Haemostop 250 mg 3,,250 mg,Ampoules,,3 Ampoules,
Haemostop 500 mg 20,,500 mg,Tablets,,20 Tablets,
Hair Plus Back 2% Scalp Lotion 100 ml,,,,,100 ml,
Hair Plus Back 5% Scalp Lotion 100 ml,,,,,100 ml,
Hair Tonic 60,,,Capsules,,60 Capsules,
Hairoglobe 2% Topical Solution 60 ml,,,,,60 ml,
Hairvogine 30,,,Tablets,,30 Tablets,
Hala Jo Gel 30 ml,,,,,30 ml,
Halamo Oral,,,Drops,,15 ml,
Haldol Decanoas Ampoule 50 mg / ml,,50 mg,,,,
Halnide 400 mcg 60 Inhaled Powder,,,Capsules,,,
Halonace 1.5 mg 10,,1.5 mg,Tablets,,10 Tablets,
Halonace 5 mg 10,,5 mg,Tablets,,10 Tablets,
Haloperidol 5 mg 5,,5 mg,Ampoules,,5 Ampoules,
Haloperidol Retard 50 mg 1 Ampoule,,50 mg,,,,
Haloprol 5 mg 3,,5 mg,Ampoules,,3 Ampoules,
Halorange,,,Syrup,,120 ml,
Halorelax 30 Film Coated,,,Film Coated Tablets,,,
Hanci - Care Soothing Spray (Hypertonic) 70 ml,,,,,70 ml,
Hanci - Care Soothing Spray (Isotonic) 70 ml,,,,,70 ml,
Hanci - Care Soothing Spray (Rapid Action) 30 ml,,,,,30 ml,
Hanotrim 20 Entric Coated,,,Tablets,,,
Hanza Cutfast Massage Gel 50 gm,,,,,,
Hanza Massage Gel 50 gm,,,,,,
Hanza Vitamine E Cream 50 gm,,,,,,Multivitamins
Hanzo 200 gm 10 Sachets,,,,,,
Hapinal Mouth Spray 40 ml,,,,,40 ml,
HAppy Cross Pre-filled Syringe 2.2 ml (Fridge),,,,,2 ml,
Hava Cal 30 Pills,,,,,,
Havrix Junior Vial 1 Dose 0.5 ml (Fridge),,,,,5 ml,
Havrix Vial (Fridge),,,,,,
Hayloutop Nasal Spray 30 ml,,,,,30 ml,
Heal Quick 0.02 % Topical Cream 15 gm,,,,,,
Healioreptic 100 mg 20 Film Coated,,100 mg,Film Coated Tablets,,,
Healsec 10 mg 14,,10 mg,Capsules,,14 Capsules,
Healsec 40 mg 14,,40 mg,Capsules,,14 Capsules,
Health Pro Synbiotic Banana Flavor 7 Sachets,,,,,,
Healthibact 400 mg 10,,400 mg,Tablets,,10 Tablets,
Healthpoint Zinc & Castor Cream 125 gm,,,,,,Zinc sulfate
Healthpoint Zinc & Castor Cream 225 gm,,,,,,Zinc sulfate
Healthy Flix Nasal Spray 75 ml,,,,,75 ml,
Hebitaxime 1 gm 1 Vial,,,,,,
Hebitaxime 500 mg 1 Vial,,500 mg,,,,
Hedivect 30,,,Tablets,,30 Tablets,
Hedraledox Sryup 120 ml,,,,,120 ml,
Heel-Forte Ointment 20 gm,,,,,,
Helertex Cream 50 gm,,,,,,
Heli Grow 30,,,Tablets,,30 Tablets,
Heli-Cure 20 mg/500 mg /250 mg 14,,20 mg,Tablets,,14 Tablets,
Helian - D3 Oral,,,Drops,,15 ml,
Helixopan,,,Syrup,,120 ml,
Hello Care Mouthwash 120 ml,,,,,120 ml,
Hemaltose 100 mg 30,,100 mg,Tablets,,30 Tablets,
Hemoclar Cream 0.5 % 40 gm,,,,,,
Hemoclin Gel 37 gm,,,,,,
Hemocure Topical Gel 20 gm (Fridge),,,,,,
Hepachain 30 Film Coated,,,Film Coated Tablets,,,
Hepachain 60,,,Tablets,,60 Tablets,
Hepafort 30,,,Capsules,,30 Capsules,
Hepalubine 30,,,Capsules,,30 Capsules,
Hepamarin 140 mg 30,,140 mg,Capsules,,30 Capsules,
Hepanox 20,,,Capsules,,20 Capsules,
Hepaticum,,,Syrup,,120 ml,
Hepato-Forte 30,,,Capsules,,30 Capsules,
Hepatocure 300 mg 21,,300 mg,Capsules,,21 Capsules,
Hepta Panthenol Beta Cream 50 gm,,,,,,
Hepta Panthenol Cream 100 gm,,,,,,
Hepta Panthenol Cream 50 gm,,,,,,
Hepta Panthenol Max Cream 50 gm,,,,,,
Hepta Zelia 30,,,Capsules,,30 Capsules,
Herbaland Gummies For Kids Multivitamins 60,,,Tablets,,60 Tablets,Multivitamins
Herbana 30,,,Capsules,,30 Capsules,
Herbolin 10 Sachets,,,,,,
Herbolin NP 14 Sachets,,,,,,
Herceptin 600 mg/5 ml 1vial (Fridge),,600 mg,,,5 ml,
Hermi 20,,,Capsules,,20 Capsules,
Hermpro 10 mg 20,,10 mg,Tablets,,20 Tablets,
Hero Ors Oral Rehydration Solution Strawberry Flavor 1 Pouch ? 200 ml,,,,,200 ml,
Hero Ors Oral Rehydration Solution Strawberry Flavor 3 Pouches ? 200 ml,,,,,200 ml,
Hero Pedialac Pro Oral,,,Drops,,5 ml,
Hexa Vitamin D3,45,,Drops,,15 ml,Cholecalciferol
Hexapura 40 gm,,,,,,
Hexaxim Pre-filled Syringe (Fridge),,,,,,
Hexitol Mouthwash 100 ml,,,,,100 ml,
Hi Cool Massage Cream 100 mg,,100 mg,,,,
Hi Pan,,,Syrup,,100 ml,
Hi-Cal,,1200 mg,Syrup,,100 ml,
Hi-Glitazone 30 mg 30,,30 mg,Tablets,,30 Tablets,
Hiberix Vaccine Vial & Prefilled Syringe (Fridge),,,,,,
Hibiotic 312 mg Powder For Oral Suspension 60 ml,,312 mg,,,60 ml,
Hibiotic 375 mg 20,,375 mg,Tablets,,20 Tablets,
Hibiotic 625 mg 16,,625 mg,Tablets,,16 Tablets,
Hibiotic-N 457 mg Powder for Oral Suspension 60 ml,,457 mg,,,60 ml,
Hicoxia 120 mg 7 Film Coated,,120 mg,Film Coated Tablets,,,
Hicoxia 60 mg 30 Film Coated,,60 mg,Film Coated Tablets,,,
Hicoxia 90 mg 30 Film Coated,,90 mg,Film Coated Tablets,,,
Hidner Skin Massage Cream 100 gm,,,,,,
Hidonac 5 g / 25 ml 1 Vial (Fridge),,,,,25 ml,
Hidrasec 10 mg 16 Sachets,,10 mg,,,,
Hidrasec 100 mg 10,,100 mg,Capsules,,10 Capsules,
Hidrasec 30 mg 16 Sachets,,30 mg,,,,
High T 30,,,Capsules,,30 Capsules,
Highforte Cream 50 gm,,,,,,
Hijoin 30,,,Tablets,,30 Tablets,
Hillan Massage Cream 50 gm,,,,,,
Himax Cream 30 gm,,,,,,
Himax Vit,,,Syrup,,120 ml,
Hipamax 20,,,Capsules,,20 Capsules,
Hipamax Plus 20,,,Capsules,,20 Capsules,
Hisatrup 10 mg 30,,10 mg,Tablets,,30 Tablets,
Histafree 120 mg 10,,120 mg,Tablets,,10 Tablets,
Histamedizen 30 mg/5ml Oral Suspension 100 ml,,30 mg,,,5 ml,
Histazine-1 10 mg 20,,10 mg,Tablets,,20 Tablets,
Histazine-1 100 ml,,,Syrup,,100 ml,
Histazine-1 3,,,Ampoules,,3 Ampoules,
Histazine-1 Oral,,,Drops,,10 ml,
Histoacryl 1 Ampoule 0.5 ml (Fridge),,,,,5 ml,
Histotec 16 mg 20,,16 mg,Tablets,,20 Tablets,
Histotec 24 mg 20,,24 mg,Tablets,,20 Tablets,
Histotec 8 mg 30,,8 mg,Tablets,,30 Tablets,
Hodaust,,,Syrup,,120 ml,
Hoff Lady 14 Sachets,,,,,,
Hoffcarti 20 Film Coated,,,Film Coated Tablets,,,
Hoffcarti Plus 20 Film Coated,,,Film Coated Tablets,,,
Hoffidal Oral,,,Drops,,15 ml,
Hoffidux,,,Syrup,,60 ml,
Hofflase Oral,,,Drops,,20 ml,
Hoffman 14 Sachets,,,,,,
Hoffslim 30,,,Capsules,,30 Capsules,
Honest Pharma Vitamin C 500 mg 30,,500 mg,Tablets,,30 Tablets,Ascorbic acid
Honest Pharma Vitamin D3 10000 IU 30,45,,Tablets,,30 Tablets,Cholecalciferol
Honest Pharma Zinc 30,,,Tablets,,30 Tablets,Zinc sulfate
Honeyta 10 Sachets,,,,,,
Hostapred 5 mg / 5 ml Oral Solution 100 ml,,5 mg,,,5 ml,
Hosti Rest Elixir 120 ml,,,,,120 ml,
Hot Strike Massage Gel 100 gm,,,,,,
HPG - Cranberry 30 Hard Gelatin,,,Capsules,,,
Hulio 40 mg / 0.8 ml Solution For Injection In 2 Prefilled Pens (Fridge),,40 mg,,,8 ml,
Hulio 40 mg / 0.8 ml Solution For Injection In 2 Prefilled Syringes (Fridge),,40 mg,,,8 ml,
Humalog 100 IU/ ml 5 Cartridges (Fridge),,,,,,
Humalog KwikPen 100 IU 3 ml 5 Prefilled Pens (Fridge),,,,,3 ml,
Humalog Kwikpen 200 IU 3 ml 5 Prefilled Pens (Fridge),,,,,3 ml,
Humalog Mix 25 KwikPen 5 Prefilled Pens (Fridge),,,,,,
Humalog Mix 75/25 100 IU 5 Cartridges (Fridge),,,,,,
Human Albumin (Grifols) 200 g / 1 L Solution For Infusion (Fridge),,,,,,
Human Albumin 200 mg / 1.5 ml Intravenous Infusion Takeda (Fridge),,200 mg,,,5 ml,
Humaxin Mix 70/30 300 IU / 3 ml ? 5 Cartridges,,,,,3 ml,
Humaxin Rapid 5 Penfill 3 ml (Fridge),,,,,3 ml,
Humira 40 mg /0.4 ml 2 Prefilled Syringes (Fridge),,40 mg,,,4 ml,
Humulin (R) 100 IU/ ml 3 ml 5 Cartridges (Fridge),,,,,3 ml,
Humulin 70/30 100 IU 5 Cartridges (Fridge),,,,,,
Humulin N 100 IU 5 Cartridges 3ml (Fridge),,,,,3 ml,
HYA - JUNGA 30 Hard Gelatin,,,Capsules,,,
Hyalgan 20 mg/2 ml 1 Prefilled Syringe (Fridge),,20 mg,,,2 ml,
Hyalo 4 Control Cream 100 gm,,,,,,
Hyalo 4 Control Cream 25 gm,,,,,,
Hyalo 4 Skin Cream 25 gm,,,,,,
Hyalo 4 Start Ointment 30 gm,,,,,,
Hyalone,,60 mg,,,4 ml,
Hyaloptic Ophthalmic Solution 10 ml,,,,,10 ml,
Hyalotoco 30 Hard Gelatin,,,Capsules,,,
Hyalubrix 30 mg 2 ml Syringe (Fridge),,30 mg,,,2 ml,
Hyalugrand 10 ml,,,,,10 ml,
Hycyanaro Sterile Ophthalmic Solution 5 ml,,,,,5 ml,
Hydraback 4 Sachets - Strawberry Flavor,,,,,,
Hydralook 4 Sachets,,,,,,
Hydratears Eye,,,Drops,,10 ml,
Hydrea 500 mg 20,,500 mg,Capsules,,20 Capsules,
Hydro Soap 80 gm,,,,,,
Hydro-Safe Salts 10 Sachets,,,,,,
Hydrocort 1% Cream 20 gm,,,,,,
Hydrocortison 100 mg Vial 2 ml,,100 mg,,,2 ml,
Hydrocortisone Ointment 1% 20 gm,,,,,,
Hydroferrin,,,Syrup,,100 ml,
Hydrofix Gel 15 gm,,,,,,
Hydrofix Gel 50 gm,,,,,,
Hydrofusidic Cream 20 gm,,,,,,
Hydroquine 200 mg 20,,200 mg,Tablets,,20 Tablets,
Hydrovit B12 Depot 3,,,Ampoules,,3 Ampoules,
Hydroxy Urea 500 mg 100,,500 mg,Capsules,,100 Capsules,
Hydroxytoid 200 mg 20,,200 mg,Tablets,,20 Tablets,
Hyfresh 0.2 % Eye,,,Drops,,10 ml,
Hygi-Tadine 5 mg 20,,5 mg,Tablets,,20 Tablets,
Hykomap,,100 mg,,,,
Hykomap Ointment 15 gm,,,,,,
Hylosca Repair Scar Gel 30 gm,,,,,,
Hypa Cee Nasal Spray 100 ml,,,,,100 ml,
Hypercapt,,,Syrup,,100 ml,
Hypolact 0.5 mg 2,,0.5 mg,Tablets,,2 Tablets,
Hyzaar 100/12.5 mg 14,,12.5 mg,Tablets,,14 Tablets,
Hyzaar 50/12.5 mg 14,,12.5 mg,Tablets,,14 Tablets,
I Z Globin 30,,,Capsules,,30 Capsules,
I-Care 14,,,Capsules,,14 Capsules,
Ibandrocare 150 mg 2,,150 mg,Tablets,,2 Tablets,
Ibiacto Cream 30 gm,,,,,,
Ibiamox 400 mg /5 ml Powder for Oral Suspension 80 ml,,400 mg,,,5 ml,
Ibiamox 500 mg 12,,500 mg,Capsules,,12 Capsules,
Ibidroxil 1 gm 8,,,Tablets,,8 Tablets,
Ibidroxil 250 mg Powder for Oral Suspension 60 ml,,250 mg,,,60 ml,
Ibidroxil 500 mg /5 ml Powder For Oral Suspension 60 ml,,500 mg,,,5 ml,
Ibidroxil 500 mg 8,,500 mg,Capsules,,8 Capsules,
Ibrance 125 mg 21,,125 mg,Capsules,,21 Capsules,
Ibripi,,,Syrup,,120 ml,
Ibucalmin 100 mg,,100 mg,Syrup,,,
Ibumentol Topical Gel 100 gm,,,,,,
Icandra Plus 50/1000 mg 30,,1000 mg,Tablets,,30 Tablets,
Ice Ramp Massage Gel 100 gm,,,,,,
Icohop 30 Film Coated,,,Film Coated Tablets,,,
Idelox Eye,,,Drops,,5 ml,
Idivomtron,,4 mg,Tablets,,,
Idivomtron,,8 mg,Tablets,,,
Igea Gel For Scars 50 gm,,,,,,
Igea Glow 60 Hard Gelatin,,,Capsules,,,
Igea Marine Collagen 60,,,Capsules,,60 Capsules,
Igea Marine Collagen 60,,,Capsules,,60 Capsules,
Iksaront 2.5 mg 30,,2.5 mg,Tablets,,30 Tablets,
Ilex D Plus Baby,,,Drops,,30 ml,
Imbruvica 140 mg 90,,140 mg,Capsules,,90 Capsules,
Imeglibright 500 mg 30 Film Coated,,500 mg,Film Coated Tablets,,,
Imeglispire 500 mg 30 Film Coated,,500 mg,Film Coated Tablets,,,
Imfinzi 120 mg/2.4 ml Intravenous Infusion Vial (Fridge),,120 mg,,,4 ml,
Imfinzi 500 mg/10 ml Intravenous Infusion Vial (Fridge),,500 mg,,,10 ml,
Imigran 50 mg 2,,50 mg,Tablets,,2 Tablets,
Imipenem Cilastatin 500 mg Vial 20 ml,,500 mg,,,20 ml,Imipenem + Cilastatin
Immu phi,,,Syrup,,100 ml,
Immuferrin 30,,,Capsules,,30 Capsules,
Immuguard 14 Sachets,,,,,,
Immuguard 7 Sachets,,,,,,
Immulant 175 mg 20,,175 mg,Capsules,,20 Capsules,
Immulant N,,,Syrup,,120 Ml,
Immulant Plus 500 mg 20,,500 mg,Capsules,,20 Capsules,
Immunace Extra 30,,,Tablets,,30 Tablets,
Immunace Original 30,,,Tablets,,30 Tablets,
Immune C - Zinc 14 Sachets,,,,,,Zinc sulfate
Immune D-Max (3) 2000 IU 30 Sachets,,,,,,
Immunizzare,,,Syrup,,120 ml,
Immunizzare 10,,,Capsules,,10 Capsules,
Immunizzare 30,,,Capsules,,30 Capsules,
Immuno Flu 20,,,Capsules,,20 Capsules,Paracetamol + Pseudoephedrine + Chlorpheniramine
Immunomide 10 mg 21,,10 mg,Capsules,,21 Capsules,
Immunomide 25 mg 21,,25 mg,Capsules,,21 Capsules,
Immunomide 5 mg 21,,5 mg,Capsules,,21 Capsules,
Immunvita 20,,,Capsules,,20 Capsules,
Imodium Instant 6,,,Tablets,,6 Tablets,
Imoflora 2/125 mg 10,,125 mg,Tablets,,10 Tablets,
Imoflora 2/125 mg 20,,125 mg,Tablets,,20 Tablets,
Impacta Massage Cream 50 gm,,,,,,
Implatinze 500 mg / 500 mg Powder (IV) 1 Vial,,500 mg,,,,
Improflow 10 mg/40 mg 20 Film Coated,,10 mg,Film Coated Tablets,,,
Improflow 5 mg / 40 mg 20 Film Coated,,5 mg,Film Coated Tablets,,,
Improflow 5 mg/20 mg 20 Film Coated,,5 mg,Film Coated Tablets,,,
Impulse Lees,,,Syrup,,120 ml,
Imtenan Black Maca 25 gm,,,,,,
Imtenan Black Maca 75 gm,,,,,,
Imuran 50 mg 100,,50 mg,Tablets,,100 Tablets,
Imutrexate 10 mg 10,,10 mg,Tablets,,10 Tablets,
Imutrexate 15 mg 10,,15 mg,Tablets,,10 Tablets,
Imutrexate 2.5 mg 10,,2.5 mg,Tablets,,10 Tablets,
Imutrexate 5 mg 10,,5 mg,Tablets,,10 Tablets,
Imutrexate 7.5 mg 10,,7.5 mg,Tablets,,10 Tablets,
Imuxer 50 mg 30,,50 mg,Tablets,,30 Tablets,
Inad-C Zinc 12 Effervescent Sachets ? 4 gm,,,,,,Zinc sulfate
Incan - D Oral,,,Drops,,15 ml,
Incan - D3 Vitamin 5000 IU 30,,,Tablets,,30 Tablets,Multivitamins
Incan-B Comb 30,,,Tablets,,30 Tablets,
Incan-C Vitamin + Zinc 30,,,Capsules,,30 Capsules,Zinc sulfate
Incan-D Advance D3 10000 I.U 30,,,Tablets,,30 Tablets,
Incont L A 4 mg 30,,4 mg,Tablets,,30 Tablets,
Indacin 100 mg 10 Suppositories,,100 mg,,,,
Inderal 10 mg 50,,10 mg,Tablets,,50 Tablets,
Inderal 40 mg 50,,40 mg,Tablets,,50 Tablets,
Indocid 25 mg 30,,25 mg,Capsules,CID,30 Capsules,
Indomethacin - AIT Topical Solution 120 ml,,,,,120 ml,
InEstaBella Calamine Lotion 100 ml,,,,,100 ml,
Inestafenac 50 mg 10 Sachets,,50 mg,,,,
Infapro 30,,,Tablets,,30 Tablets,
Infarais Oral,,,Drops,,30 ml,
Infectocure 125 mg / 5 ml Granules for Oral Suspension 60 ml,,125 mg,,,5 ml,
Infectocure 250 mg / 5ml Granules for Oral Suspension 60 ml,,250 mg,,,5 ml,
Infectocure 250 mg 14,,250 mg,Tablets,,14 Tablets,
Infectocure 500 mg 14,,500 mg,Tablets,,14 Tablets,
Infectomycin 500 mg 6,,500 mg,Tablets,,6 Tablets,
Infiherb,,,Syrup,,120 ml,
Infinity Biovita 60 Gummies + Infinity Biovita 30 Gummies (Offer),,,,,,
Infinity Biovita 60 Gummies + Infinity Infitin 60 Gummies (Offer),,,,,,
Infinity Biovita 60 Gummies + Infinity Omega RX 60 Gummies (Offer),,,,,,Omega-3 fatty acids
Infinity Calcima Calcium Chocolate Chewable Pieces 30 Pieces,35,,,,,Calcium carbonate
Infinity Infitin 60 Pieces (Offer),,,,,,
Infinity Mobiease Massage Gel 120 gm,,,,,,
Infinity Mobiease Massage Gel 60 gm (offer 1 + 1 Free),,,,,,
Infinity Mobinorm Massage Cream 60 gm,,,,,,
Infinity Mobinorm Massage Spray 120 ml,,,,,120 ml,
Infinity Mobinorm Massage Spray 120 ml (Offer 1 + 1 Free),,,,,120 ml,
Infinity Omega Rx 60 Gummies + 30 Gummies Free,,,,,,Omega-3 fatty acids
Infinity Omega Rx 60 Gummies + Infinity Valudal 60 Gummies (Special Offer),,,,,,Omega-3 fatty acids
Infinity Palmefer 15 Sachets,,,,,,
Infinity Soothing Ointment 30 gm,,,,,,
Infinity Valudal 60 Gummies,,,,,,
Infinity Valudal 60 Gummies + 30 Gummies (Special Offer),,,,,,
Inflacam 20 mg 10,,20 mg,Capsules,,10 Capsules,
Inflacam 20 mg 10 Dispersible,,20 mg,Tablets,,,
Inflacam 20 mg 6,,20 mg,Ampoules,,6 Ampoules,
Inflamofen Topical Cutaneous Foam 50 gm,,,,,,
Inflamolox Topical Gel 30 gm,,,,,,
Influvac 1 Prefilled Syringe ? 0.5 ml (Fridge),,,,,5 ml,Paracetamol + Pseudoephedrine + Chlorpheniramine
Inhalex 30 Hard,,,Capsules,,,
Inhibamet 12.5/1000 mg 30,,1000 mg,Tablets,,30 Tablets,
Inhibamet 12.5/500 mg 30,,500 mg,Tablets,,30 Tablets,
Inhibazone 12.5 / 15 30,,,Tablets,,30 Tablets,
Inhibazone 12.5/30 30,,,Tablets,,30 Tablets,
Inhibazone 15 / 25 30 Film Coated,,,Film Coated Tablets,,,
Inhiglip 12.5 mg 30,,12.5 mg,Tablets,,30 Tablets,
Inhiglip 25 mg 30,,25 mg,Tablets,,30 Tablets,
Injectafer 50 mg / ml 1 Vial 10 ml,,50 mg,,,10 ml,
Injectmol 1000 mg IV Vial 100 ml,,1000 mg,,,100 ml,
Injoceph 1000 mg 1 Vial,,1000 mg,,,,
Injoceph 500 mg 1 Vial,,500 mg,,,,
Inletair 10 mg 10,,10 mg,Tablets,,10 Tablets,
Inletair 4 mg 14 Sachets,,4 mg,,,,
Innofer 10 mg 10 Sachet,,10 mg,,,,
Innofer Immu 30,,,Tablets,,30 Tablets,
Innogen Cartigen 30 Hard Gelatin,,,Capsules,,,
Innovagar Oral,,,Drops,,15 ml,
Inodep 30,,,Capsules,,30 Capsules,
Inofolic Combi HP 30 Soft Gelatin,,,Capsules,,,Folic acid
Insect Bite 20 mg Gel,,20 mg,,,,
Insight Vita 30 Film Coated,,,Film Coated Tablets,,,
Inspago 25 mg 21,,25 mg,Tablets,,21 Tablets,
Instanom 20 Hard Gelatin,,,Capsules,,,
Instolab 20 Hard Gelatin,,,Capsules,,,
Insulin Actrapid 5 Penfill 100 ml (Fridge),150,,,,100 ml,Human insulin
Insulin Actrapid HM 100 IU Vial (Fridge),150,,,,,Human insulin
Insulin Mixtard 30 HM 100 IU Vial 10 ml (Fridge),150,,,,10 ml,Human insulin
Insulin Mixtard Penfill 30/70 IU 5,150,,Ampoules,,5 Ampoules,Human insulin
Insulin Novorapid 100 IU 5 Penfills (Fridge),150,,,,,Human insulin
Insulin-H Mix 100 IU/10 ml (Fridge),150,,,,10 ml,Human insulin
Insulinagypt N 100 IU Vial 10 ml (Fridge),150,,,,10 ml,Human insulin
Insulinagypt R 100 IU Vial 10 ml (Fridge),150,,,,10 ml,Human insulin
Integra 10 Sachets,,,,,,
Intense 30 Film Coated,,,Film Coated Tablets,,,
Interofer 100 mg 5 ml ? 5,,100 mg,Ampoules,,5 ml,
Intrafer Food Supplement 30,,,Tablets,,30 Tablets,Multivitamins
Intragel (1.6%) 32 mg/2 ml 1 Prefilled Syringe (Fridge),,32 mg,,,2 ml,
Intravenous Solution 5% Dextrose & 0.9% Sodium Chloride 500 ml,,,,,500 ml,
Invanz 1 gm Vial,,,,,,
Invega Sustenna 100 mg Prefilled Syringe 0.75 ml (Fridge),,100 mg,,,75 ml,
Invega Sustenna 150 mg Prefilled Syringe (Fridge),,150 mg,,,,
Invega Sustenna 75 mg Prefilled Syringe 0.75 ml (Fridge),,75 mg,,,75 ml,
INYCEASE MENTHOL FLAVOR,,,SYRUP,,120 ML,
Inzad 1 gm 1 Vial,,,,,,
Ioprost Eye,,,Drops,,2 ml,
Ipanten 100 mg 50,,100 mg,Capsules,,50 Capsules,
Ipanten 50 mg 50,,50 mg,Capsules,,50 Capsules,
Ipratropium 0.5 mg /2 ml Single Dose Solution,,0.5 mg,,,2 ml,
Ipravent-S Inhalation 200 Metered Dose,,,,,,
IQ Plus Neu Be Granules 30 Sachets,,,,,,
Irawal,,,Syrup,,120 ml,
Irbedrin 150 mg 10,,150 mg,Tablets,,10 Tablets,
Irbedrin-DIU 150/12.5 mg 10,,12.5 mg,Tablets,,10 Tablets,
Irbedrin-DIU 300/12.5 mg 10,,12.5 mg,Tablets,,10 Tablets,
Irbefutal 150 mg 30,,150 mg,Tablets,,30 Tablets,
Irbefutal Co 150/12.5 mg 30,,12.5 mg,Tablets,,30 Tablets,
Irbefutal Co 300/12.5 mg 30,,12.5 mg,Tablets,,30 Tablets,
Irbefutal Co 300/25 mg 30,,25 mg,Tablets,,30 Tablets,
Irfe Sachets,,,,,,
Irobrom 20,,,Capsules,,20 Capsules,
Irobrom 30,,,Capsules,,30 Capsules,
Irocept,,,Syrup,,120 ml,
Iroeast 30,,,Capsules,,30 Capsules,
Iroglob Chocolate 250 gm (Fridge),,,,,,
Irohim 30 Soft Gelatin,,,Capsules,,,
Iromoon 30,,,Capsules,,30 Capsules,
Iron - B 20 Hard Gelatin,50,,Capsules,,,Ferrous sulfate
Iron Floragestive 30 Hard Gelatin,50,,Capsules,,,Ferrous sulfate
Ironglor - Max 30,50,,Capsules,,30 Capsules,Ferrous sulfate
Ironoglor 30,50,,Capsules,,30 Capsules,Ferrous sulfate
Irospect 20,,,Capsules,,20 Capsules,
Irovast 30,,,Tablets,,30 Tablets,
Iroxen,,,Syrup,,120 ml,
Iruxol Ointment 15 gm (Fridge),,,,,,
Isilin,,,Syrup,,120 ml,
Isis-Pharma Vitiskin Regulating Hydrogel ? Favors Repigmentation 50 ml,,,,,50 ml,
Isla Can,,,Drops,,15 ml,
Isla Max,,,Drops,,15 ml,
Iso Acnetin 10 mg 30,,10 mg,Capsules,,30 Capsules,
Iso Acnetin 20 mg 30,,20 mg,Capsules,,30 Capsules,
Iso Mak Retard 20 mg 20,,20 mg,Capsules,,20 Capsules,
Iso Mak Retard 40 mg 20,,40 mg,Capsules,,20 Capsules,
Isoflurane - Sunny Pharmaceutical 100 ml,,,,,100 ml,Paracetamol + Pseudoephedrine + Chlorpheniramine
Isoflurane Ait Liquid Inhalation Solution 100 ml,,,,,100 ml,Paracetamol + Pseudoephedrine + Chlorpheniramine
Isoflurane Inhalation Solution 100 ml,,,,,100 ml,Paracetamol + Pseudoephedrine + Chlorpheniramine
Isoglobin,,,Syrup,,120 ml,
Isomoisty Nasal Spray 30 ml,,,,,30 ml,
Isopronosine 60ml,,,syrup,,60 ml,
Isoptin 5 mg/2 ml IV 5,,5 mg,Ampoules,,2 ml,
Isoptin Retard SR 240 mg 30,,240 mg,Tablets,,30 Tablets,
Isopto-Maxitrol,,,Drops,,5 ml,
Isotretam 10 mg 20 Soft Gelatin,,10 mg,Capsules,,,
Isotretam 20 mg 20 Soft Gelatin,,20 mg,Capsules,,,
Isotretam 40 mg 20 Soft Gelatin,,40 mg,Capsules,,,
Isotretinoin 20 mg 30 Soft Gelatin,,20 mg,Capsules,,,
Itopride 50 mg 30,,50 mg,Tablets,,30 Tablets,
Itracon 100 mg 14,,100 mg,Capsules,,14 Capsules,
Itrafungex 100 mg 15,,100 mg,Capsules,,15 Capsules,
Itranox 100 mg 15,,100 mg,Capsules,,15 Capsules,
Itranox 100 mg 5,,100 mg,Capsules,,5 Capsules,
Itrapex 100 mg 15,,100 mg,Capsules,,15 Capsules,
Itrapex 100 mg 4,,100 mg,Capsules,,4 Capsules,
Itrin 2 mg 30,,2 mg,Tablets,,30 Tablets,
Itrin 5 mg 14,,5 mg,Tablets,,14 Tablets,
Ivabragin 5 mg 30 Film Coated,,5 mg,Film Coated Tablets,,,
Ivabragin 7.5 mg 20 Film Coated,,7.5 mg,Film Coated Tablets,,,
Ivactin 6 mg 6,,6 mg,Tablets,,6 Tablets,
Iverzine 1 % Cream 30 gm,,,,,,
Iverzine 6 mg 24,,6 mg,Tablets,,24 Tablets,
Iverzine 60 ml Lotion,,,,,60 ml,
Ivoglita 100 mg 30,,100 mg,Tablets,,30 Tablets,
Ivoglita 300 mg 30,,300 mg,Tablets,,30 Tablets,
Ivoreen 100 mg 10 Sachets,,100 mg,,,,
Ivoreen 30 Hard Gelatin,,,Capsules,,,
Ivothyme,,,Syrup,,100 ml,
Ivromer,,,Syrup,,120 ml,
Ivy,,,Syrup,,120 ml,
Ivy,,,Syrup,,120 ml,
Ivy Acetyl Cysteine,,,Syrup,,100 ml,
Ivy Bronch,,,Syrup,,120 ml,
Ivy Bronchicum,,,Syrup,,100 ml,
Ivy Co,,,Syrup,,120 ml,
Ivy Cyst,,,Syrup,,100 ml,
Ivy Falcon,,,Syrup,,120 ml,
Ivy Herb,,,Syrup,,120 ml,
Ivy Laity 120 ml,,,Syrup,,120 ml,
Ivy Nutra,,,Syrup,,120 ml,
Ivy Paxal,,,Syrup,,120 ml,
Ivy Tec-Ac,,,Syrup,,120 ml,
Ivy Zad,,,Syrup,,120 ml,
Ivybears Men's Hair Vitamins 60 Gummies,,,,,,Multivitamins
Ivybears Professional  Women's Hair Vitamins 60 Gummies,,,,,,Multivitamins
Ivybears Vibrant Skin 60 Gummies,,,,,,
Ivybears Women's Hair Vitamins 60 Gummies,,,,,,Multivitamins
Ivybears Women's Hair Vitamins 60 Gummies (Discount Price + Brush & Nail File),,,,,,Multivitamins
Ivybubble,,,Syrup,,120 ml,
Ivycare,,,Syrup,,120 ml,
Ivylor,,,Syrup,,100 ml,
Ivymax,,,Syrup,,120 ml,
Ivymore,,,Syrup,,60 ml,
Ivynova,,,Syrup,,120 ml,
Ivyntol,,,Syrup,,120 ml,
Ivypront Cough,,,Syrup,,100 ml,Dextromethorphan + Guaifenesin
Jacomance 60 mg 3 Film Coated,,60 mg,Film Coated Tablets,,,
Jacy Topical Cream 30 gm,,,,,,
Jadenu 360 mg 30,,360 mg,Tablets,,30 Tablets,
Jakaranda 0.5 mg 2,,0.5 mg,Tablets,,2 Tablets,
Jakaranda 0.5 mg 4,,0.5 mg,Tablets,,4 Tablets,
Jakmeston 20,,,Tablets,,20 Tablets,
Jamila Care Massage Cream 50 gm,,,,,,
Janaglip 100 mg 28 Film Coated,,100 mg,Film Coated Tablets,,,
Janaglip Plus 50/1000 Mg 28 Film Coated,,1000 mg,Film Coated Tablets,,,
Janojoint 30 Film Coated,,,Film Coated Tablets,,,
Janumet 50 mg / 1000 mg 56,,50 mg,Tablets,,56 Tablets,
Janumet 50 mg / 500 mg 56,,50 mg,Tablets,,56 Tablets,
Januvia 100 mg 28,,100 mg,Tablets,,28 Tablets,
Januvia 50 mg 28,,50 mg,Tablets,,28 Tablets,
Jarvis Mist Spray 30 ml,,,,,30 ml,
Jaufree 10 ml,,,,,10 ml,
Jaxolic 30 Chewable,,,Tablets,,,
Jedcoflacin 200 mg 20 Film Coated,,200 mg,Film Coated Tablets,,,
Jelace 20,,,Tablets,,20 Tablets,
Jelace 7 Sachets,,,,,,
Jelcy 120 Gummies,,,,,,
Jelcy 120 Gummies + Emotro 60 Pieces (Special Offer),,,,,,
Jelgex Omega 3 Gummies For Kids 30 Pieces,,,,,,Omega-3 fatty acids
Jello 30 Gummies,,,,,,
Jelo Tron 30 Gummies,,,,,,
Jenax Collagen & Vitamin C 100 gm 10 Sachets,,,,,,Ascorbic acid
Jencafemol 30,,,Tablets,,30 Tablets,
Jeno Compound 20 Hard Gelatin,,,Capsules,,,
Jenonal 20 Pieces,,,,,,
Jenutopy Liquid 250 ml,,,,,250 ml,
Jenutopy Liquid With Orange Flavour 250 ml,,,,,250 ml,
Jenutopy Liquid With Strawberry Flavour 250 ml,,,,,250 ml,
Jeparilon 10 Chewable,,,Tablets,,,
Jeparilon 20 Chewable,,,Tablets,,,
Jerry Vit For Children 30 Gummies,,,,,,
Jestamivam 10 / 10 mg 30,,10 mg,Tablets,,30 Tablets,
Jestamivam 10 / 20 mg 30,,20 mg,Tablets,,30 Tablets,
Jestamivam 10 / 40 mg 30,,40 mg,Tablets,,30 Tablets,
Jino Massage Gel 50 gm,,,,,,
Jocado 20,,,Capsules,,20 Capsules,
Jocosa 30,,,Tablets,,30 Tablets,
Joflex 500 mg 30,,500 mg,Capsules,,30 Capsules,
Jogel Oral Gel 20 gm,,,,,,
Joint Care 30,,,Tablets,,30 Tablets,
Joint Guard 30,,,Capsules,,30 Capsules,
Joint Guard Ultra 30,,,Capsules,,30 Capsules,
Joint Pex 30,,,Tablets,,30 Tablets,
Joint Plus 60,,,Tablets,,60 Tablets,
Joint Smith 30 Film Coated,,,Film Coated Tablets,,,
Joint Smith 30 Film Coated,,,Film Coated Tablets,,,
Jointanork 10 Sachet,,,,,,
Jointmack 10 Sachets,,,,,,
Jomogestive 20 Film Coated,,,Film Coated Tablets,,,
Jonmera 10 Sachets,,,,,,
Jonorest 20 Soft Gelatin,,,Capsules,,,
Joswe Quzal 200 mg 30,,200 mg,Tablets,,30 Tablets,
joviapram 10 mg 30 Film Coated,,10 mg,Film Coated Tablets,,,
joviapram 20 mg 30 Film Coated,,20 mg,Film Coated Tablets,,,
Joy 30 Pills,,,,,,
Joy Extra Iron 30,50,,Capsules,,30 Capsules,Ferrous sulfate
Joylyte,,,Syrup,,200 ml,
Joypox 60 mg 6,,60 mg,Tablets,,6 Tablets,
Joypox 60 mg 6,,60 mg,Tablets,,6 Tablets,
Junior Dent Oral Gel 50 gm,,,,,,
Juniphor Massage Cream 60 gm,,,,,,
Juspoled,,100 mg,Syrup,,5 ml,
Jusprin 81 mg 60,,81 mg,Tablets,,60 Tablets,
Justechol 10 mg 14,,10 mg,Tablets,,14 Tablets,
Justechol 10 mg 28,,10 mg,Tablets,,28 Tablets,
Justechol 20 mg 14,,20 mg,Tablets,,14 Tablets,
Justechol 5 mg 28,,5 mg,Tablets,,28 Tablets,
Justin Blue Hair Activator 30 Hard Gelatin,,,Capsules,,,
K-Viton 10 mg 20,,10 mg,Tablets,,20 Tablets,
K1-Apex 10 mg 30 Chewable,,10 mg,Tablets,,,
K2-Calcirave 30,,,Tablets,,30 Tablets,
Kadcyla 100 mg Vial (Fridge),,100 mg,,,,
Kadcyla 160 mg Vial (Fridge),,160 mg,,,,
Kalemapex 10 mEq 30 Extended Release,,,Tablets,,,
Kalmerenda Cream 50 gm,,,,,,
Kalminal Cream 100 gm,,,,,,
Kanjinti 420 mg 1 Vial (Fridge),,420 mg,,,,
Kansartan 150 mg 30,,150 mg,Tablets,,30 Tablets,
Kansartan Plus 150 mg / 12.5 mg 30,,150 mg,Tablets,,30 Tablets,
Kansartan Plus 300 mg / 12.5 mg 30,,300 mg,Tablets,,30 Tablets,
Kapect Compound Suspension 120 ml,,,,,120 ml,
Kapect Suspension 120 ml,,,,,120 ml,
Kapritage Antiseptic Soap 100 gm,,,,,,
Kapron 500 mg 20,,500 mg,Tablets,,20 Tablets,
Karinoba,,25 mg,Tablets,,,
Kast 10 mg 10,,10 mg,Tablets,,10 Tablets,
Kast 4 mg 14 Sachets,,4 mg,,,,
Kast 5 mg 14 Chewable,,5 mg,Tablets,,,
Kativarox 10 mg / ml Oral Solution 100 ml,,10 mg,,,100 ml,
Kativarox 100 mg 30 Film Coated,,100 mg,Film Coated Tablets,,,
Kativarox 50 mg / 5 ml IV Solution,,50 mg,,,5 ml,
Kativarox 50 mg 30 Film Coated,,50 mg,Film Coated Tablets,,,
Katomor,,,Syrup,,120 ml,
Katrex 40 mg 10 ? 3,,40 mg,Tablets,,3 Tablets,
Katrex Worm,,,Syrup,,15 ml,
Kaveda,,,Drops,,30 ml,
Kedonosh,,,Syrup,,200 ml,
Kedonosh,,,Syrup,,200 ml,
Kedonosh,,,Syrup,,200 ml,
Keep - Up Massage Spray 120 ml,,,,,120 ml,
Kefadim 1 gm 1 Vial,,,,,,
Keflex 1 gm 16,,,Tablets,,16 Tablets,
Keflex 250 mg / 5 ml Powder for Oral Suspension 60 ml,,250 mg,,,5 ml,
Keflex 500 mg 12,,500 mg,Tablets,,12 Tablets,
Keiadin D3 Oral,,,Drops,,15 ml,
Kelatop Cream 50 Gm,,,,,,
Kellagon 20,,,Capsules,Arab Company for Pharmaceuticals & Medicinal Plants,20 Capsules,Ammi visnaga fruit dry extract (khellin) 180 mg + Cymbopogon Proximus dry extract 72 mg
Kelo-Cote Scar (UV) Ultra Violet Gel Scar 6 gm,,,,,,
Kelo-Cote Scar Gel 6 gm,,,,,,
Kelux Cream 50 gm,,,,,,
Kemagel Amorphous Sterile Healing Gel 15 g,,,,,,
Kemagel Amorphous Sterile Healing Gel 30 g,,,,,,
Kemiforge 10/320 mg 20,,320 mg,Tablets,,20 Tablets,
Kemiforge 5/160 mg 20,,160 mg,Tablets,,20 Tablets,
Kemiforge 5/320 mg 20,,320 mg,Tablets,,20 Tablets,
Kemiphedrine 10,,,Ampoules,,10 Ampoules,
Kempopim 1 gm 1 Vial,,,,,,
Kemporic 20 mg 2,,20 mg,Tablets,,2 Tablets,
Kempoxone 1 gm (I.M) 1 Vial,,,,,,
Kemprost SR 0.4 mg 20 Hard Gelatin,,0.4 mg,Capsules,,,
Kemstical,,,Syrup,,120 ml,
Kenacomb Cream 30 gm,,,,,,
Kenacomb Ointment 15 gm,,,,,,
Kenacort 4 mg 100,,4 mg,Tablets,,100 Tablets,
Kenova Sachets,,,,,,
Kepilepsy 1000 mg 10,,1000 mg,Tablets,,10 Tablets,
Kepilepsy 250 mg 10,,250 mg,Tablets,,10 Tablets,
Kepilepsy 500 mg 10,,500 mg,Tablets,,10 Tablets,
Kepilepsy 500 mg 5,,500 mg,Ampoules,,5 Ampoules,
Kepilepsy 750 mg 10,,750 mg,Tablets,,10 Tablets,
Kepilepsy Oral Solution 120 ml,,,,,120 ml,
Keppra 100 mg/ml Oral Solution 300 ml,,100 mg,,,300 ml,
Keppra 1000 mg 30,,1000 mg,Tablets,,30 Tablets,
Keppra 250 mg 30,,250 mg,Tablets,,30 Tablets,
Kepradil 1000 mg 30,,1000 mg,Tablets,,30 Tablets,
Kepradil 500 mg 30,,500 mg,Tablets,,30 Tablets,
Kepradil XR 500 mg 30,,500 mg,Tablets,,30 Tablets,
Kepradil XR 750 mg 30,,750 mg,Tablets,,30 Tablets,
Kepradil XR 750 mg 30,,750 mg,Tablets,,30 Tablets,
Keratohyl 30 Hard Gelatin,,,Capsules,,,
Kerella Ointment 15 gm,,,,,,
Kerendia 10 mg 28,,10 mg,Tablets,,28 Tablets,
Kerendia 20 mg 28,,20 mg,Tablets,,28 Tablets,
Kerovit 15,,,Capsules,,15 Capsules,
Ketofan 100 mg / 2 ml (I.M.) 3,,100 mg,Ampoules,,2 ml,
Ketofan 150 mg 30,,150 mg,Tablets,,30 Tablets,
Ketofan 2.5% Gel 40 gm,,,,,,
Ketofan 200 SR 14,,,Capsules,,14 Capsules,
Ketofan 25 mg 30,,25 mg,Tablets,,30 Tablets,
Ketofan 5 mg / 5 ml Oral Suspension 120 ml,,5 mg,,,5 ml,
Ketofan 75 mg 30,,75 mg,Capsules,,30 Capsules,
Ketolac 30 mg (I.M or I.V Infusion) 5,,30 mg,Ampoules,,5 Ampoules,
Ketolgin 100 mg (I.M.) 3,,100 mg,Ampoules,,3 Ampoules,
Ketolgin 2.5% Topical Gel 40 gm,,,,,,
Ketolgin 50 mg 30,,50 mg,Tablets,,30 Tablets,
Ketolgin SR 200 mg 10,,200 mg,Capsules,,10 Capsules,
Ketoprek 1 mg/1 ml 125 ml,,1 mg,Syrup,,1 ml,
Ketoprek 2.5% Topical Gel 20 gm,,,,,,
Ketoprek 2.5% Topical Gel 50 gm,,,,,,
Ketoral 10 mg 20,,10 mg,Tablets,,20 Tablets,
Ketorolin 30 mg /2ml 5,,30 mg,Ampoules,,2 ml,
Ketorolin Sterile Eye,,,Drops,,15 ml,
Kiddo 3,,,Drops,,10 ml,
Kidicare,,,Syrup,,120 ml,
Kidoben Omega 3 Plus 120 Gummies,,,,,,Omega-3 fatty acids
Kidoben Omega 3 Plus 60 Gummies,,,,,,Omega-3 fatty acids
Kidoral Oral,,,Drops,,30 ml,
Kids Appetite Daily Vitamin,,,Syrup,,125 ml,Multivitamins
Kids Daily Vit Sleep,,,Syrup,,60 ml,Diphenhydramine
Kids Memory (Masvitam),,,Syrup,,100 ml,
Kidsomeal,,,Syrup,,120 ml,
Kidzona Omega Oral,,,Drops,,30 ml,Omega-3 fatty acids
Kidzvitone 60 Gummies,,,,,,
Kimbacillo Oral,,,Drops,,15 ml,
Kindol Yum,,,Syrup,,120 ml,
Kinomoxi 400 mg 10,,400 mg,Tablets,,10 Tablets,
Kiromix Pro120 mg 10 Sachets,,120 mg,,,,
Klacid 125 mg / 5 ml Granules for Oral Suspension 70 ml,,125 mg,,CID,5 ml,Omeprazole
Klacid 250 mg 14,,250 mg,Tablets,CID,14 Tablets,Omeprazole
Klacid 250 mg Granules for Oral Suspension 70 ml,,250 mg,,CID,70 ml,Omeprazole
Klacid 500 mg ( I.V )1 Vial,,500 mg,,CID,,Omeprazole
Klacid 500 mg 14,,500 mg,Tablets,CID,14 Tablets,Omeprazole
Klacid XL 500 mg 14,,500 mg,Tablets,CID,14 Tablets,Omeprazole
Klarimix 500 mg 14,,500 mg,Tablets,,14 Tablets,
Klemazice 40 mg 14,,40 mg,Capsules,,14 Capsules,
Klimadynon 30,,,Tablets,,30 Tablets,
Kodomeg 30 Soft Gelatin,,,Capsules,,,
Kokast 10 mg 10,,10 mg,Tablets,,10 Tablets,
Kokast 4 mg 7 Chewable,,4 mg,Tablets,,,
Kolikart 10 Sachets,,,,,,
Kombiglyze Xr 5 / 1000 mg 28,,1000 mg,Tablets,,28 Tablets,
Kopplav Massage Gel 60 gm,,,,,,
Kristacide 20 Film Coated,,,Film Coated Tablets,CID,,Omeprazole
Kyprolis 60 mg 1 Vial,,60 mg,,,,
Kytril 3 mg 5,,3 mg,Ampoules,,5 Ampoules,
L - Carnitine 1 gm 5,,,Ampoules,,5 Ampoules,
L - Carnitine Zinc 30 Film Coated,,,Film Coated Tablets,,,Zinc sulfate
L-Arginine 1000 mg 30,,1000 mg,Tablets,,30 Tablets,
L-Arginine 1000 mg 60,,1000 mg,Tablets,,60 Tablets,
La Grenade Just Dream 70% Alcohol Wipes,,,,,,
La Vika 10 Sachets 10 gm,,,,,,
Labipress Vial 20 ml,,,,,20 ml,
Lacosadelta 100 mg 30 Film Coated,,100 mg,Film Coated Tablets,,,
Lacosadelta 50 mg 30 Film Coated,,50 mg,Film Coated Tablets,,,
Lacosamet 100 mg 20,,100 mg,Tablets,,20 Tablets,
Lacosamet 100 mg 30 Film Coated,,100 mg,Film Coated Tablets,,,
Lacosanad 100 mg 20 Film Coated,,100 mg,Film Coated Tablets,,,
Lacosanad 50 mg 20 Film Coated,,50 mg,Film Coated Tablets,,,
Lacosavil 100 mg 30,,100 mg,Tablets,,30 Tablets,
Lacosavil 50 mg 30,,50 mg,Tablets,,30 Tablets,
Lacovimp 100 mg 30 Film Coated,,100 mg,Film Coated Tablets,,,
Lacovimp 50 mg 30,,50 mg,Tablets,,30 Tablets,
Lacovimp 50 mg 30 Film Coated,,50 mg,Film Coated Tablets,,,
Lacrifresh Eye,,,Drops,,,
Lactagyn 10 Vaginal Ovules,,,,,,
Lactase,,,Drops,,15 ml,
Lactase 750 Oral,,,Drops,,15 ml,
Lactase Enzyme Oral,,,Drops,,15 ml,
Lactase Forte 30 Hard Gelatin,,,Capsules,,,
Lactase Incandesce Oral,,,Drops,,15 ml,
Lacto - Mash 100 mg 30,,100 mg,Capsules,,30 Capsules,
Lacto-Apex 20,,,Capsules,,20 Capsules,
Lactobacillus X Oral,,,Drops,,10 ml,
Lactobay 10 Sachets,,,,,,
Lactodel 2.5 mg 20,,2.5 mg,Tablets,,20 Tablets,
Lactoferroz Plus 20 Hard Gelatin,,,Capsules,,,
Lactogemikan 30 Gelatin,,,Capsules,,,
Lactoherb 10 Sachets,,,,,,
Lactotri 30 Hard Gelatin,,,Capsules,,,
Lactulose AUG - Pharma,,,Syrup,,320 ml,
Lactulose Hek,,,Syrup,,120 ml,
Lacty 20,,,Capsules,,20 Capsules,
Ladenes 30 Enteric Coated,,,Tablets,,,
Lady Hair 30 Hard Gelatin,,,Capsules,,,
Lafer 100 mg 20 Pieces,,100 mg,,,,
Lafurex 40 mg/4 ml 3,,40 mg,Ampoules,,4 ml,
Lagozenda 30 Chewable,,,Tablets,,,
Laktinovant 30 Gummies,,,,,,
Lamazi Collagen Sachets,,,,,,
Lamictal 100 mg 30,,100 mg,Tablets,,30 Tablets,
Lamictal 2 mg 30,,2 mg,Tablets,,30 Tablets,
Lamictal 25 mg 30,,25 mg,Tablets,,30 Tablets,
Lamictal 50 mg 30,,50 mg,Tablets,,30 Tablets,
Lamidine 100 mg 30,,100 mg,Tablets,,30 Tablets,
Lamidine 150 mg 10,,150 mg,Tablets,,10 Tablets,
Lamifen 1% Cream 15 gm,,,,,,
Lamifen 125 mg 14,,125 mg,Tablets,,14 Tablets,
Lamifen 250 mg 14,,250 mg,Tablets,,14 Tablets,
Lamisil 1% Cream 15 gm,,,,,,
Lamisil 250 mg 14,,250 mg,Tablets,,14 Tablets,
Lamotrine 100 mg 30,,100 mg,Tablets,,30 Tablets,
Lamotrine 2 mg 30,,2 mg,Tablets,,30 Tablets,
Lamotrine 25 mg 30,,25 mg,Tablets,,30 Tablets,
Lanaclor Oral Powder Suspension 250 mg 60 ml,,250 mg,,,60 ml,
Lano Co 10 Sachets,,,,,,
Lanodo 20 Sachets,,,,,,
Lanopil Rectal Ointment 30 gm,,,,,,Lidocaine
Lanoxin 0.25 mg 100,,0.25 mg,Tablets,,100 Tablets,
Lansofast 30 mg 30 Orodispersible,,30 mg,Tablets,,,
Lantanon 30 mg 10,,30 mg,Capsules,,10 Capsules,
Lantopep 30 mg 14,,30 mg,Capsules,,14 Capsules,
Lantopep 60 mg 14,,60 mg,Capsules,,14 Capsules,
Lanzofutal 15 mg 10,,15 mg,Capsules,,10 Capsules,
Lanzofutal 30 mg 14,,30 mg,Capsules,,14 Capsules,
Lanzyplex 15 mg 10,,15 mg,Capsules,,10 Capsules,
Lanzyplex 30 mg 10,,30 mg,Capsules,,10 Capsules,
Laratin 30 Pieces,,,,,,
Larivex 500 mg 5,,500 mg,Tablets,,5 Tablets,
Larocinia 14 Sachets,,,,,,
Larogen 25 mg 30,,25 mg,Tablets,,30 Tablets,
Larosuzet 10 / 10 mg 30 Film Coated,,10 mg,Film Coated Tablets,,,
Larosuzet 40 / 10 mg 30 Film Coated,,10 mg,Film Coated Tablets,,,
Lasilactone 100 mg/20 mg 30,,100 mg,Tablets,,30 Tablets,
Lasilactone 50 mg / 20 mg 30,,50 mg,Tablets,,30 Tablets,
Lasiphar 40 mg/4 ml 3,,40 mg,Ampoules,,4 ml,
Lasix 20 mg/2 ml 3,,20 mg,Ampoules,,2 ml,
Lasix 40 mg 24,,40 mg,Tablets,,24 Tablets,
Lasting Tears,,,Drops,,15 ml,
Lastlerge MR 10 mg 14 Scored,,10 mg,Tablets,,,
Lavanic 750 mg 5,,750 mg,Tablets,,5 Tablets,
Lax Massage Cream 75 gm,,,,,,
Laxel 12 Effervescent Sachets 5 gm,,,,,,
Laxeol - Pi 5 mg 20,,5 mg,Tablets,,20 Tablets,
Laxeol PI 5 mg 250 Tablet,,5 mg,,,,
Laxolac,,,Syrup,,120 ml,
LB Baby Oral,,,Drops,,10 ml,
Learofree Scal Gel 30 ml,,,,,30 ml,
Lecital 40 mg 30 Caplets,,40 mg,,,,
Led G 30,,,Tablets,,30 Tablets,
Lee-flox 0.5% Eye,,,Drops,,5 ml,
Lee-Flox 250 mg 5,,250 mg,Tablets,,5 Tablets,
Lee-Flox 750 mg 7,,750 mg,Tablets,,7 Tablets,
Legalon 140 mg 30,,140 mg,Tablets,,30 Tablets,
Lelafree 10 mg 30,,10 mg,Tablets,,30 Tablets,
Lelipel 4 mg 14 Sachets,,4 mg,,,,
Lelipel 5 mg 20 Chewable,,5 mg,Tablets,,,
Lemox 30,,,Tablets,,30 Tablets,
Lenato Ox 10 Sachets,,,,,,
Lentojeston 250 mg/1 ml 1 Ampoule,,250 mg,,,1 ml,
Lentra 14 Sachets,,,,,,
Lenvima 10 mg 30,,10 mg,Capsules,,30 Capsules,
Leponex 100 mg 50,,100 mg,Tablets,,50 Tablets,
Leponex 25 mg 50,,25 mg,Tablets,,50 Tablets,
Lepsiramp 2 mg 14,,2 mg,Tablets,,14 Tablets,
Lepsylief 600 mg 20,,600 mg,Tablets,,20 Tablets,
Lepsylief 800 mg 20,,800 mg,Tablets,,20 Tablets,
Lepticure 100 mg 20,,100 mg,Capsules,,20 Capsules,
Lepticure 300 mg 30,,300 mg,Capsules,,30 Capsules,
Lepticure 400 mg 30,,400 mg,Capsules,,30 Capsules,
Leptrogine 200 mg 30,,200 mg,Tablets,,30 Tablets,
Leptrogine 25 mg 30 Chewable,,25 mg,Tablets,,,
LEQVIO 284 mg / 1.5 ml 1 Prefilled Syringe,,284 mg,,,5 ml,
Lergeblock 1.5% Eye,,,Drops,,10 ml,
Lergemed Nasal Spray 15 ml,,,,,15 ml,
Lergicare 2.5 mg/5 ml Oral Solution 120 ml,,2.5 mg,,,5 ml,
Lescol XL 80 mg 28,,80 mg,Tablets,,28 Tablets,
Letracitolin 250 Mg,,250 mg,Syrup,,120 ml,
Letrozole 2.5 mg 30,,2.5 mg,Tablets,,30 Tablets,
Leukeran 2 mg 25 Film Coated,,2 mg,Film Coated Tablets,,,
Leva Joint 30,,,Tablets,Eva Pharma,30 Tablets,
Levanic 500 mg 7,,500 mg,Tablets,Eva Pharma,7 Tablets,
Levcet 2.5 mg/5 ml Oral Solution 120 ml,,2.5 mg,,,5 ml,
Levcet 5 mg/ml Oral,,5 mg,Drops,,20 ml,
Levectam 100 mg/ml,,100 mg,Syrup,,120 ml,
Levectam 1000 gm 20,,,Tablets,,20 Tablets,
Levemir Flexpen 100 U/ml 5 Pens 3 ml (Fridge),,,,,3 ml,
Levepex 100 mg / ml,,100 mg,Syrup,,,
Levitra 20 mg 4,,20 mg,Tablets,,4 Tablets,
Levocarnine 500 mg 20,,500 mg,Tablets,,20 Tablets,
Levodel 750 mg 5,,750 mg,Tablets,,5 Tablets,
Levoflotanet 750 mg 1 Vial (IV),,750 mg,,,,
Levoflox 500 mg 5 Film Coated,,500 mg,Film Coated Tablets,,,
Levofloxacin 500 mg 10 Film Coated,,500 mg,Film Coated Tablets,,,Levofloxacin
Levofloxacin 750 mg 5,,750 mg,Tablets,,5 Tablets,Levofloxacin
Levofoxat 500 mg 5 Film Coated,,500 mg,Film Coated Tablets,,,
Levokenacin 500 mg 5 Scored Film Coated,,500 mg,Film Coated Tablets,,,
Levomagictam 500 mg 5,,500 mg,Tablets,,5 Tablets,
Levophrine 8 mg / 8 ml 5,,8 mg,Ampoules,,8 ml,
Levopride 25 mg 30,,25 mg,Tablets,,30 Tablets,
Levotavin 750 mg 7,,750 mg,Tablets,,7 Tablets,
Lezberg - Amlo 5 / 20 mg 30,,20 mg,Tablets,,30 Tablets,
Lezberg 20 mg 30,,20 mg,Tablets,,30 Tablets,
Lezberg 40 mg 30,,40 mg,Tablets,,30 Tablets,
Lezberg Plus 40 mg / 12.5 mg 30,,40 mg,Tablets,,30 Tablets,
Lezberg Trio 20 mg / 5 mg / 12.5 mg 30 Film Coated,,20 mg,Film Coated Tablets,,,
Lezberg Trio 40 mg / 10 mg / 25 mg 30 Film Coated,,40 mg,Film Coated Tablets,,,
Lezberg Trio 40 mg / 5 mg / 12.5 mg 30 Film Coated,,40 mg,Film Coated Tablets,,,
Lezberg-Amlo 5 mg/ 40 mg 30,,5 mg,Tablets,,30 Tablets,
Lianeur 20 Hard Gelatin,,,Capsules,,,
Libradiclan 140 mg 7 Medicated Plasters,,140 mg,,,,
Librax 30,,,Tablets,,30 Tablets,
Lidocaine 2% 1 Ampoule,,,,,,
Lidocaine 2% 10,,,Ampoules,,10 Ampoules,
Lidocaine 20 mg / ml Vial 50 ml,,20 mg,,,50 ml,
Lidocaine 50 mg / 5 ml 50,,50 mg,Ampoules,,5 ml,
Lidocaine Hydrochloride,,10 mg,Ampoules,,50 Ampoules,
Lidocaine Hydrochloride Pharmacell 2% 1 Vial 50 ml,,,,,50 ml,
Lidocaine Topical Aerosol 10 gm/100 gm 15 ml,,,,,15 ml,
Life D Oral,,,Drops,,15 ml,
Life Extension Magnesium Citrate 100 mg 100 Veg,,100 mg,Capsules,,,Magnesium oxide
Life Extension Optimized Ashwagandha 60 Veg,,,Capsules,,,
Life Extension Optimized Folate 100 Veg,,,Tablets,,,
Life Extension Potassium with Extend Release Magnesium 60 Veg,,,Capsules,,,Magnesium oxide
Life Extension Vitamin C and Bio-Quercetin 60 Veg,,,Tablets,,,Ascorbic acid
Life Extension Zinc 50 mg 90 Veg,,50 mg,Capsules,,,Zinc sulfate
Life Thyme,,,Syrup,,100 ml,
Lifeiroglob 30 Hard Gelatin,,,Capsules,,,
Lifotribox 10 Film Coated,,,Film Coated Tablets,,,
Light Walk 30,,,Capsules,,30 Capsules,
Lignocaine 10% Spray 15 ml,,,,,15 ml,
Lignocaine 5% Cream 20 gm,,,,,,
Lignocaine 5% Gel 20 gm,,,,,,
Lignopanthen Gel 20 gm,,,,,,
Liliox 10 Sachets,,,,,,
Lilo Gummy 60 Pieces,,,,,,
Lilo Multigummies 30 Pieces,,,,,,
Limitless B Complex ODF 30 Oral Dispensable Films,,,,,,
Limitless C-Zinc Original 30 Lozenges,,,,,,Zinc sulfate
Limitless Caffeine 80 mg 20 Oral Dispersible Films,,80 mg,,,,
Limitless Charcoal Plus 30 Hard Gelatin,,,Capsules,,,
Limitless Co Q10 100 mg 30 Hard Gelatin,,100 mg,Capsules,,,
Limitless Conceive-Q Original 30 Chewable,,,Tablets,,,
Limitless Cranberry Max 20 Sachets,,,,,,
Limitless Digest Now 30 Film Coated,,,Film Coated Tablets,,,
Limitless Diosmin Complex 30 Film Coated,,,Film Coated Tablets,,,Diosmin + Hesperidin
Limitless Diosmin Complex 30 Film Coated,,,Film Coated Tablets,,,Diosmin + Hesperidin
Limitless Fortalase Original,,,Syrup,,80 ml,
Limitless Hydrate Charge 6 Sticks,,,,,,
Limitless Hydrate Glow 6 Sticks,,,,,,
Limitless Hydrate Immunity 6 Sticks,,,,,,
Limitless Hydrate Keto 6 Sticks,,,,,,
Limitless Hydrate Original 6 Sticks,,,,,,
Limitless Joint Avoplus 30 Film Coated,,,Film Coated Tablets,,,
Limitless Kids,,,Syrup,,140 ml,
Limitless Kids D3 + K2 30 Oral Dispersible Films,,,,,,
Limitless Kids Multivitamin,,,Syrup,,250 ml,Multivitamins
Limitless Lactase 12000 30 Chewable,,,Tablets,,,
Limitless Lactoferrin 100 mg 14 Sachets,,100 mg,,,,
Limitless Lactoferrin 100 mg 30 Sachets,,100 mg,,,,
Limitless Lipoferrex 40 mg 30 Film Coated,,40 mg,Film Coated Tablets,,,
Limitless Magnesium 150 mg 30 Film Coated,,150 mg,Film Coated Tablets,,,Magnesium oxide
Limitless Man Max 30 Film Coated,,,Film Coated Tablets,,,
Limitless Man Multigummies 90 Gummies,,,,,,
Limitless Milga Max 30,,,Tablets,,30 Tablets,
Limitless MSM (UCT2) 30,,,Tablets,,30 Tablets,
Limitless Omega -3 Fish Oil 2000 mg 30,,2000 mg,Capsules,,30 Capsules,Omega-3 fatty acids
Limitless Omega -3 Fish Oil 2000 mg 30,,2000 mg,Capsules,,30 Capsules,Omega-3 fatty acids
Limitless Omega -3 Fish Oil 2000 mg 60,,2000 mg,Capsules,,60 Capsules,Omega-3 fatty acids
Limitless Ossofortin D3 2000 Unit 30 Film Coated,,,Film Coated Tablets,,,
Limitless Osteodense Original 30 Film Coated,,,Film Coated Tablets,,,
Limitless PEA Plus 20 Film Coated,,,Film Coated Tablets,,,
Limitless Power Max 30 Film Coated,,,Film Coated Tablets,,,
Limitless Prenatal Max 30,,,Capsules,,30 Capsules,
Limitless Prostanorm Max 30,,,Tablets,,30 Tablets,
Limitless Sleep Aid Dual 30 Bi-Layer,,,Tablets,,,Diphenhydramine
Limitless Turmeric 500 mg 60,,500 mg,Capsules,,60 Capsules,
Limitless Woman Max 100,,,Tablets,,100 Tablets,
Limitless Woman Max 30,,,Tablets,,30 Tablets,
Limitless Woman Max 30,,,Tablets,,30 Tablets,
Limitless Woman Multigummies 90 Gummies,,,,,,
Limitless Zinc 25 mg 30,,25 mg,Tablets,,30 Tablets,Zinc sulfate
Linadiabet 30 Film Coated,,,Film Coated Tablets,,,
Linagliflozin 10 / 5 mg 30 Film Coated,,5 mg,Film Coated Tablets,,,
Linagliflozin 25 / 5 mg 30 Film Coated,,5 mg,Film Coated Tablets,,,
Linajenta Plus 25 mg / 5 mg 30 Film Coated,,25 mg,Film Coated Tablets,,,
Linatraje 5 mg 28,,5 mg,Tablets,,28 Tablets,
Linca 30 Pieces,,,,,,
Linex 10 Sachets 1.5 gm,,,,,,
Linex Adult Probiotic 14,,,Capsules,,14 Capsules,
Linex Complex 14,,,Capsules,,14 Capsules,
Linex Cream 50 gm,,,,,,
Linex Cream 50 gm,,,,,,
Linezolid 600 mg 14,,600 mg,Tablets,,14 Tablets,Linezolid
Linezomentin 600 mg 1 Vial 300 ml IV,,600 mg,,,300 ml,
Lingalabs Plus 10 / 5 / 1000 mg 30 Extended Release Film Coated,,1000 mg,Film Coated Tablets,,,
Lingalabs Plus 12.5 / 2.5 / 1000 mg 30 Extended Release Film Coated,,1000 mg,Film Coated Tablets,,,
Lingalabs Plus 25 / 5 / 1000 mg 30 Extended Release Film Coated,,1000 mg,Film Coated Tablets,,,
Lingonerv 30 Sublingual,,,Tablets,,,
Linorose 30 Soft Gelatin,,,Capsules,,,
Liometacen 50 mg 6 Lyophilized,,50 mg,Ampoules,,,
Liopath 600 mg 30,,600 mg,Tablets,,30 Tablets,
Liopath Comb 30,,,Tablets,,30 Tablets,
Lipicole 40 mg 10,,40 mg,Tablets,,10 Tablets,
Lipicontrol 80 mg / 10 mg 20 Film Coated,,80 mg,Film Coated Tablets,,,
Lipidalon 1 mg 30,,1 mg,Tablets,,30 Tablets,Atorvastatin
Lipidalon 2 mg 30,,2 mg,Tablets,,30 Tablets,Atorvastatin
Lipidalon 4 mg 30,,4 mg,Tablets,,30 Tablets,Atorvastatin
Lipidnorm 10 mg 10,,10 mg,Tablets,,10 Tablets,Atorvastatin
Lipifibrate 105 mg 30,,105 mg,Tablets,,30 Tablets,
Lipinorm 10 mg 7,,10 mg,Tablets,,7 Tablets,
Lipinorm 20 mg 7,,20 mg,Tablets,,7 Tablets,
Lipinorm 40 mg 7,,40 mg,Tablets,,7 Tablets,
Lipitor 10 mg 28,,10 mg,Tablets,,28 Tablets,Atorvastatin
Lipitor 20 mg 28,,20 mg,Tablets,,28 Tablets,Atorvastatin
Lipitor 40 mg 14,,40 mg,Tablets,,14 Tablets,Atorvastatin
Lipitor 80 mg 14,,80 mg,Tablets,,14 Tablets,Atorvastatin
Lipocomb 10 / 10 mg 30,,10 mg,Tablets,,30 Tablets,
Lipocomb 20 / 10 mg 30,,10 mg,Tablets,,30 Tablets,
Lipoferric Folic 30 Hard Gelatin,,,Capsules,,,Folic acid
Lipoferric Folic 30 Sachets,,,,,,Folic acid
Lipomedizen 300 mg 30,,300 mg,Capsules,,30 Capsules,
Lipona 10 mg 10,,10 mg,Tablets,,10 Tablets,
Lipona 20 mg 10,,20 mg,Tablets,,10 Tablets,
Lipona 40 mg 10,,40 mg,Tablets,,10 Tablets,
Liposom - B 12 20 Sublingual Tables,,,,,,
Liposom - B Complex.Active 30,,,Capsules,,30 Capsules,
Liposome - C Vit 500 mg,,500 mg,,,,
Liposome D3 10000 IU 30,,,Capsules,,30 Capsules,
Liposos Lozenges with Cherry 100 Pieces,,,,,,
Liposos Lozenges with Coffee 100 Pieces,,,,,,
Liposos Lozenges with Cola,,,,,,
Liposos Lozenges with Green Mint,,,,,,
Liposos Lozenges with Green Mint 100 Pieces,,,,,,
Liposos Lozenges with Honey & Lemon,,,,,,
Liposos Lozenges with Honey & Lemon 100 Pieces,,,,,,
Liposos Lozenges with Orange,,,,,,
Liposos Lozenges with Pineapple,,,,,,
Liptitam 500 mg 20,,500 mg,Tablets,,20 Tablets,
Liquid Chlorophyll 120 ml,,,,,120 ml,
Liquothyme Plus,,,Syrup,,120 ml,
Lisitens 12.5 mg/20 mg 30,,12.5 mg,Tablets,,30 Tablets,
Listerine Advanced White 250 ml,,,,,250 ml,
Listerine Advanced White 500 ml,,,,,500 ml,
Listerine Cool Mint Antiseptic Mouthwash 250 ml,,,,,250 ml,
Listerine Cool Mint Antiseptic Mouthwash 250 ml (Offer 25%),,,,,250 ml,
Listerine Cool Mint Milder Taste Mouthwash 250 ml,,,,,250 ml,
Listerine Fresh Burst Antiseptic Mouthwash 250 ml,,,,,250 ml,
Listerine Green Tea Mouthwash 250 ml (25% Discount),,,,,250 ml,
Listerine Teeth & Gum Defence Mouthwash 250 ml,,,,,250 ml,
Listerine Teeth & Gum Defence Mouthwash 500 ml,,,,,500 ml,
Listerine Total Care Mouthwash 250 ml,,,,,250 ml,
Listerine Total Care Mouthwash 500 ml,,,,,500 ml,
Listerine Total Care Tartar Protect Mouthwash 250 ml,,,,,250 ml,
Listerine Total Care Tartar Protect Mouthwash 250 ml (Offer 25%),,,,,250 ml,
Listermix Plus Mouthwash 250 ml,,,,,250 ml,
Liton 30,,,Tablets,,30 Tablets,
Livagoal 450 mg 20,,450 mg,Capsules,,20 Capsules,
Liver Albumin Plus 20,,,Capsules,,20 Capsules,
Liverin 20,,,Capsules,,20 Capsules,
Livial 2.5 mg 28,,2.5 mg,Tablets,,28 Tablets,
Lividemia 2 mg 10,,2 mg,Tablets,,10 Tablets,
Lividemia 2 mg 30,,2 mg,Tablets,,30 Tablets,
Lividemia 4 Mg 30 Film Coated,,4 mg,Film Coated Tablets,,,
Loadless 10/20 mg 30,,20 mg,Capsules,,30 Capsules,
Loadless 5 mg/ 20 mg 30,,5 mg,Capsules,,30 Capsules,
Locasten 1% Cream 20 gm,,,,,,
Lodoz 5 mg/ 6.25 mg 30,,5 mg,Tablets,,30 Tablets,
Logiglobin 30 Hard Gelatin,,,Capsules,,,
Logimax 30,,,Tablets,,30 Tablets,
Logipentin 20 Hard Gelatin,,,Capsules,,,
Logitryps 20 Enteric Coated,,,Tablets,,,
Logo-Stav Massage Gel 60 gm,,,,,,
Logus - Gyn 10 Vaginal Ovules,,,,,,
Lohydran 10 Packets,,,,,,
Lokasi Oral,,,Drops,,10 ml,
Lokasi Oral,,,Drops,,10 ml,
Lokazanda Mouth Spray 60 ml,,,,,60 ml,
Lolawest I.V 5,,,Ampoules,,5 Ampoules,
Longa Vitamin B 12 3,,,Ampoules,,3 Ampoules,Multivitamins
Longacef 1 gm (I.M) Vial,,,,,,
Longagen 30 Hard Gelatin,,,Capsules,,,
Longicef 250 mg/5 ml Powder For Oral Suspension 60 ml,,250 mg,,,5 ml,
Longicef 500 mg 8,,500 mg,Capsules,,8 Capsules,
Lonsurf 20 mg / 8.19 mg 20,,20 mg,Tablets,,20 Tablets,
Lopranest 2 mg 20 Oro-Dispersible Films,,2 mg,,,,
Loprecough,,,Syrup,,100 ml,Dextromethorphan + Guaifenesin
Lopro 14 Sachets,,,,,,
Lorafedrine 20 Extended Release,,,Tablets,,,
Loranoglobin 30 Film Coated,,,Film Coated Tablets,,,
Loranovil 8 mg 20,,8 mg,Tablets,,20 Tablets,
Loratan 10 mg 10,,10 mg,Tablets,,10 Tablets,
Loraz 50 mg/12.5 mg 14,,50 mg,Tablets,,14 Tablets,
Loraz Forte 100 mg/ 25 mg 28,,100 mg,Tablets,,28 Tablets,
Lorine 10 mg 10,,10 mg,Tablets,,10 Tablets,
Lornicam Rapid 8 mg 10,,8 mg,Tablets,,10 Tablets,
Lornicam Rapid 8 mg 30,,8 mg,Tablets,,30 Tablets,
Lornox 4 mg 10 Film Coated,,4 mg,Film Coated Tablets,,,
Lornox 8 mg 30 Film Coated,,8 mg,Film Coated Tablets,,,
Lornoxicam 4 mg 20,,4 mg,Tablets,,20 Tablets,
Lornoxicam 8 mg 1 Vial,,8 mg,,,,
Lornoxicam 8 mg 30,,8 mg,Tablets,,30 Tablets,
Losar 50 mg 28,,50 mg,Tablets,,28 Tablets,
Losartan 100 mg 14,,100 mg,Tablets,,14 Tablets,
Losartan 50 mg 10,,50 mg,Tablets,,10 Tablets,
Losazide 100 / 25 mg 10 Film Coated,,25 mg,Film Coated Tablets,,,
Losazide 100 / 25 mg 20 Film Coated,,25 mg,Film Coated Tablets,,,
Lostramix 10 Sachets,,,,,,
Lotanin Chocolate Flavored Candy 30 Pieces,,,,,,
Loteranol 0.5 % Ophthalmic Ointment 5 gm,,,,,,
Lovitrod Oral,,,Drops,,30 ml,
Loxy Joint Collagen 20 Oral,,,Ampoules,,25 ml,
Loxymune 7 Drinkable,,,Ampoules,,25 ml,
Lubicont 24 mg 28,,24 mg,Capsules,,28 Capsules,
Lubicont 8 mcg 10,,,Capsules,,10 Capsules,
Lubristira Lubricant Ophthalmic Solution 15 ml,,,,,15 ml,
Lubrivisc 0.1% Eye,,,Drops,,10 ml,
Lucentis (0.23 ml) 10 mg / 1 ml 1 Vial (Fridge),,10 mg,,,23 ml,
Lucidril 250 mg 20,,250 mg,Tablets,CID,20 Tablets,
Luciforte 500 mg 2,,500 mg,Ampoules,,2 Ampoules,
Lucocid - R 3% Ointment 30 gm,,,,CID,,
Lumicasage Massage Cream 100 gm,,,,,,
Lumicasage Massage Cream 60 gm,,,,,,
Lunaprist 24 mcg 20,,,Capsules,,20 Capsules,
Lungitinib 150 mg 30 Film Coated,,150 mg,Film Coated Tablets,,,
Lungocort 0.25 mg / 2 ml 20,,0.25 mg,Ampoules,,2 ml,
Lungocort 0.5 mg / 2 ml 20,,0.5 mg,Ampoules,,2 ml,
Lungocort 1 mg / 2 ml 20,,1 mg,Ampoules,,2 ml,
Lungotropium 250 mg/ 1 ml 20 Vials,,250 mg,,,1 ml,
Lungotropium 500 mg/ 2 ml 20 Vials,,500 mg,,,2 ml,
Lupital Massage Cream 50 gm,,,,,,
Lusenplug Syryp 125 ml,,,,,125 ml,
Lush Ivy,,,Syrup,,120 ml,
Lustral 50 mg 10,,50 mg,Tablets,,10 Tablets,
Lustral 50 mg 20,,50 mg,Tablets,,20 Tablets,
Lusty Joint 30,,,Tablets,,30 Tablets,
Lutein Oral,,,Drops,,15 ml,
Lutiprim 60,,,Tablets,,60 Tablets,
Lutofolone 2,,,Ampoules,,2 Ampoules,
Lutone 3,,,Ampoules,,3 Ampoules,
Luveris 75 I.U 1 Vial,,,,,,
Luxoferol 20 Soft Gelatin,,,Capsules,,,
Lyse 0.65% Nasal,,,Drops,,15 ml,
Maalox Lemon 20 Sachets,,,,,,
Maalox Plus 200 mg 40,,200 mg,Tablets,,40 Tablets,
Maalox Plus Suspension 180 ml,,,,,180 ml,
Maalox Red Fruit 20 Sachets,,,,,,
Macitentan - Evapharma 10 mg 10,,10 mg,Tablets,Eva Pharma,10 Tablets,
Maclavex 1 gm 14 Film Coated,,,Film Coated Tablets,,,
Macrelax Massage Cream 60 gm,,,,,,
Macro Nutri Omega 3 30 Soft Gelatin,,,Capsules,,,Omega-3 fatty acids
Macro Nutri Vitamin D3 10000 IU 30 Soft Gelatin,45,,Capsules,,,Cholecalciferol
Macrofuran 50 mg 30,,50 mg,Capsules,,30 Capsules,
Macrofuran 50 mg 30,,50 mg,Capsules,,30 Capsules,
Maddovit Eve + Aloe Vera 30,,,Tablets,,30 Tablets,
Maddox Freemove 30,,,Tablets,,30 Tablets,
Mafo 100 mg / 5 ml,,100 mg,Syrup,,5 ml,
Mafo 400 mg 30,,400 mg,Tablets,,30 Tablets,
Mag Whites 30,,,Tablets,,30 Tablets,
Mag Whites 60,,,Tablets,,60 Tablets,
Magicmycin Vaginal Cream 40 gm,,,,,,
Magicpiclone 2 mg 20,,2 mg,Tablets,,20 Tablets,
Magitamsulosin 0.4 mg 30 Hard Gelatin,,0.4 mg,Capsules,,,
Magmatonin 30 Chewable,,,Tablets,,,
Magna -Biotic 312.5 mg Powder for Oral Suspension 80 ml,,312.5 mg,,,80 ml,
Magna-Biotic 1 gm 10,,,Tablets,,10 Tablets,
Magnesium Plus 30,,,Tablets,,30 Tablets,Magnesium oxide
Magnesium Sulphate 1 gm 1 Ampoule 10 ml,,,,,10 ml,Magnesium oxide
Magnisol 10% 5 ml 6,,,Ampoules,,5 ml,
Makgy Collagen 10 Sachets,,,,,,
Mal - Wasser Nasal Spray 60 ml,,,,,60 ml,
Malcon Cream 50 gm,,,,,,
Maldigar Oral,,,Drops,,15 ml,
Mamanor 20,,,Capsules,,20 Capsules,
Manage Massage Spray 60 ml,,,,,60 ml,
Manbrava 20 Film Coated,,,Film Coated Tablets,,,
Mandogist,,,Syrup,,120 ml,
Manipulepsy 400 mg 30 Hard Gelatin,,400 mg,Capsules,,,
Manjo Nutra Joint Support 200,,,Capsules,,200 Capsules,
Manjo Nutra Vitamin B12 1000 mcg 100 Chewable,,,Tablets,,,Thiamine
Mannitol 10 % 500 ml (U Pharma),,,,,500 ml,
Mannitol 10 % 500 ml (U Pharma),,,,,500 ml,
Mannitol 20 % 500 ml (Alnaser),,,,,500 ml,
Mannitol 20 % 500 ml (Ateco Pharma),,,,,500 ml,
Mannitol 20 % 500 ml (FIPCO),,,,,500 ml,
Mannitol 20 % 500 ml (U Pharma),,,,,500 ml,
Mannitol 20 % Solution 500 ml,,,,,500 ml,
Mannitol 20% Intravenous Infusion With Cap 500 ml (Ostuca),,,,,500 ml,
Manzavida 30 Hard Gelatin,,,Capsules,,,
Map Omega,,,Syrup,,120 ml,Omega-3 fatty acids
Mapi Healthy Cell 20 Pieces,,,,,,
Marcaine Spinal 0.5 % Heavy 5,,,Ampoules,,5 Ampoules,
Marcal 700 mg 30,,700 mg,Tablets,,30 Tablets,
Marcrisa 2% Ointment 30 gm,,,,,,
Marevan 1 mg 102,,1 mg,Tablets,Eva Pharma,102 Tablets,
Marevan 3 mg 102,,3 mg,Tablets,Eva Pharma,102 Tablets,
Marevan 5 mg 102,,5 mg,Tablets,Eva Pharma,102 Tablets,
Mariagon 175 mg 30,,175 mg,Capsules,,30 Capsules,
Marigreek 10 Sachets,,,,,,
Marinal 24 Pieces,,,,,,
Mark Fast 250 mg / 200 mg 30,,250 mg,Capsules,,30 Capsules,
Markibemp 180 mg 30 Film Coated,,180 mg,Film Coated Tablets,,,
Marnys Ferrobine Complex Liquid 125 ml,,,,,125 ml,
Marnys Ginseng 1000 mg 30,,1000 mg,Capsules,,30 Capsules,
Marnys L-Carnitine 2000 mg 11 ml/10,,2000 mg,Ampoules,,11 ml,
Marnys Nobiletil 11 ml 10,,,Ampoules,,11 ml,
Marnys Omega 3,,,Syrup,,50 ml,Omega-3 fatty acids
Marnys Omega 3,,,Syrup,,125 ml,Omega-3 fatty acids
Marnys Osteohelp Complex Liquid 125 ml,,,,,125 ml,
Marnys Pregnamar 60,,,Capsules,,60 Capsules,
Marnys Protect,,,Syrup,,125 ml,
Marnys Royal Jelly 1000 mg 30,,1000 mg,Capsules,,30 Capsules,
Marnys Royal Provite 5000 10,,,Ampoules,,10 Ampoules,
Marnys Royal Provite 5000 20,,,Ampoules,,20 Ampoules,
Maro - Sitol 30 Film Coated,,,Film Coated Tablets,,,
Maro zex Massage Gel 60 gm,,,,,,
Marovarex 120 mg 14,,120 mg,Capsules,,14 Capsules,
Marovarex 240 mg 56,,240 mg,Capsules,,56 Capsules,
Marpalene Cream 30 gm,,,,,,
Martaviva 2 mg / 0.03 mg 21,,2 mg,Tablets,,21 Tablets,
Marvamune 1000 mg 60,,1000 mg,Capsules,,60 Capsules,
Marvigoline 0.5 mg 2,,0.5 mg,Tablets,,2 Tablets,
Marvit 100 ml,,,Syrup,,100 ml,
Marvit 14,,,Capsules,,14 Capsules,
Marvitense 40 / 10 / 12.5 mg 30,,12.5 mg,Tablets,,30 Tablets,
Marvitense 40 / 10 / 25 mg 30,,25 mg,Tablets,,30 Tablets,
Marvitense 40 / 5 / 25 mg 30,,25 mg,Tablets,,30 Tablets,
Marvitense 40 / 5 /12.5 mg 30,,12.5 mg,Tablets,,30 Tablets,
Marvy D 30,,,Tablets,,30 Tablets,
Marvy D Oral,,,Drops,,15 ml,
Masasoft Massage Gel 75 gm,,,,,,
Mass Veray Massage Spray 120 ml,,,,,120 ml,
Massinnova For Joint Health Gel 50 gm,,,,,,
Master - GI 30 Hard Gelatin,,,Capsules,,,
Master 24 Chewable,,,Tablets,,,
Master Cod Liver Oil 20,,,Capsules,,20 Capsules,
Master-Gest 20,,,Capsules,,20 Capsules,
Masterex Massage Spary 100 ml,,,,,100 ml,
Masterkeen Oral,,,Drops,,30 ml,
Matin 30,,,Tablets,,30 Tablets,
Matio Cognipron Oral Suspension 100 ml,,,,,100 ml,
Matricoga 20,,,Tablets,,20 Tablets,
Matricoga 30,,,Tablets,,30 Tablets,
Matrix 20,,,Tablets,,20 Tablets,
Matujac 60 mg 3,,60 mg,Tablets,,3 Tablets,
Mavilor 10 mg 30,,10 mg,Tablets,,30 Tablets,
Mavilor 2.5 mg 30,,2.5 mg,Tablets,,30 Tablets,
Mavilor 5 mg 30,,5 mg,Tablets,,30 Tablets,
Mavilor Plus 5 mg/12.5 mg 30,,5 mg,Tablets,,30 Tablets,
Mavilor Plus 5 Mg/25 Mg 30 Film Coated,,5 mg,Film Coated Tablets,,,
Mavixa Gel 20 Sachets 5 gm,,,,,,
Max - Hylocare Cream 50 gm,,,,,,
Maxamika 1000 mg / 4 ml 1 Vial,,1000 mg,,,4 ml,
Maxamika 500 mg / 2 ml 1 Vial,,500 mg,,,2 ml,
Maxi - Mum Q10 200 mg 30 Hard Gelatin,,200 mg,Capsules,,,
Maxi Care Cream 75 gm,,,,,,
Maxi Mum 10 Sachets 5gm,,,,,,
Maxical 600 mg 30,,600 mg,Tablets,,30 Tablets,
Maxical 600 mg 30,,600 mg,Tablets,,30 Tablets,
Maxical Plus 30,,,Tablets,,30 Tablets,
Maxical Plus 30,,,Tablets,,30 Tablets,
Maxical-D Oral Suspension 120 ml,,,,,120 ml,
Maxilase,,,Syrup,,200 ml,
Maximodim 1 Gm IV-IV Vial 5 ml,,,,,5 ml,
Maxipime 500 mg 1 Vial,,500 mg,,,,
Maxwell Cool Patch 4 Pieces,,,,,,
Mayestrotense 1 Ampoule,,,,,,
Mazagoton Energy 30,,,Tablets,,30 Tablets,Caffeine + Vitamins
Mazagoton F 30,,,Tablets,,30 Tablets,
Mazagoton M 30,,,Tablets,,30 Tablets,
Mazemal 200 mg 20,,200 mg,Tablets,,20 Tablets,
Mazora Omega 30 Soft Gelatin,,,Capsules,,,Omega-3 fatty acids
MB Otto 30 Film Coated,,,Film Coated Tablets,,,
MB Steel 20 Hard Gelatin,,,Capsules,,,
MBO Immuno 30 Sustained Release,,,Capsules,,,
Mdicorval 100/6 mcg Inhalation,,,,,,
Mdicorval 200/6 mcg Inhalation,,,,,,
Mebefac 200 mg 30,,200 mg,Tablets,,30 Tablets,
Mebo 15 gm Ointment,,,,,,
Mebo 75 gm Ointment,,,,,,
Mebo Ointment 30 gm,,,,,,
Mebo Scar Ointment 30 gm,,,,,,
Medexaflam 15 mg 1.5 ml 3,,15 mg,Ampoules,,5 ml,
Medexaflam 15 mg 12 Suppositories,,15 mg,,,,
Medexanerv 30 Film Coated,,,Film Coated Tablets,,,
Medexavy,,,Syrup,,120 ml,
Media Care Mouth Solution 250 ml,,,,,250 ml,
Medical Yeast 60,,,Tablets,,60 Tablets,
Medihyalo Cream 30 gm,,,,,,
Medion Gel 50 gm,,,,,,
Medipha B12 30 Oral Dissolvable Films,,,,,,
Medipha Lase,,,Syrup,,100 ml,
Medipha Mega,,,Syrup,,100 ml,
Medipha Mune,,,Syrup,,120 ml,
Medmylezen,,,Syrup,,100 ml,
Medrelaxmidine 200 mcg Vail 50 ml,,,,,50 ml,
Medvitazen 30,,,Capsules,,30 Capsules,
Megafen 30,,,Tablets,,30 Tablets,
Megalase,,,Syrup,,125 ml,
Megamox Es 642.9/5 mg Suspention 100 ml,,5 mg,,,100 ml,
Megan Children Omega 3 120 Gummies (+ 60 Gummies Free),,,,,,Omega-3 fatty acids
Megan Children Omega 3 120 Gummies + Profi Kids Multi-Vitamins 60 Gummies,,,,,,Omega-3 fatty acids
Megaprazole 40 mg IV 1 Vial,,40 mg,,,,
Megar Whey Protein 7 Sachets,,,,,,
Mejendel 30 Film Coated,,,Film Coated Tablets,,,
Meki A-H,,,Syrup,,60 ml,
Melacryst 1.5 mg 20 Films,,1.5 mg,,,,
Melacryst 3 mg 20 Oro-Dispersible Films,,3 mg,,,,
Melactium 30 Film Coated,,,Film Coated Tablets,,,
Melano Massage Cream Plus 40 gm,,,,,,
Melano Massage Cream Plus 40 gm (Offer 1+1),,,,,,
Melanocool Cream 20 gm,,,,,,
Melanocool Cream 200 gm,,,,,,
Melanocool Cream 75 gm,,,,,,
Melanoreen 20% Cream 30 gm,,,,,,
Melanoxidil 5% Topical Hair Solution 60 ml,,,,,60 ml,
Melatocalm 30 Sublingual,,,Tablets,,,
Melatonin Oral,,,Drops,,30 ml,
Melatorest 30 Hard,,,Capsules,,,
MelatoWhite 5 mg 20,,5 mg,Tablets,,20 Tablets,
Melkarok 20 Film Coated,,,Film Coated Tablets,,,
Mellitofix Met 1000 mg /12.5 mg 30,,1000 mg,Tablets,,30 Tablets,
Mellitofix Met 1000 mg /5 mg 30,,1000 mg,Tablets,,30 Tablets,
Mellitofix Met 500 mg/12.5 mg 30,,500 mg,Tablets,,30 Tablets,
Melocam 15 mg 30,,15 mg,Tablets,,30 Tablets,
Meloxicam 15 mg 10,,15 mg,Tablets,,10 Tablets,
Meloxicam 15 mg 3,,15 mg,Ampoules,,3 Ampoules,
Memexa 10 mg 30,,10 mg,Tablets,,30 Tablets,
Memexa 15 ml Oral,,,Drops,,15 ml,
Memo Pura,,,Syrup,,120 ml,
Memocito Plus 30 Hard Gelatin,,,Capsules,,,
Memontix 30 Sachets 2 gm,,,,,,
Memontix 450 mg 60,,450 mg,Capsules,,60 Capsules,
Menactra Meningitis Vaccine 1 Vial (Fridge),,,,,,
Menobrocond 30,,,Tablets,,30 Tablets,
Menofresh Lozenges Orange and Peppermint Flavor 24 Pieces,,,,,,
Menofresh Lozenges Orange and Peppermint Flavor 6 Pieces,,,,,,
Menogon 75 IU 10,,,Ampoules,,10 Ampoules,
Menopace Original 30,,,Tablets,,30 Tablets,
Menta Care Mouth Spray 50 ml,,,,,50 ml,
Menta Care Mouth Wash 250 ml,,,,,250 ml,
Menthogen 10 Sachets,,,,,,
Mento Val,,,Drops,,60 ml,
Mentogest 30,,,Capsules,,30 Capsules,
Mentophor Massage Cream 100 gm,,,,,,
Mentovage Massage Cream 50 gm,,,,,,
Menzoflic 30 Film Coated,,,Film Coated Tablets,,,
Mepacal D-F 30,,,Tablets,,30 Tablets,
Mepaclind 150 mg 16,,150 mg,Capsules,,16 Capsules,
Mepaclind 300 mg 8,,300 mg,Capsules,,8 Capsules,
Mepacolon 135 mg 20,,135 mg,Tablets,Mepaco,20 Tablets,
Mepafloxin 750 mg 5,,750 mg,Tablets,,5 Tablets,
Mepafuran 50 mg 20,,50 mg,Capsules,,20 Capsules,
Mepaphage Xr 1000 mg 30,,1000 mg,Tablets,,30 Tablets,
Mepaphage XR 850 mg 30,,850 mg,Tablets,,30 Tablets,
Mepasil 160 mg 20,,160 mg,Tablets,,20 Tablets,
Mephan On Cream 100 gm,,,,,,
Mepradep 40 mg 14,,40 mg,Capsules,,14 Capsules,
Meralgo 20,,,Capsules,,20 Capsules,
Mercava 30 Sachets 10 gm,,,,,,
Mercfol 20 Film Coated,,,Film Coated Tablets,,,
Mercilon 0.15/0.02 mg 21,,0.02 mg,Tablets,,21 Tablets,
Meriofert 75 I.U mg 10 Vial (Fridge),,,,,,
Mernovital Kids,,,Syrup,,100 ml,
Meron 20 Pieces,,,,,,
Meronem 1 gm 1 Vial,,,,,,
Meronem 500 mg 1 Vial,,500 mg,,,,
Meropenem 1 gm Vial IV,,,,,,Meropenem
Meropenem 1 gm Vial IV (Arax Pharma),,,,,,Meropenem
Meropenem 500 mg Vial IV,,500 mg,,,,Meropenem
Merostarkyl 500 mg 1 Vial,,500 mg,,,,
Merva D3 30 Film Coated,,,Film Coated Tablets,,,
Mesocept 1 ml 1 Ampoule,,,,,1 ml,
Mesporin 1 gm Vial (I.M),,,,,,
Mestal Gel 30 gm,,,,,,
Mestal Gel 50 gm,,,,,,
Mestal Gel 80 gm,,,,,,
Mestinon 60 mg 150,,60 mg,Tablets,,150 Tablets,
Metacardia 20 mg 30,,20 mg,Tablets,,30 Tablets,
Metacardia MR 35 mg 30,,35 mg,Tablets,,30 Tablets,
Metadronic 4 mg / 5 ml 1 Vial,,4 mg,,,5 ml,
Metapsin 10,,,Tablets,,10 Tablets,
Metexir Gaba Plus 30 Sachets,,,,,,
Metformin XR 1000 mg 30,30,1000 mg,tablets,,30 tablets,Metformin
Metformin XR 500 mg 30,30,500 mg,tablets,,30 tablets,Metformin
Metho Quick 20,,,Tablets,,20 Tablets,
Metho Quick 30,,,Tablets,,30 Tablets,
Methobamol 400 mg / 320 mg 20,,400 mg,Tablets,,20 Tablets,
Methorelax 30,,,Tablets,,30 Tablets,
Methotrexate 2.5 mg 100,,2.5 mg,Tablets,,100 Tablets,
Methotrexate 2.5 mg 50,,2.5 mg,Tablets,,50 Tablets,
Methotrexate 5000 mg / 50 ml 1 Vial,,5000 mg,,,50 ml,
Methyl Folate 800 / 1000 mcg 30,,,Capsules,,30 Capsules,
Methylprednisolone 500 mg 10 Vials,,500 mg,,,,Prednisolone
Methyltechno 1000 mcg 30 Films,,,,,,
Methytral Nano Spray 100 ml,,,,,100 ml,
Metianormin 1000 mg 30,,1000 mg,Tablets,,30 Tablets,
Metianormin 750 mg 30,,750 mg,Tablets,,30 Tablets,
Metoject 12.5 mg Subcutaneous Injection 1 Pre-filled Pen,,12.5 mg,,,,
Metoject 7.5 mg Subcutaneous Injection 1 Pre-filled Pen,,7.5 mg,,,,
Metopronad 5 mg /5ml 3,,5 mg,Ampoules,,5 ml,
Metrogypton 20 Film Coated,,,Film Coated Tablets,,,
Metrohaler 30 Inhalation,,,Capsules,,,
Metronidazole Injection 100 ml,,,,,100 ml,Metronidazole
Metvildazone 1000/50 mg 30,,50 mg,Tablets,,30 Tablets,
MFS Plus 120 Vegetable,,,Capsules,,,
Miacalcic 100 I.U 5,,,Ampoules,,5 Ampoules,
Micardis 40 mg 28,,40 mg,Tablets,,28 Tablets,
Micardis 80 mg 28,,80 mg,Tablets,,28 Tablets,
Micardis Plus 40 /12.5 mg 28,,12.5 mg,Tablets,,28 Tablets,
Micardis Plus 80 / 25 mg 28,,25 mg,Tablets,,28 Tablets,
Micardis Plus 80 /12.5 mg 28,,12.5 mg,Tablets,,28 Tablets,
Micazole Oral Gel 40 gm,,,,,,
Miclox 500 mg 10,,500 mg,Capsules,,10 Capsules,
Micoban 100 mg 6 Vaginal Suppositories,,100 mg,,,,
Micoban Oral Gel 20 gm,,,,,,
Miconaz 400 mg 3 Vaginal,,400 mg,Capsules,,,
Miconaz Cream 20 gm,,,,,,
Miconaz Liquid Spray 60 ml,,,,,60 ml,
Miconaz Powder Spray 60 gm,,,,,,
Microlut 30 mcg 35,,,Tablets,,35 Tablets,
Microserc 16 mg 20,,16 mg,Tablets,,20 Tablets,
Microserc 24 mg 20,,24 mg,Tablets,,20 Tablets,
Microserc 8 mg 30,,8 mg,Tablets,,30 Tablets,
Mictonorm XL 30 mg 28,,30 mg,Tablets,,28 Tablets,
Midodrine 10 mg,,10 mg,Drops,,,
Midodrine 2.5 mg 20,,2.5 mg,Tablets,,20 Tablets,
Miflonide 400 mcg 60,,,Capsules,,60 Capsules,
MIG Spray Migrane Prevention 15 ml,,,,,15 ml,
Migriza 10 mg 5,,10 mg,Tablets,,5 Tablets,
Migrostop 12.5 mg 2,,12.5 mg,Tablets,,2 Tablets,
Milabion 30,,,Tablets,,30 Tablets,
Milga 40,,,Tablets,,40 Tablets,
Milga Advance 30,,,Tablets,,30 Tablets,
Milkita 30 Pieces,,,,,,
Milkoherb 30 Hard Gelatin,,,Capsules,,,
Milnavella 12.5 mg 30,,12.5 mg,Tablets,,30 Tablets,
Milnavella 25 mg 30,,25 mg,Tablets,,30 Tablets,
Milnavella 50 mg 30,,50 mg,Tablets,,30 Tablets,
Minalax 10,,,Tablets,,10 Tablets,
Mindvigora 30 Film Coated,,,Film Coated Tablets,,,
Mini Guava N Oral,,,Drops,,15 ml,
Mini I.C 20,,,Capsules,,20 Capsules,
Minirin Melt 120 mcg 30,,,Tablets,,30 Tablets,
Minirin Melt 60 mcg 30,,,Tablets,,30 Tablets,
Minophylline-N 25 mg/ml 5,,25 mg,Ampoules,,5 Ampoules,
Minophylline-SR-300 mg 30,,300 mg,Tablets,,30 Tablets,
Minoxidil - Mup 5% Aerosol Foam 150 ml,,,,,150 ml,
Minoxigrow 5% Topical Foam 150 gm,,,,,,
Mintastal 30,,,Tablets,,30 Tablets,
Minto Carbon 30 Soft Gelatin,,,Capsules,,,
Mintra Iron 30,50,,Tablets,,30 Tablets,Ferrous sulfate
Mintrac 30 Chocolate,,,Tablets,,,
Minvitros 30 Film Coated,,,Film Coated Tablets,,,
Miopan Suspension 100 ml,,,,,100 ml,
Mira Kids Multi - Vitamin Gummies,,,,,,Multivitamins
Mirage 0.5 gm Vial IV,,,,,,
Mirage 1 gm Vial IV,,,,,,
Mirena Loop,,,,,,
Mirfenacin MR 5 / 25 mg 30 Film Coated,,25 mg,Film Coated Tablets,,,
Mirfenacin MR 5 / 50 mg 30 Film Coated,,50 mg,Film Coated Tablets,,,
Mirpresion 30 mg 30,,30 mg,Tablets,,30 Tablets,
Mitashe 3,,,Ampoules,,3 Ampoules,
Mixderm Cream 15 gm,,,,,,
Mixmazil 10 / 14 mg 28,,14 mg,Capsules,,28 Capsules,
MNR Omega 20 Soft Gelatin,,,Capsules,,,Omega-3 fatty acids
MNR Omega 30 Soft Gelatin,,,Capsules,,,Omega-3 fatty acids
Mnr Skin Bone 30 Film Coated,,,Film Coated Tablets,,,
Mobic 15 mg 30,,15 mg,Tablets,,30 Tablets,
Mobic 7.5 mg 10,,7.5 mg,Tablets,,10 Tablets,
Mobitil 15 mg 10,,15 mg,Tablets,,10 Tablets,
Modazar 100/25 mg 8,,25 mg,Tablets,,8 Tablets,
Modern Cranberry 30,,,Capsules,,30 Capsules,
Modifree 200 mg 20,,200 mg,Tablets,,20 Tablets,
Moduretic 30,,,Tablets,,30 Tablets,
Mogelax Massage Gel 60 gm,,,,,,
Moist Code H.A Mouth Spray 60 ml,,,,,60 ml,
Moist Code Nasal Spray For Adult 30 ml,,,,,30 ml,
Molnupiravir 200 Mg 40,,200 mg,Capsules,,40 Capsules,
Molnuvoc 200 mg 40,,200 mg,Capsules,,40 Capsules,
Mombano D3 10000 IU 30,,,Tablets,,30 Tablets,
Monicure 200 mg 6 Vaginal Suppositories,,200 mg,,,,
Monicure NH 6 Vaginal Suppositories,,,,,,
Monodexin 0.1 Drop 10 Mono Unit,,,,,,
Monohexal 45 mg / 5 ml,,45 mg,Syrup,,5 ml,
Monomack 20 mg 20,,20 mg,Tablets,,20 Tablets,
Monoqrest 20 Film Coated,,,Film Coated Tablets,,,
Monoshield 0.5 % Eye,,,Drops,,,
Monosho 500 mg 5,,500 mg,Tablets,,5 Tablets,
Montasmawel 10 mg 20 Chwable,,10 mg,Tablets,,,
Montasmawel 4 mg 20 Chwable,,4 mg,Tablets,,,
Montasmawel 5 mg 20 Chwable,,5 mg,Tablets,,,
Montearab 10 mg 30,,10 mg,Tablets,Arab Drug Company,30 Tablets,
Montekal 10 mg 10,,10 mg,Tablets,,10 Tablets,
Montekal 4 mg 10,,4 mg,Tablets,,10 Tablets,
Montekal 5 mg 10,,5 mg,Tablets,,10 Tablets,
Montel 10 mg 10 Film Coated,,10 mg,Film Coated Tablets,,,
Montelair 4 mg 14 Sachets,,4 mg,,,,
Montelair 5 mg 20 Chewable,,5 mg,Tablets,,,
Montelosab 10 mg 14 Film Coated,,10 mg,Film Coated Tablets,,,
Monto 300 gm Sachets,,,,,,
Moodamash 10 mg 14 Film Coated,,10 mg,Film Coated Tablets,,,
Moodapex 100 mg 30 Film Coated,,100 mg,Film Coated Tablets,,,
Moodapex 50 mg 30,,50 mg,Tablets,,30 Tablets,
Moonflex 15,,,Tablets,,15 Tablets,
Moonflex 30,,,Tablets,,30 Tablets,
Moralact 20 Hard Gelatin,,,Capsules,,,
Moranesium Magnesium 10 Film Coated,,,Film Coated Tablets,,,Magnesium oxide
Morfblock 50 mg 10,,50 mg,Tablets,,10 Tablets,
Morist C Guard 500 mg 30,,500 mg,Tablets,,30 Tablets,
Moryglobin 30 Hard Gelatin,,,Capsules,,,
Mosapride 5 mg 30,,5 mg,Tablets,,30 Tablets,
Mosedin 10 mg 20,,10 mg,Tablets,,20 Tablets,
Mosedin 5 mg/5 ml,,5 mg,Syrup,,5 ml,
Mosedin Plus SR 30,,,Capsules,,30 Capsules,
Mothervit 28,,,Tablets,,28 Tablets,
Motil Fast 10 Sachets,,,,,,
Motinorm Suspension 125 ml,,,,,125 ml,
Motival 20,,,Tablets,,20 Tablets,
Mounjaro 7.5 mg Solution For Injection 4 Vials (Fridge),,7.5 mg,,,,
Mounjaro Kwikpen 10 mg Solution For Injection (1 Pen 4 Doses),,10 mg,,,,
Mounjaro Kwikpen 12.5 mg Solution For Injection (1 Pen 4 Doses),,12.5 mg,,,,
Mounjaro Kwikpen 15 mg Solution For Injection (1 Pen 4 Doses),,15 mg,,,,
Mounjaro Kwikpen 2.5 mg Solution For Injection (1 Pen 4 Doses),,2.5 mg,,,,
Mounjaro Kwikpen 5 mg Solution For Injection (1 Pen 4 Doses),,5 mg,,,,
Mounjaro Kwikpen 7.5 mg Solution For Injection (1 Pen 4 Doses),,7.5 mg,,,,
Movarest Gel 120 gm,,,,,,
Movarest Gel 60 gm,,,,,,
Movelex Advance 30,,,Capsules,,30 Capsules,
Movelex Massage Cream 120 gm,,,,,,
Movelex Massage Cream 50 gm,,,,,,
Movelex Nano Spray 200 ml,,,,,200 ml,
Movelex Roll on Massage 80 ml,,,,,80 ml,
Movelex Ultra 30 Hard Gelatin,,,Capsules,,,
Moventor Advance 20 Hard Gelatin,,,Capsules,,,
Movican 30,,,Tablets,,30 Tablets,
Movicol Lemon & Lime 20 Sachets ( For Adult ),,,,,,
Movicol Paediatric Plain 30 Sachets,,,,,,
Movigit 50 mg 30,,50 mg,Tablets,,30 Tablets,
Movilab 30 Hard Gelatin,,,Capsules,,,
Moviprep Powder 4 Sachets (Fridge),,,,,,
Movula Freeze Massage Spray 100 ml,,,,,100 ml,
Movxir 50 mg/ 500 mg 20 Film Coated,,50 mg,Film Coated Tablets,,,
Moxacin 400 mg 5,,400 mg,Tablets,,5 Tablets,
Moxavidex 400 mg 10,,400 mg,Tablets,,10 Tablets,
Moxen 15 mg 20,,15 mg,Tablets,,20 Tablets,
Moxen 7.5 mg 20,,7.5 mg,Tablets,,20 Tablets,
Moxidegrin Eye,,,Drops,,5 ml,
Moxiflox 400 mg / 250 ml,,400 mg,,,250 ml,
Moxiflox 400 mg 10,,400 mg,Tablets,,10 Tablets,
Moxifloxacin 400 mg 5,,400 mg,Tablets,,5 Tablets,Moxifloxacin
Moxitrix 400 mg 5,,400 mg,Tablets,,5 Tablets,
Moxyseyaro Plus 5 ml,,,,,5 ml,
Moxyseyaro Sterile Solution 10 ml,,,,,10 ml,
Mozanglic 0.3/3 mg 21,,3 mg,Tablets,,21 Tablets,
Mpi Viropack + Daclavirocyrl,,,,,,
Mr Bear Omega 3,,,Syrup,,400 ml,Omega-3 fatty acids
Mr. Bear Mango,,,Syrup,,400 ml,
Mr.Bear Mango,,,Syrup,,160 ml,
Mr.Bear Plus With Orange Flavor,,,Syrup,,160 ml,
Mr.Tumee Echinacea Plus Vitamin C & Zinc 60 Pieces,,,,,,Ascorbic acid
Mr.Tumee Multivitamin & Mineral 60 Pieces,,,,,,Multivitamins
Mucogel Suspension 180 ml,,,,,180 ml,
Mucopect,,,Syrup,,120 ml,
Mucophylline,,,Syrup,,125 ml,
Mucosol 125 mg/5 ml Infantile,,125 mg,syrup,,5 ml,
Mucosol 375 mg 20,,375 mg,Capsules,,20 Capsules,
Mucoswab Unit Dose,,,Syrup,,,
Mucotec 150 mg 20,,150 mg,Capsules,,20 Capsules,
Mucotec 300 mg 20,,300 mg,Capsules,,20 Capsules,
Mucovent 20,,,Tablets,,20 Tablets,
Mulone ( C ) 20,,,Tablets,,20 Tablets,
Multi- Relax 10 mg 20,,10 mg,Tablets,,20 Tablets,
Multi-Relax 5 mg 20,,5 mg,Tablets,,20 Tablets,
Munotrex 30 Sustained Release,,,Tablets,,,
Murnez Nasal Spray 20 ml,,,,,20 ml,
Muslgix 20,,,Capsules,,20 Capsules,
Muvista Massage Gel 50 gm,,,,,,
Muvista Massage Gel 50 Sachets,,,,,,
Mvasi 400 mg/16ml Intravenous Solution 1 Vial (Fridge),,400 mg,,,16 ml,
My - Vitos 30 Soft Gelatin,,,Capsules,,,
Mycopedis 120 ml Spray,,,,,120 ml,
Mycophenolate Mofetil Sandoz 500 mg 50,,500 mg,Tablets,,50 Tablets,
"Mycostatin 100,000 IU/1 ml 30 ml",,,,,1 ml,
Mydrapid 0.5 % Eye,,,Drops,,10 ml,
Mydrapid 1% Eye,,,Drops,,10 ml,
Mydriacyl 1 % Eye,,,Drops,,15 ml,Tropicamide
Mydrithalm 0.5% 0.5 ml 20 Dose Eye Drop,,,,,5 ml,
Mydrithalm 1% 5 mg / 0.5 ml 20 Dose,,5 mg,,,5 ml,
Myfortic 180 mg 120,,180 mg,Tablets,,120 Tablets,
Mylobac 10 mg 20,,10 mg,Tablets,,20 Tablets,
Mylobac 25 mg 20,,25 mg,Tablets,,20 Tablets,
Myo Fast Massage Cream 100 gm,,,,,,
Myo Fast Massage Cream 50 gm,,,,,,
Myo Inositol 30 Film Coated,,,Film Coated Tablets,,,
Myo Inositol 60 Hard Gelatin,,,Capsules,,,
Myocool Cold Massage Gel 60 ml,,,,,60 ml,Paracetamol + Pseudoephedrine + Chlorpheniramine
Myocool Cream 50 gm,,,,,,
Myocool Massage Gel 60 ml,,,,,60 ml,
Myocool Massage Spray 200 ml,,,,,200 ml,
Myocta Plus 30 Film Coated,,,Film Coated Tablets,,,
Myodura 10 mg 30,,10 mg,Tablets,,30 Tablets,
Myodura 5 mg 30,,5 mg,Tablets,,30 Tablets,
Myofen 250 mg/200 mg 30,,250 mg,Capsules,,30 Capsules,
Myoflex 250 mg / 450 mg 10,,250 mg,Tablets,,10 Tablets,
Myogrel Plus 75 mg 30,,75 mg,Tablets,,30 Tablets,
Myorel Spray 60 ml,,,,,60 ml,
Myotroxin 30 Film Coated,,,Film Coated Tablets,,,
MYVI Beauty 60 Pieces,,,,,,
MYVI Bones 60 Pieces,,,,,,
MYVI Energy 60 Pieces,,,,,,Caffeine + Vitamins
MYVI Sleep 60 Pieces,,,,,,Diphenhydramine
N Plate 250 mg Vial (Fridge),,250 mg,,,,
Naglovic 750 mg 10,,750 mg,Tablets,,10 Tablets,
Nala Ca Suspension 120 ml,,,,,120 ml,
Nandurabolin 25 mg 1 Ampoule,,25 mg,,,,
Nandurabolin 50 mg 1 Ampoule,,50 mg,,,,
Nano Bacillus Plus 20 Chewable,,,Tablets,,,
Nano Bee 20 Enteric Coated,,,Tablets,,,
Nano Bee Free Ointment 20 ml,,,,,20 ml,
Nano Bee Soothing Spray 30 ml,,,,,30 ml,
Nano Chest,,,Syrup,,100 ml,
Nano Flex Gel 50 gm,,,,,,
Nano Repair Gel 25 gm,,,,,,
Nano Repair Gel 50 gm,,,,,,
Nanoiro 30 Hard Gelatin,,,Capsules,,,
Naphcozole Eye,,,Drops,,10 ml,
Napibradine 5 mg 30,,5 mg,Tablets,,30 Tablets,
Napibradine 7. 5 mg 30,,5 mg,Tablets,,30 Tablets,
Napifit 100 mg 8,,100 mg,Tablets,,8 Tablets,
Napizole 40 mg 14,,40 mg,Capsules,,14 Capsules,
Napozithron 500 mg 3 Film Coated,,500 mg,Film Coated Tablets,,,
Naprofen 500 mg 20 Tablet,,500 mg,,,,
Naredrix 2.5 mg 6,,2.5 mg,Tablets,,6 Tablets,
Narkleen 30,,,Tablets,,30 Tablets,
Naseem,,,Syrup,,120 ml,
Nashiliv 10 mg 20,,10 mg,Tablets,,20 Tablets,
Nashiliv 5 mg 20,,5 mg,Tablets,,20 Tablets,
Nashprep 5 mg 20,,5 mg,Tablets,,20 Tablets,
Nasoflutin Nasal Sprays 120 Metered Doses,,,,,,Paracetamol + Pseudoephedrine + Chlorpheniramine
Nasonex Nasal Spray 50 mcg 120 ml,,,,,120 ml,
Nasopectra Nasal Spray Suspension 137/50 mcg 120 Actuations,,,,,,
Nasostop 0.05% Pediatric Nasal,,,Drops,,15 ml,
Nassar 96,,,Tablets,,96 Tablets,
Natamycin Ophthalmic Suspension 10 ml (Fridge),,,,,10 ml,
Nateran 25 mg 30,,25 mg,Tablets,,30 Tablets,
Natrilix SR 1.5 mg 30,,1.5 mg,Tablets,,30 Tablets,
Natristazen 1.5 mg 30,,1.5 mg,Tablets,,30 Tablets,
Natrixam 1.5 mg / 5 mg 28,,1.5 mg,Tablets,,28 Tablets,
Natrixam 1.5 mg/10 mg 28,,1.5 mg,Tablets,,28 Tablets,
Natrol Glucosamine- Hyaluronic Acid-MSM 90,,,Capsules,CID,90 Capsules,Glucosamine
Natrol Melatonin 5 mg 100 Tablest,,5 mg,,,,
Nausilex 50 mg/2 ml 3,,50 mg,Ampoules,,2 ml,
Navelbine 30 mg 1,,30 mg,Capsules,,1 Capsules,
Navilipo Eye,,,Drops,,10 ml,
Naviluca 200 mg / 100 ml Vial 100 ml,,200 mg,,,100 ml,
Navistron 0.25 mg 5 ml 1 Vial,,0.25 mg,,,5 ml,
Navitae Plus Eye,,,Drops,,15 ml,
Navoproxin 50 mg 5 Suppositories,,50 mg,,,,
Nazowell 150 mg 3,,150 mg,Capsules,,3 Capsules,
Nebcomb 30 Film Coated,,,Film Coated Tablets,,,
Nebicard 5 mg 14,,5 mg,Tablets,,14 Tablets,
Nebilet 5 mg 14,,5 mg,Tablets,,14 Tablets,
Nebilet Plus 5 mg/12.5 mg 14,,5 mg,Tablets,,14 Tablets,
Nebilet Plus 5 mg/25 mg 14,,5 mg,Tablets,,14 Tablets,
Nebraglob B6 30 Hard Gelatin,,,Capsules,,,
Nebraglob Oral,,,Drops,,30 ml,
Nebranight 30 Film Coated,,,Film Coated Tablets,,,
Nebravent,,,Syrup,,100 Ml,
Neemopril Gel 50 gm,,,,,,
Nel D3,,,Drops,,30 ml,
Neo Move On Cream 100 gm,,,,,,
Neo Move On Cream 50 gm,,,,,,
Neo Move On Freeze Gel 100 gm,,,,,,
Neo Move On Freeze Gel 50 gm,,,,,,
Neo Move On Freeze Spray 200 ml,,,,,200 ml,
Neo Move On Spray 200 ml,,,,,200 ml,
Neo Silver Cream 30 gm,,,,,,
Neo-Bronchophane,,,Syrup,,125 ml,
Neo-Haemorrhan 6 Suppositories (Fridge),,,,,,
Neo-Haemorrhan Ointment 12 gm,,,,,,
Neo-Minophylline,,,Syrup,,120 ml,
Neo-Mune Milk 400 gm,,,,,,
Neo-Pol Eye/Ear,,,Drops,,10 ml,
Neo-Stigmine 0.5 mg 5,,0.5 mg,Ampoules,,5 Ampoules,
NeoCell Collagen Beauty Builder 150,,,Tablets,,150 Tablets,
NeoCell Collagen Joint Complex 120,,,Capsules,,120 Capsules,
NeoCell Collagen Liquid 473 ml,,,,,473 ml,
Neocell Grassfed Collagen Peptides + Vitamin C 120,,,Tablets,,120 Tablets,Ascorbic acid
Neocell Grassfed Collagen Peptides + Vitamin C 250,,,Tablets,,250 Tablets,Ascorbic acid
NeoCell Marine Collagen Peptides 120,,,Capsules,,120 Capsules,
NeoCell Multi Collagen 120,,,Tablets,,120 Tablets,
NeoCell Multi Collagen Powder 255 gm,,,,,,
NeoCell Super Collagen + Vitamin C & Biotin 180,,,Tablets,,180 Tablets,Ascorbic acid
NeoCell Super Collagen + Vitamin C & Biotin 270,,,Tablets,,270 Tablets,Ascorbic acid
NeoCell Super Collagen + Vitamin C & Biotin 90,,,Tablets,,90 Tablets,Ascorbic acid
NeoCell Super Collagen Peptides 200 gm,,,,,,
Neoflex Joint Repair 60,,,Tablets,,60 Tablets,
Neolongota 20,,,Tablets,,20 Tablets,
Neomaint - I.V - Solution 250 ml,,,,,250 ml,
Neomycin 500 mg 20,,500 mg,Tablets,,20 Tablets,
Neopausil 30,,,Capsules,,30 Capsules,
Neopression 1 mg 10 Taplets,,1 mg,,,,
Neopression 2 mg 20,,2 mg,Tablets,,20 Tablets,
Neopression 4 mg 20,,4 mg,Tablets,,20 Tablets,
Neova Cream 75 gm,,,,,,
Neovadol Spray 30 ml,,,,,30 ml,
Neozolid 250 mg 6,,250 mg,Tablets,,6 Tablets,
Neozolid 600 mg 3,,600 mg,Tablets,,3 Tablets,
Nephroflam 200 mg 30,,200 mg,Tablets,,30 Tablets,
Nephromed Advance 14 Sachets With Tutti Frutti Flavor,,,,,,
Nephromed Kids 14 Sachets,,,,,,
Nepvol 5 mg 30,,5 mg,Tablets,,30 Tablets,
Nercefaxon 1000 mg I.M Injection 1 Vial,,1000 mg,,,,
Nerdecong 2.5 mg 20 Oro - Dispersible Films,,2.5 mg,,,,
Nerfactory 30 Hard Gelatin,,,Capsules,,,
Nerha D3 30 Film Coated,,,Film Coated Tablets,,,
Nerha Omega 3 30 Soft Gelatin,,,Capsules,,,Omega-3 fatty acids
Nerhafluks 20 mg 20 Oro-Dispersible Films,,20 mg,,,,Paracetamol + Pseudoephedrine + Chlorpheniramine
Nerhafluks 40 mg 20 Oro-Dispersible Films,,40 mg,,,,Paracetamol + Pseudoephedrine + Chlorpheniramine
Nerhamicin 0.3 % Cream 15 gm,,,,,,
Nerhapezil 10 mg 14 Film,,10 mg,,,,Donepezil
Nerhapezil 5 mg 14 Film,,5 mg,,,,Donepezil
Nerhasilda 75 mg 8 Orodespirsable Films,,75 mg,,,,
Nerkardou 2.5 mg 30 Orodispersible Films,,2.5 mg,,,,
Nerkardou 5 Mg 30 Orodispersible Films,,5 mg,,,,
Nerotonex 20 Hard Gelatin,,,Capsules,,,
Nervalta 60 mg 10,,60 mg,Capsules,,10 Capsules,
Nervi Biobots 30 Hard Gelatin,,,Capsules,,,
Nervi Biobots 60 Hard Gelatin,,,Capsules,,,
Nervinova 30 Film Coated,,,Film Coated Tablets,,,
Nervixal 30,,,Tablets,,30 Tablets,
Nervizam 30,,,Capsules,,30 Capsules,
Nervogesk 20 Hard Gelatin,,,Capsules,,,
Nervomore 20 Film Coated,,,Film Coated Tablets,,,
Nervoter 30 Hard Gelatin,,,Capsules,,,
Nestacoran 2 mg 20,,2 mg,Tablets,,20 Tablets,
Net Look 10 mg 20,,10 mg,Capsules,,20 Capsules,
Net Look 20 mg 20,,20 mg,Capsules,,20 Capsules,
Net Look 40 mg 20,,40 mg,Capsules,,20 Capsules,
Netalopalm 30 Hard Gelatin,,,Capsules,,,
Netophtiole 3 mg Plus,,3 mg,Drops,,5 ml,
Neulipovim Advance 10 Sachets,,,,,,
Neupogen 30 MU (0.6 mg /ml) Syringe (Fridge),,0.6 mg,,,,
Neurazine 100 mg 20,,100 mg,Tablets,,20 Tablets,
Neurazine 25 mg 20 Tables,,25 mg,,,,
Neurimax 2 ml IM 6,,,Ampoules,,2 ml,
Neurimax 30,,,Capsules,,30 Capsules,
Neuro Lusty 30 Hard Gelatin,,,Capsules,,,
Neuro Strong 30,,,Tablets,,30 Tablets,
Neuroglopentin 300 mg 30,,300 mg,Capsules,,30 Capsules,
Neuroglopentin 400 mg 30,,400 mg,Capsules,,30 Capsules,
Neurorubine Forte 20,,,Tablets,,20 Tablets,
Neurorubine L Intramuscular Injection 6,,,Ampoules,,6 Ampoules,
Neurosmith 30 Sublingual,,,Tablets,,,
Neurotop Retard 300 mg 100,,300 mg,Tablets,,100 Tablets,
Neurotop Retard 400 mg 100,,400 mg,Tablets,,100 Tablets,
Neurovit 3 ml 6,,,Ampoules,,3 ml,
Neurovit 30,,,Tablets,,30 Tablets,
Neutavam 10 Sachets 10 gm,,,,,,
Neutra Bark 20,,,Capsules,,20 Capsules,
Neutra Feritin 30,,,Capsules,,30 Capsules,
Neutra Feritin 30,,,Capsules,,30 Capsules,
Neutra Gar Oral,,,Drops,,15 ml,
Neutra Gar Powder 10 Sachets,,,,,,
Neutra Gar Powder 7 Sachets,,,,,,
Neutragaia Oral,,,Drops,,10 ml,
Nevanac Eye Drop 5 ml,,,,Eva Pharma,5 ml,
Nevilob 5 mg 21,,5 mg,Tablets,,21 Tablets,
New - Clav 1 gm 10,,,Tablets,,10 Tablets,
New Power Act 8 Sachets,,,,,,
New-Clav 457 mg Powder for Oral Suspension 80 ml,,457 mg,,,80 ml,
New-Clav 642.9 mg Powder for Oral Suspension 100 ml,,642.9 mg,,,100 ml,
New-Tone 30 Pieces,,,,,,
Newbezim 20,,,Tablets,,20 Tablets,
Nexa Tic 6 Sachets 4 gm,,,,,,
Nexibronch,,,Syrup,,200 ml,
Nexicure 10 mg 7 Sachets,,10 mg,,,,
Nexicure 2.5 mg 28 Sachets,,2.5 mg,,,,
Nexicure 2.5 mg 7 Sachets,,2.5 mg,,,,
Nexicure 20 mg 14 Sachets,,20 mg,,,,
Nexicure 20 mg 7 Sachets,,20 mg,,,,
Nexicure 40 mg 30 Film Coated,,40 mg,Film Coated Tablets,,,
Nexicure 5 mg 28 Sachets,,5 mg,,,,
Neximash 40 mg 14,,40 mg,Capsules,,14 Capsules,
Neximerican 20 mg 14,,20 mg,Capsules,,14 Capsules,
Neximerican 40 mg 14,,40 mg,Capsules,,14 Capsules,
Nexirozova 10 mg 28,,10 mg,Tablets,,28 Tablets,
Nexirozova 20 mg 28,,20 mg,Tablets,,28 Tablets,
Nexirozova 5 mg 14,,5 mg,Tablets,,14 Tablets,
Nexium 10 mg 28 Sachets,,10 mg,,,,
Nexium 20 mg 28,,20 mg,Tablets,,28 Tablets,
Nexium 40 mg 10 Vials,,40 mg,,,,
Nexpress 320 mg/10 mg 20,,320 mg,Tablets,,20 Tablets,
Next Soft Gel 50 gm,,,,,,
Nice Feel Cream 30 gm,,,,,,
Nicorette Invisipatch 10 mg 7 Patches,,10 mg,,,,
Nicorette Invisipatch 15 mg 7 Patches,,15 mg,,,,
Nicorette Invisipatch 25 mg 7 Patches,,25 mg,,,,
Nicorette QuickMist Mouth Spray with Freshmint,,,,,,
Nifunal 200 mg 14,,200 mg,Capsules,,14 Capsules,
Nifunal Suspension 60 ml,,,,,60 ml,
Nifurox 200 mg /5 ml Suspension 100 ml,,200 mg,,,5 ml,
Night And Day N 10,,,Tablets,,10 Tablets,
Night Calm 1 mg 30,,1 mg,Tablets,,30 Tablets,
Nigra Strep Lozenges with Honey Flavor 20 Strips ? 240 Pieces,,,,,,
Nimenrix Meningitis Vaccine Vial 0.5 ml (Fridge),,,,,5 ml,
Nimotask ( 0.2 mg/ ml) (I.V) 50 ml Vial,,0.2 mg,,,50 ml,
Ninlaro 4 mg 3,,4 mg,Capsules,,3 Capsules,
Nirakuat 600 20 Film Coated,,,Film Coated Tablets,,,
Nit Clean 500 mg 12,,500 mg,Tablets,,12 Tablets,
Nit Clean 500 mg 30,,500 mg,Tablets,,30 Tablets,
Nit Clean Powder For Oral Suspension 60 ml,,,,,60 ml,
Nitara Spray 75 ml,,,,,75 ml,
Nitazode 100 mg/5 ml Powder For Oral Suspension 60 ml,,100 mg,,,5 ml,
Nitazode 500 mg 18,,500 mg,Tablets,,18 Tablets,
Nitora 30,,,Tablets,,30 Tablets,
Nitroderm TTS - 10-7 Patches,,,,,,
Nitroderm TTS- 5- 7 Patches,,,,,,
Nitrofectazole 500 mg 20 Film Coated,,500 mg,Film Coated Tablets,,,
Nitromak Retard 2.5 mg 60,,2.5 mg,Capsules,,60 Capsules,
Nitromak Retard 5 mg 30,,5 mg,Capsules,,30 Capsules,
Nitronal Aqueous 50 ml Vial (Fridge),,,,,50 ml,
Nitrong Transdermal Patches 5 mg/24 Hours 7 Patches,,5 mg,,,,
Nitroprinz 1 mg/ml 1 Vial 50 ml,,1 mg,,,50 ml,
Nixeleco 7 Sachets,,,,,,
Nixprazole 40 mg 14,,40 mg,Capsules,,14 Capsules,
Nizoderm Cream 15 gm,,,,,,
No - Migrain 30 Film Coated,,,Film Coated Tablets,,,
No Deprine 50 mg 30,,50 mg,Tablets,,30 Tablets,
No Gravida 100 mg 12 Vaginal Suppositories (Fridge),,100 mg,,,,
No Plac Mouth Wash 250 ml,,,,,250 ml,
No-Uric 100 mg 50,,100 mg,Tablets,,50 Tablets,
No-Uric 300 mg 20,,300 mg,Tablets,,20 Tablets,
Nochel Dietary Supplement 60,,,Tablets,,60 Tablets,Multivitamins
Noctiplon 2 mg 20,,2 mg,Tablets,,20 Tablets,
Nofanty 20 Hard Gelatin,,,Capsules,,,
Noflu,,,Syrup,,100 ml,Paracetamol + Pseudoephedrine + Chlorpheniramine
Noflu 20,,,Tablets,,20 Tablets,Paracetamol + Pseudoephedrine + Chlorpheniramine
Nofract 70 mg,,70 mg,Syrup,,75 ml,
NOLAVER 30 CAP,,,,,,
Nolaver Anti-Scar Gel 25 gm,,,,,,
Nolaver Triac Ointment 40 gm,,,,,,
Nolienta Nasal Spray 30 ml,,,,,30 ml,
Nolvadex 10 mg 30,,10 mg,Tablets,,30 Tablets,
Nomassist 30,,,Tablets,,30 Tablets,
Nonemia 20 Hard Gelatin,,,Capsules,,,
Nono Water,,,Syrup,,120 ml,
Nonosmile Spray 30 ml,,,,,30 ml,
Nopea 15 Sachets,,,,,,
Nopecia 1 mg 30,,1 mg,Capsules,,30 Capsules,
Noracin 400 mg 10,,400 mg,Tablets,,10 Tablets,
Norflex 100 mg 20,,100 mg,Tablets,,20 Tablets,
Norflex 30 mg 3,,30 mg,Ampoules,,3 Ampoules,
Norigyncin 1 Ampoule 1 ml,,,,,1 ml,
Norma Fasten 8 mg 10,,8 mg,Tablets,,10 Tablets,
Normalax,,,Drops,,15 ml,
Normapid 20 Pieces Caramle,,,,,,
Normaten 50 / 2.5   30,,,Tablets,,30 Tablets,
Normifrin Nasal Spary 20 ml,,,,,20 ml,
Normo Cal,,,Syrup,,120 ml,
Normocard 10 mg 30,,10 mg,Tablets,,30 Tablets,
Normocard 2.5 mg 30,,2.5 mg,Tablets,,30 Tablets,
Normocard 5 mg 30,,5 mg,Tablets,,30 Tablets,
Normocard 7.5 mg 30,,7.5 mg,Tablets,,30 Tablets,
Norocarmena 3/ 0.03 mg 21,,0.03 mg,Tablets,,21 Tablets,
Norvasc 10 mg 10,,10 mg,Tablets,,10 Tablets,
Norvasc 5 mg 30,,5 mg,Tablets,,30 Tablets,
Norvasc Val 10 mg / 160 mg 30 Film Coated,,10 mg,Film Coated Tablets,,,
Norvasc Val 5 mg / 160 mg 30 Film Coated,,5 mg,Film Coated Tablets,,,
Norvasc Val 5 mg / 80 mg 30 Film Coated,,5 mg,Film Coated Tablets,,,
Nostamine Eye/Nose,,,Drops,,,
Notussil Suspension 120 ml,,,,,120 ml,
Nourformula 20 Hard Gelatin,,,Capsules,,,
Nova Group Broncho,,,Syrup,,120 ml,
Nova-C-N 20,,,Tablets,,20 Tablets,
Novactam 1500 mg 1 Vial,,1500 mg,,,,
Novactam 250 mg/5 ml,,250 mg,Syrup,,5 ml,
Novactam 375 mg 12,,375 mg,Tablets,,12 Tablets,
Novalaise,,,Syrup,,120 ml,
Novalgin Oblong 10,,,Tablets,,10 Tablets,
Novapantolix 20 mg 14 Delayed Release,,20 mg,Tablets,,,
Novapantolix 40 mg 14 Delayed Release,,40 mg,Tablets,,,
Novistoric 10 mg 14,,10 mg,Tablets,,14 Tablets,
Novistoric 20 mg 14,,20 mg,Tablets,,14 Tablets,
Novistoric Plus 10 mg / 10 mg 30 Film Coated,,10 mg,Film Coated Tablets,,,
Novistoric Plus 10 mg / 5 mg 30 Film Coated,,10 mg,Film Coated Tablets,,,
Novoeight 500 I.U. I.V. Vial + prefilled Syringe (Fridge),,,,,,
Novoferr,,,Drops,,30 ml,
Novoferr Lipo Liquid 10 Stickpacks,,,,,,
Novogen Lactase 1075 Oral,,,Drops,,15 ml,
Novomix FlexPen 50/50 1 Pen (Fridge),,,,,,
Novomix Flexpen 70/30 3 ml 5 Pens (Fridge),,,,,3 ml,
Novonorm 1 mg 30,,1 mg,Tablets,,30 Tablets,
Novonorm 2 mg 30,,2 mg,Tablets,,30 Tablets,
Novopen Echo,,,,,,
Novoseven 1 mg Vial (Fridge),,1 mg,,,,
Now Adam 90,,,Capsules,,90 Capsules,
Now Arginine & Citrulline 500 mg / 250 mg 120 Vegetarian,,500 mg,Capsules,,,
Now BioCell Collagen 120,,,Capsules,,120 Capsules,
Now C - 1000 100,,,Capsules,,100 Capsules,
Now C - 1000 30,,,Capsules,,30 Capsules,
Now Collagen Peptides Powder 227 gm,,,,,,
NOW CoQ 10 200 mg 60 Veg,,200 mg,Capsules,,,
Now Daily Vits 30,,,capsules,,30 capsules,
Now E - 400 100 Softgels,,,,,,
Now Echinacea 400 mg 100 Veg,,400 mg,Capsules,,,
Now EVE Women 120,,,Capsules,,120 Capsules,
Now Kids DHA Fish Oil 60 Chewable Softgels,,,,,,Omega-3 fatty acids
Now M.S.M 1000 mg 120,,1000 mg,Capsules,,120 Capsules,
Now Maca Raw 750 mg 90,,750 mg,Capsules,,90 Capsules,
Now Melatonin 3 mg 60,,3 mg,Capsules,,60 Capsules,
Now Methyl Folate 1000 mcg 90,,,Tablets,,90 Tablets,
Now Omega - 3 1000 mg 100,,1000 mg,Capsules,,100 Capsules,Omega-3 fatty acids
Now Omega - 3 1000 mg 30,,1000 mg,Capsules,,30 Capsules,Omega-3 fatty acids
Now Probiotic-10 25 Billion 50,,,Capsules,,50 Capsules,
Now Selenium 200 mcg 90,,,Capsules,,90 Capsules,Selenium selenite
Now Spirulina Double Strength 120,,,Tablets,,120 Tablets,
Now Super Omega 3-6-9 90 Softgels,,,,,,Omega-3 fatty acids
Now Tribulus 1000 mg 90,,1000 mg,Tablets,,90 Tablets,
Now Turmeric Curcumin 60 Veg,,,Capsules,,,
Now Ultra Omega - 3 Fish Oil 90,,,Capsules,,90 Capsules,Omega-3 fatty acids
Now Vitamin D3 10000 IU 120,45,,Capsules,,120 Capsules,Cholecalciferol
Now Vitamin D3 2000 IU 120,45,,Capsules,,120 Capsules,Cholecalciferol
Now Zinc Picolinate 50 mg 60,,50 mg,Capsules,,60 Capsules,Zinc sulfate
Now ZMA 800 mg 90,,800 mg,Capsules,,90 Capsules,
Noxilorn 8 mg 30,,8 mg,Tablets,,30 Tablets,
NPC Active Premium Formula MFS Pro 120 Vegetable,,,Capsules,,,
NPC Active Premium Formula Ova Pro 120 Vegetable,,,Capsules,,,
NPC Active Premium Formula WFS Pro 180 Vegetable,,,Capsules,,,
Nubit 30,,,Tablets,,30 Tablets,
Nucleo CMP Fort 30,,,Capsules,,30 Capsules,
Nucore 20 Hard Gelatin,,,Capsules,,,
Nucore Forte 20 Hard Gelatin,,,Capsules,,,
Nudestix Cream 30 ml,,,,,30 ml,
Nulivia 10 Sachets 3 gm,,,,,,
Nurtec 75 mg 2 Orally Disintegrating,,75 mg,Tablets,,,
Nurtec 75 mg 8 Orally Disintegrating,,75 mg,Tablets,,,
Nutri Beyond Silica 30,,,Tablets,,30 Tablets,
Nutrition For Your Hair 60,,,Tablets,,60 Tablets,
Nutritru - D 400 I.U Oral,,,Drops,,10 Ml,
Nutritrucal-D,,,Syrup,,120 ml,
Nutrivam Advanced Hair Formula 30 Hard Gelatin,,,Capsules,,,
NutriVam Propolis Mouth Refreshener Spray 20 ml,,,,,20 ml,
Nutriville ?-Amylase 2000 U.CEIP,,,Syrup,,120 ml,
Nutriville B-Complex 30 Film Coated,,,Film Coated Tablets,,,
Nutriville Omega 3 30 Soft Gelatin,,,Capsules,,,Omega-3 fatty acids
Nutrix N Sea Water Spray 30 ml,,,,,30 ml,
Nutrix N Sea Water Spray 70 ml,,,,,70 ml,
Nuzaven 20 Hard Gelatin,,,Capsules,,,
Nyrin 50 mg 5,,50 mg,Ampoules,,5 Ampoules,Diclofenac
Nystaform Ointment 20 gm,,,,,,
"Nystatin 100,000 I.U/1 ml Oral",,,Drops,,1 ml,
O Z Cream 50 Gm,,,,,,
O Z Lotion 125 ml,,,,,125 ml,
Obaxo 30,,,Tablets,,30 Tablets,
Ocadelor 30 Hard Gelatin,,,Capsules,,,
Occuplus Eye Gel 20 Single Dose Units 0.6 ml,,,,,6 ml,
Ocean Bio - Actif Fluid Sea Water Spray 100 ml,,,,,100 ml,Paracetamol + Pseudoephedrine + Chlorpheniramine
Ocrevus 300 mg / 10 ml 1 Vial,,300 mg,,,10 ml,
Octa D3 Oral,,,Drops,,30 ml,
Octatop,,,Syrup,,120 ml,
Octatron 30,,,Capsules,,30 Capsules,
Octe Macro Mouth Wash 250 ml,,,,,250 ml,
Octo - G,,,Syrup,,30 ml,
Octoconval 100 mg 30,,100 mg,Capsules,,30 Capsules,
Octoconval 300 mg 30,,300 mg,Capsules,,30 Capsules,
Octovent Plus,,,Syrup,,100 ml,
Ocubesiflox Eye,,,Drops,,5 ml,
Ocucarpine 1% Eye,,,Drops,,10 ml,
Ocucarpine 2% Eye,,,Drops,,10 ml,
Ocuguard 30,,,Capsules,,30 Capsules,
Ocuguard Lx 30,,,Capsules,,30 Capsules,
Ocumethyl Eye,,,Drops,,10 ml,
Ocuseellerge 5 ml,,,Drops,,5 ml,
Ocuxal 20 Hard Gelatin,,,Capsules,,,
Ocyt 10 Sachets 5 gm,,,,,,
Ofev 100 mg 60,,100 mg,Capsules,,60 Capsules,
Ofev 150 mg 60,,150 mg,Capsules,,60 Capsules,
Oflam 50 mg 30 Quiktabs,,50 mg,,,,
Ofloswix 3 mg/ml Eye,,3 mg,Drops,,5 ml,
Ofloxacin 200 mg 10,,200 mg,Tablets,,10 Tablets,
Ofloxin 200 mg 10,,200 mg,Tablets,,10 Tablets,
Oftadilate 1% Eye,,,Drops,,5 ml,
Oftapantine 1 / 0.5 ml 10 Doses,,,Drops,,5 ml,
Ojoalivato Ophthalmic Solution 10 ml,,,,,10 ml,
Ojoblick Viscous Eye,,,Drops,,,
Olanvexa 10 mg 30 Oral Disintegrating,,10 mg,Tablets,,,
Olanvexa 20 mg 30 Oral Disintegrating,,20 mg,Tablets,,,
Olanvexa 5 mg 30 Oral Disintegrating,,5 mg,Tablets,,,
Olanza 5 mg 20,,5 mg,Tablets,,20 Tablets,
Olanzapine- Copad Pharma 7.5 mg 14,,7.5 mg,Tablets,,14 Tablets,
Olazorix 10 mg 30,,10 mg,Tablets,,30 Tablets,
Olazorix 20 mg 21 Film Coated,,20 mg,Film Coated Tablets,,,
Olazorix 5 mg 30,,5 mg,Tablets,,30 Tablets,
Olfen 50 mg 20 Lactab,,50 mg,,,,
Olfen 75 mg 6,,75 mg,Ampoules,,6 Ampoules,
Olfen Topical Gel 50 gm,,,,,,
Oliptina 12.5 mg 30,,12.5 mg,Tablets,,30 Tablets,
Oliptina 25 mg 30,,25 mg,Tablets,,30 Tablets,
Olizone Cream 30 mg,,30 mg,,,,
Olmeborg 10 mg 10,,10 mg,Tablets,,10 Tablets,
Olmeborg 20 mg 10,,20 mg,Tablets,,10 Tablets,
Olmeborg 40 mg 10,,40 mg,Tablets,,10 Tablets,
Olmespironova 20 mg/25 mg 30,50,20 mg,Tablets,,30 Tablets,Ferrous sulfate
Olmespironva 20 mg/12.5 mg 30,50,20 mg,Tablets,,30 Tablets,Ferrous sulfate
Olmosa,,,Syrup,,120 ml,
Ologint 10 gm 10 Sachets,,,,,,
Ologint 3 gm 10 Sachets,,,,,,
Ologint Plus 10 gm 10 Sachet,,,,,,
Ologint Plus 3 gm 10 Sachet,,,,,,
Olohistine Forte Eye,,,Drops,,5 ml,
Olopalite 0.1% Eye,,,Drops,,5 ml,
Olopatanol 1% Sterile Ophthalmic Solution 5 ml,,,,,5 ml,
Olvita 30 Pills,,,,,,
Olvita Amine 20,,,Tablets,,20 Tablets,
Ome-Lance 10 Sachets 7 gm,,,,,,
Omecarbex 20 mg/ 1100 mg 20,,20 mg,Capsules,,20 Capsules,
Omecarbex 40 mg/ 1100 mg 20,,40 mg,Capsules,,20 Capsules,
Omecod,,,Syrup,,100 ml,
Omefine 30 Soft Gelatin,,,Capsules,,,
Omega - 3 - Plus 30,,,Capsules,,30 Capsules,Omega-3 fatty acids
Omega - 3 - Plus 60 Gummies,,,,,,Omega-3 fatty acids
Omega - V 30,,,Capsules,,30 Capsules,Omega-3 fatty acids
Omega - V 30,,,Capsules,,30 Capsules,Omega-3 fatty acids
Omega 3,,,Syrup,,100 ml,Omega-3 fatty acids
Omega 3,,,Syrup,,120 ml,Omega-3 fatty acids
Omega 3 ACDE,,,Syrup,,120 ml,Omega-3 fatty acids
Omega 3 Serio 30 Soft Gelatin,,,Capsules,,,Omega-3 fatty acids
Omega 3-6-9 30,,,Capsules,,30 Capsules,Omega-3 fatty acids
Omega 300 mg 20,,300 mg,Capsules,,20 Capsules,Omega-3 fatty acids
Omega Cough 30 mg / 5 ml,,30 mg,Syrup,,5 ml,Omega-3 fatty acids
Omega D3 30 Soft Gelatin,,,Capsules,,,Omega-3 fatty acids
Omega Folina 30 Soft Gelatin,,,Capsules,,,Omega-3 fatty acids
Omega P,,,Syrup,,120 ml,Omega-3 fatty acids
Omega Pop 20 Soft Gelatin,,,Capsules,,,Omega-3 fatty acids
Omega Smith,,,Syrup,,100 ml,Omega-3 fatty acids
Omega Tri 10 ml,,,,,10 ml,Omega-3 fatty acids
Omega Zad,,,Syrup,,100 ml,Omega-3 fatty acids
Omegal Ultra 30 Soft Gelatin,,,Capsules,,,Omega-3 fatty acids
Omegal Woman 30 Soft Gelatin,,,Capsules,,,Omega-3 fatty acids
Omegalgy Baby Oral,,,Drops,,30 ml,Omega-3 fatty acids
Omegalosit 30 Soft Gelatin,,,Capsules,,,Omega-3 fatty acids
Omegalox,,,Syrup,,200 ml,Omega-3 fatty acids
Omegalox 1000 mg 30,,1000 mg,Capsules,,30 Capsules,Omega-3 fatty acids
Omegalox 1000 mg 30,,1000 mg,Capsules,,30 Capsules,Omega-3 fatty acids
Omehealth 40 mg/1100 mg 7,,40 mg,Capsules,,7 Capsules,
Omepak 20 mg 14,,20 mg,Capsules,,14 Capsules,
Omepak 20 mg 7,,20 mg,Capsules,,7 Capsules,
Omepak 40 mg 14,,40 mg,Capsules,,14 Capsules,
Omepha 10 Sachets,,,,,,
Omepral 20 mg 14,,20 mg,Capsules,,14 Capsules,
Omerino 10 Sachet,,,,,,
Omeviva,,,Syrup,,120 ml,
Omex 20 Hard Gelatin,,,Capsules,,,
Omez 40 mg 1 Vial 10 ml,,40 mg,,,10 ml,
Omit - C Mouth Spray 60 ml,,,,,60 ml,
Omnicef 125 mg/ 5ml Powder For Oral Suspension 80 ml,,125 mg,,,5 ml,
Omnitaxime 1 gm Vial,,,,,,
Omnitaxime 500 mg Vial,,500 mg,,,,
Omnitrope 10 mg / 1.5 ml 1 Vial (Fridge),,10 mg,,,5 ml,
Omnitrope 15 mg / 1.5 ml (Fridge),,15 mg,,,5 ml,
Omnitrope 5 mg / 1.5 ml 1 Vial (Fridge),,5 mg,,,5 ml,
Onbrez Breezhaler 150 mcg 30,,,Capsules,,30 Capsules,
Onbrez Breezhaler 300 mcg 30,,,Capsules,,30 Capsules,
Onced 10 mg 30,,10 mg,Tablets,,30 Tablets,
Onced 20 mg 30,,20 mg,Tablets,,30 Tablets,
Onced 5 mg 10,,5 mg,Tablets,,10 Tablets,
Ondametic 4 mg / 2 ml 5,,4 mg,Ampoules,,2 ml,
Ondametic 8 mg / 4 ml 5,,8 mg,Ampoules,,4 ml,
One Alpha 0.25 mcg 30,,,Capsules,,30 Capsules,
One Alpha 0.5 mcg 30,,,Capsules,,30 Capsules,
One Alpha 1 mcg 30,,,Capsules,,30 Capsules,
One Alpha 2 mcg,,,Drops,,10 ml,
One Alpha 2 mcg/ml 10,,,Ampoules,,10 Ampoules,
One Fe One,,,Syrup,,120 ml,
Oneceutik Massage Gel 50 gm,,,,,,
Oneferol Bone Vitamine D3 Oral Drop 30 ml,,,,,30 ml,Multivitamins
Ophilocond 0.1% Eye,,,Drops,,5 ml,
Ophilocond Forte 2 mg /5 ml,,2 mg,Drops,,5 ml,
Ophtatrov 40 mcg/ml Ophthalmic Solution 2.5 ml,,,,,5 ml,
Opinidazol 1000 mg 8,,1000 mg,Tablets,,8 Tablets,
Opix Nerve 20 Film Coated,,,Film Coated Tablets,,,
Oplex - N Plus For Children 10 Rectal Suppositories,,,,,,
Oplex Mono,,,Syrup,,125 ml,
Opranate 20 mg / 1100 mg 10,,20 mg,Capsules,,10 Capsules,
Opranate 40 mg / 1100 mg 10,,40 mg,Capsules,,10 Capsules,
Opta Tribxon 30 Hard Gelatin,,,Capsules,,,
Opta Tribxon 60 Hard Gelatin,,,Capsules,,,
Optaderol Oral,,,Drops,,30 ml,
Optest 0.5 mg/ml Eye,,0.5 mg,Drops,,5 ml,
Optiba 10 Sachets,,,,,,
Optidex-T Eye,,,Drops,,5 ml,
Optiflox 3 mg/ml Eye,,3 mg,Drops,,5 ml,
Optiguard 3 mg/ml Eye,,3 mg,Drops,,15 ml,
Optilubric 1.6 mg/0.5 ml Eye,,1.6 mg,Drops,,5 ml,
Optimum Nutrition Amino X - Blue Raz 435 gm,,,,,,
Optimum Nutrition Amino X Forte 435 gm,,,,,,
Optimum Nutrition Essential Amino Energy - Blue Raspberry 270 g,,,,,,Caffeine + Vitamins
Optimum Nutrition Essential Amino Energy - Green Apple 270 g,,,,,,Caffeine + Vitamins
Optimum Nutrition Essential Amino Energy - Tangerine Wave 285 g,,,,,,Caffeine + Vitamins
Optizolin Eye,,,Drops,,10 ml,
Optotrop Eye,,,Drops,,10 ml,
Ora Collagen C 120,,,Tablets,,120 Tablets,
Ora Collagen C 30,,,Tablets,,30 Tablets,
Ora Methyl Folate 30,,,Tablets,,30 Tablets,
Ora Methyl Folate 60 Hard Gelatin,,,Capsules,,,
Ora Oratrypsin 30,,,Tablets,,30 Tablets,
ORA Primrose 1000 mg 20 Soft Gelatin,,1000 mg,Capsules,,,
Oracin Mouthwash 120 ml,,,,,120 ml,
Orafresca HA Oral Cavity Care Spray 60 ml,,,,,60 ml,
Oral Impact Powder 5 Sachets,,,,,,
Oral-B Pro Expert Professional Protection Mouthwash Fresh Mint 500 ml,,,,,500 ml,
Oralast Mouth Wash 220 ml,,,,,220 ml,
Orana Mouthwash With Cool Mint Flavor 250 ml,,,,,250 ml,
Oranal Children 10 Sachets,,,,,,
Orap Forte 4 mg 20,,4 mg,Tablets,,20 Tablets,
Orasan Mouthwash 125 ml,,,,,125 ml,
Orascoop Mouthwash 250 ml,,,,,250 ml,
"Orastatin 100,000 U/ ml Suspension 30 ml",,,,,30 ml,
Oratop H Mouth Wash - Pineapple Flavor 250 ml,,,,,250 ml,
Oratop Mouth Wash - Apple Flavor 250 ml,,,,,250 ml,
Oratop Mouth Wash - Clove Flavor 250 ml,,,,,250 ml,
Oratop Mouth Wash - Menthol Flavor 250 ml,,,,,250 ml,
Oratop Pro Mouth Wash - Apple Flavor 250 ml,,,,,250 ml,
Oratop Pro Mouth Wash - Pineapple Flavor 250 ml,,,,,250 ml,
Oravar 100 mg 10 Sachets,,100 mg,,,,
Oravera Mouth Wash 250 ml,,,,,250 ml,
Oravera Mouth Wash 500 ml,,,,,500 ml,
Oravit B12 SR 1000 mcg 30,,,Capsules,,30 Capsules,
Orazone 0.1 mg/ml,,0.1 mg,Syrup,,120 ml,
Orchabepost 1.5% Eye,,,Drops,,10 ml,
Orchacortin 1% Eye Ointment 5 mg,,5 mg,,,,
Orchadexoline Eye,,,Drops,,5 ml,
Orchamdryal 2.5% Sterile Ophthalmic Solution SDU 10 Units ? 0.5 ml,,,,,5 ml,
Orchamethasone Eye,,,Drops,,20 Ampoules,
Orchapred 1% Eye,,,Drops,,10 ml,
Orchinohist 0.25% Eye,,,Drops,,3 ml,
Ordesca 5 mg 20,,5 mg,Tablets,,20 Tablets,
Ordex 20 Pieces,,,,,,
Ordex 30 Pieces,,,,,,
Orex MG Mouth Wash With Clove 250 ml,,,,,250 ml,
Orex MG Mouth Wash With Peppermint 250 ml,,,,,250 ml,
Orex MG Mouth Wash With Strawberry 250 ml,,,,,250 ml,
Orex MG Mouth Wash With Watermelon 250 ml,,,,,250 ml,
Orga Collagen & Calcium 10 Sachets,35,,,,,Calcium carbonate
Organic Nation Activated Charcoal 60 Soft Gelatin,,,Capsules,,,
Organic Nation Ashwagandha 600 - 60,,,Tablets,,60 Tablets,
Organic Nation Chromium Picolinate 200 mcg 100 Coated,,,Tablets,,,
Organic Nation Fast Acting Caffeine 200 mg 30 Hard Gelatin,,200 mg,Capsules,,,
Organic Nation Ginkgo Biloba 60 mg 60,,60 mg,Capsules,,60 Capsules,
Organic Nation Liposomal D3+K2 30,,,Capsules,,30 Capsules,
Organic Nation Liposomal D3+K2 60,,,Capsules,,60 Capsules,
Organic Nation Liposomal Zinc 30 Coated,,,Tablets,,,Zinc sulfate
Organic Nation Maca 60 Coated,,,Tablets,,,
ORGANIC NATION MORINGA  60 CAP,,,,,,
Organic Nation Perfect Charcoal 30 Soft Gelatin,,,Capsules,,,
Organic Nation Perfect Charcoal 60 Soft Gelatin,,,Capsules,,,
ORGANIC NATION TRIBULUS 1000 MG 60 TAB ??????,,1000 mg,,,,
Organic Nation Vita Nation 30 Coated,,,Tablets,,,
Orgavit 20,,,Tablets,,20 Tablets,
Orgena Care Nasal Spray 60 ml,,,,,60 ml,
Orgodenafil 100 mg 9,,100 mg,Tablets,,9 Tablets,Sildenafil
Orgoroxaban 10 mg 20,,10 mg,Tablets,,20 Tablets,
Orgoroxaban 15 mg 20,,15 mg,Tablets,,20 Tablets,
Orgoroxaban 2.5 mg 30,,2.5 mg,Tablets,,30 Tablets,
Orgoroxaban 20 mg 30,,20 mg,Tablets,,30 Tablets,
Orgovastin 40 mg 14,,40 mg,Tablets,,14 Tablets,
Oridal (2800 I.U/ml) Oral,,,Drops,,30 ml,
Oriplex 30,,,Tablets,,30 Tablets,
Orniheparate 5 gm / 10ml I.V 5 Amp,,,,,10 ml,
Ornivoda 500 mg 10 Film,,500 mg,Tablets,,,
Oro.Guard Spray 60 ml,,,,,60 ml,
Orogeng Mouth Wash With Clove 125 ml,,,,,125 ml,
Oromap Mouth Wash 125 ml - Clove Flavor,,,,,125 ml,
Oromap Mouth Wash 125 ml - Orange Flavor,,,,,125 ml,
Oromap Mouth Wash 125 ml - Pepermint Flavor,,,,,125 ml,
Orovex Delicate Mouthwash 250 ml,,,,,250 ml,
Orovex Mouthwash With Banana 120 ml,,,,,120 ml,
Orovex Mouthwash With Banana 250 ml,,,,,250 ml,
Orovex Mouthwash With Green Apple 120 ml,,,,,120 ml,
Orovex Mouthwash With Green Apple 250 ml,,,,,250 ml,
Orovex Mouthwash With Miswak 250 ml,,,,,250 ml,
Orovex Mouthwash With Orange 250 ml,,,,,250 ml,
Orovex Mouthwash With Peppermint 250 ml,,,,,250 ml,
Orovex Mouthwash With Strawberry 120 ml,,,,,120 ml,
Orovex Smokers Mouthwash 250 ml,,,,,250 ml,
ORS 10 Sachets,,,,,,
Orthoglobe 30,,,Capsules,,30 Capsules,
Oruoua Echinacea Oral Spray 60 ml,,,,,60 ml,
Osavidin (D3) 300.000 IU 1 ml (IM) 2 Amp,,,,,1 ml,
Osavidin 100.000 I.U. D3 1ml (Im) 2,,,Ampoules,,1 ml,
Osavidin 200.000 I.U 1 ml ( I.M ) 2,,,Ampoules,,1 ml,
Oseas,,,Syrup,,120 ml,
Oseltamivir 75 mg 10,,75 mg,Capsules,,10 Capsules,
Osinohance 20 Film Coated,,,Film Coated Tablets,,,
Osipect,,,Syrup,,120 ml,
Ospen 1 MIU 12,,,Tablets,,12 Tablets,
Ospen 1.5 MIU 12,,,Tablets,,12 Tablets,
Ossonova 30 Film Coated,,,Film Coated Tablets,,,
Ossopan 800 mg 20,,800 mg,Tablets,,20 Tablets,
Ost - Map 60 mg 20,,60 mg,Capsules,,20 Capsules,
Osteo Zad,,,Syrup,,120 ml,
Osteocare,,,Syrup,,120 ml,
Osteocare,,,Syrup,,150 ml,
Osteocare 30,,,Tablets,,30 Tablets,
Osteocomplex 30 Coated,,,Tablets,,,
Osteopatex 30 Film Coated,,,Film Coated Tablets,,,
Osteorelax 30,,,Tablets,,30 Tablets,
Osteorine 50 mg 30,,50 mg,Capsules,,30 Capsules,
Oster Shell Calcium 20,35,,Tablets,,20 Tablets,Calcium carbonate
Ostonajo 30 Film Coated,,,Film Coated Tablets,,,
Ostoval 14,,,Tablets,,14 Tablets,
Ostrak 30,,,Tablets,,30 Tablets,
Otacigen 10 Sachets,,,,,,
Otal Ear,,,Drops,,5 ml,
Otocalm Ear,,,Drops,,10 ml,
Otri For Adults 20 Chewable,,,Tablets,,,
Otrinatural Nasal Cleanser 50 ml,,,,,50 ml,
Otrivin 0.05% Infants Nasal,,,Drops,,15 ml,
Otrivin 0.1% Adult Nasal,,,Drops,,15 ml,
Otrivin Baby Saline,,,Drops,,15 ml,
Ova Women 60 Film Coated,,,Film Coated Tablets,,,
Ovitrelle 250 mcg (6500 IU) 1 Syringe (Fridge),,,,,,
Ovunhipita 75 mcg 28,,,Tablets,,28 Tablets,
Ovutroz 2.5 mg 10 Film Coated,,2.5 mg,Film Coated Tablets,,,
Ovuwins 30 Film Coated,,,Film Coated Tablets,,,
Oxaleptal 600 mg 30,,600 mg,Tablets,,30 Tablets,
Oxaliplatin 100 mg Vial (Ramco Pharm) (Fridge),,100 mg,,,,
Oxaliplatin 50 mg 1 Vial (Sandoz) (Fridge),,50 mg,,,,
Oxaliplatin 50 mg Vial (Fridge),,50 mg,,,,
Oxanomeg 10 Soft Gelatin,,,Capsules,,,
Oxazolid 100 mg Suspention 150 ml,,100 mg,,,150 ml,
Oxi Lab Plus 30 Sachets,,,,,,
Oxifree 20,,,Capsules,,20 Capsules,
Oxitropil 1200 mg 60,,1200 mg,Tablets,,60 Tablets,
Oxitruhans 30 Hard Gelatin,,,Capsules,,,
Oxo-Tec Nasal Spray 50 ml,,,,,50 ml,
Oxy - Pol Eye Ointment 5 gm,,,,,,
Oxyprogest,,150 mg,,,,
Oxytoflex (10 I.U./1ml) 5,,,Ampoules,,1 ml,
Oxytoflex (5 I.U./1ml) 5,,,Ampoules,,1 ml,
Ozempic 0.25 mg 1 Prefilled Pen (Fridge),,0.25 mg,,,,
Ozempic 0.5 mg 1 Prefilled Pen (Fridge),,0.5 mg,,,,
Ozempic 1 mg 1 Prefilled Pen (Fridge),,1 mg,,,,
Ozurdex 0.7 mg Intravitreal Implant (Fridge),,0.7 mg,,,,
P - Iron Plus 20 Hard Gelatin,50,,Capsules,,,Ferrous sulfate
P E A 300 mg 20,,300 mg,Capsules,,20 Capsules,
P E A 300 mg 30,,300 mg,Capsules,,30 Capsules,
P E A 600 mg 30,,600 mg,Capsules,,30 Capsules,
P E A Flex Forte 30 Hard Gelatin,,,Capsules,,,
P-Iron 30 mg 20,50,30 mg,Tablets,,20 Tablets,Ferrous sulfate
P.T.B. 500 mg 20,,500 mg,Tablets,,20 Tablets,
Pabal (I.V.) 100 mcg/ml 5,,,Ampoules,,5 Ampoules,
Pacifial 20 mg 21,,20 mg,Tablets,,21 Tablets,
Pacifial 40 mg 21,,40 mg,Tablets,,21 Tablets,
Pacify Cream 50 mg,,50 mg,,,,
Paclitaxel 100 mg Vial,,100 mg,,,,
Paclitaxel 30 mg 1 Vial,,30 mg,,,,
Paclitaxel Ebewe 300 mg / 50 ml I Vial,,300 mg,,,50 ml,
Pacredo 20 mg 30,,20 mg,Tablets,,30 Tablets,
Padcev 20 mg 1 Vial (Fridge),,20 mg,,,,
Paediment Solution for Intravenous Infusion 250 ml,,,,,250 ml,
Paglifloza 10 mg 30 Film Coated,,10 mg,Film Coated Tablets,,,
Paglifloza 25 mg 30 Film Coated,,25 mg,Film Coated Tablets,,,
Pain Reliefer 30,,,Capsules,,30 Capsules,Ibuprofen
Pal - Mash Cream 30 gm,,,,,,
Palminerve 30 Hard Gelatin,,,Capsules,,,
Palminerve Plus 30 Hard Gelatin,,,Capsules,,,
Palotech 0.,,0.25 mg,,,5 ml,
Pan-Amin G Solution for Intravenous Infusion 500 ml,,,,,500 ml,
Pan-Amin SG Solution for Intravenous Infusion 500 ml,,,,,500 ml,
Pan-D Lotion 120 ml,,,,,120 ml,
Panadol Acute Head Cold 20 Film Coated,,,Film Coated Tablets,,,Paracetamol
Panadol Advance 500 mg 24,,500 mg,Tablets,,24 Tablets,Paracetamol
Panadol Advance 500 mg 48,,500 mg,Tablets,,48 Tablets,Paracetamol
Panadol Cold & Flu Day 24,,,Tablets,,24 Tablets,Paracetamol
Panadol Cold + Flu 10 Sachets,,,,,,Paracetamol
Panadol Joint 24 ER,,,Tablets,,,Paracetamol
Panadol Migraine 30,,,Tablets,,30 Tablets,Paracetamol
Pandermal Cream 15 gm,,,,,,
Pandermal Ointment 15 gm,,,,,,
Pangestazol 40 mg 14,,40 mg,Tablets,,14 Tablets,
Panox 30 Soft Gelatin,,,Capsules,,,
Pansol I.V. Solution 500 ml,,,,,500 ml,
Pantazol 40 mg for I.V. Injection 1 Vial,,40 mg,,,,
Panthozin Cream 30 gm,,,,,,
Pantogar 60,,,Capsules,,60 Capsules,
Pantoloc 20 mg 14,,20 mg,Tablets,,14 Tablets,
Pantoloc 40 mg 1 Vial,,40 mg,,,,
Pantoloc 40 mg 14,,40 mg,Tablets,,14 Tablets,
Pantomedra 40 mg 28,,40 mg,Tablets,,28 Tablets,
Pantomerican 40 mg 14,,40 mg,Tablets,,14 Tablets,
Pantomix Lotion 120 ml,,,,,120 ml,
Pantonap 20 mg 20,,20 mg,Tablets,,20 Tablets,
Pantonap 40 mg 20,,40 mg,Tablets,,20 Tablets,
Pantopi 20 mg 20,,20 mg,Tablets,,20 Tablets,
Pantroglob 40 mg Vial,,40 mg,,,,
Paracetamol 1% Solution for I.V. Infusion 1 Vial 100 ml,15,,,,100 ml,Paracetamol
Paracetamol 500 mg 20,15,500 mg,Tablets,,20 Tablets,Paracetamol
Paracetamol 500 mg 20,15,500 mg,Tablets,,20 Tablets,Paracetamol
Paracetamol 500 mg 20,15,500 mg,Tablets,,20 Tablets,Paracetamol
Paracetamol 500 mg B.P 2015 20,15,500 mg,Tablets,,20 Tablets,Paracetamol
Paracpimol 10 mg / 1 ml 1 Vial 100 ml,,10 mg,,,1 ml,
Paragesic Baby 120 mg / 5 ml,,120 mg,Syrup,,5 ml,
Paragesic Migrane 6 Sachets,,,,,,
Paramol 1 gm 20,,,Tablets,,20 Tablets,
Paramol 120 mg / 5 ml,,120 mg,Syrup,,5 ml,
Paramol 125 mg 5 Suppositories (Fridge),,125 mg,,,,
Paramol Plus 20,,,Tablets,,20 Tablets,
Parazoxanide 500 mg 18,,500 mg,Capsules,,18 Capsules,
Pariet 20 mg 14,,20 mg,Tablets,,14 Tablets,
Parkicapone 200 mg 20,,200 mg,Tablets,,20 Tablets,
Parkicarlevo ( 25 / 250 ) mg 30,,,Tablets,,30 Tablets,
Parkintreat 1 mg 20,,1 mg,Tablets,,20 Tablets,
Parofen 30,,,Tablets,,30 Tablets,
Paroxedep (CR) 25 mg 30,,25 mg,Tablets,,30 Tablets,
Paroxedep (CR) 37.5 gm 30,,,Tablets,,30 Tablets,
Paroxedep (CR)12.5 mg 30,,12.5 mg,Tablets,,30 Tablets,
Paroxedur XL 25 mg 30,,25 mg,Tablets,,30 Tablets,
Paroxetine 20 mg 30,,20 mg,Tablets,,30 Tablets,
Paroxetine CR 12.5 mg 30,,12.5 mg,Tablets,,30 Tablets,
Paroxetine CR 25 mg 30,,25 mg,Tablets,,30 Tablets,
Paroxetine CR 37.5 mg 30,,37.5 mg,Tablets,,30 Tablets,
Parten Massage Spray 120 mg,,120 mg,,,,
Pascolar Massage Gel 50 gm,,,,,,
Patadoline 1%,,,Drops,,5 ml,
Patanergic Eye Drop 5 ml,,,,,5 ml,
Patanol 0.1% Eye,,,Drops,,5 ml,
Pathicana 300 mg 30 Hard Gelatin,,300 mg,Capsules,,,
Pathicana 600 mg 30 Hard Gelatin,,600 mg,Capsules,,,
Pavomac Gel 30 gm,,,,,,
Paxonabetic 20 Hard Gelatin,,,Capsules,,,
Paxotreve 10 Sachets,,,,,,
Paxotryps Dietary Supplement 20 Hard Gelatin,,,Capsules,,,Multivitamins
Peano Balm 30 gm,,,,,,
Pectipro,,,Syrup,,90 ml,
Pedi Citicoline,,,Syrup,,30 ml,
Pediamum Milk 350 Gm,,,,,,
Pedicort 5 mg / 5 ml,,5 mg,Syrup,,5 ml,
Pemetrexed - Ever Pharma 1 Vial,,,,,,
Pemetrexed Synthon 1 Vial 20 ml,,,,,20 ml,
Pencilong (I.M.) 1200000 I.U. 1 Vial,,,,,,
Pencitard (I.M.) 1200000 I.U. 1 Vial,,,,,,
Penduline Nutrition Calcium Liquid 120 ml,35,,,,120 ml,Calcium carbonate
Penta-5-Oil 10 Sachets,,,,,,
Pentabixa 10 mg 30,,10 mg,Tablets,,30 Tablets,
Pentaburn 0.25% Ointment 15 gm,,,,,,
Pentacerein 50 mg 30,,50 mg,Capsules,,30 Capsules,
Pentaflu,,,Syrup,,100 ml,Paracetamol + Pseudoephedrine + Chlorpheniramine
Pental Sustained Release 400 mg 20,,400 mg,Tablets,,20 Tablets,
Pentamero,,,Syrup,,120 ml,
Pentamix,,,Syrup,,120 ml,
Pentamol 1 gm Solution for I.V. Infusion 1 Vial 100 ml,,,,,100 ml,
Pentarmpc 30 Hard Gelatin,,,Capsules,,,
Pentasa 1 gm 1 Enema (Fridge),,,,,,
Pentasa 1 gm 1 Suppository (Fridge),,,,,,
Pentasa 1 gm 28 Suppository (4 Strips) (Fridge),,,,,,
Pentasa 1 gm 50 Sachets,,,,,,
Pentasa 500 mg 100,,500 mg,Tablets,,100 Tablets,
Pentasa Xtend 2 gm 60 Sachets,,,,,,
Pentasitol 30 Hard Gelatinous,,,Capsules,,,
Pentastatin 20 mg 28,,20 mg,Tablets,,28 Tablets,
Pentastatin 5 mg 20,,5 mg,Tablets,,20 Tablets,
Pentatrox 1 gm 1 Vial,,,,,,
Pentolegic 1% Ophthalmic Solution 30 Single Dose Units ? 0.5 ml,,,,,5 ml,
Peopo Otic Ear,,,Drops,,15 ml,
Peopospan Cough,,,Syrup,,100 ml,Dextromethorphan + Guaifenesin
Pepon 300 mg 30,,300 mg,Capsules,,30 Capsules,
Pepon Plus 20,,,Capsules,,20 Capsules,
Peptazol 30 mg 14,,30 mg,Capsules,,14 Capsules,
Peptic Care 500 mg / 250 mg / 20 mg 14 Enteric Coated,,500 mg,Tablets,,,
Pepzol 20 mg 14,,20 mg,Capsules,,14 Capsules,
Pepzol 40 mg 7,,40 mg,Capsules,,7 Capsules,
Peracef 1 gm 1 Vial,,,,,,
Peractam 1.5 gm 1 Vial,,,,,,
Perderm 0.05% Cream 10 gm,,,,,,
Perderm 0.05% Ointment 10 gm,,,,,,
Perdofenex 267 mg 30,,267 mg,Capsules,,30 Capsules,
Perfect Neura 30 Hard Gelatin,,,Capsules,,,
Perfectil Hair Extra Support 60,,,Tablets,,60 Tablets,
Perfectil Original 30,,,Tablets,,30 Tablets,
Perfectodil 2% Topical Solution 60 ml,,,,,60 ml,
Perform Massage Gel 25 gm,,,,,,
Peritoneal Dialysis Solution (Acetate) in Glucose 1.7% 1000 ml,,,,,1000 ml,
Peritoneal Dialysis Solution (Lactate) in Glucose 4.25% 1000 ml,,,,,1000 ml,
Perjeta 420 mg/14 ml 1vial (Fridge),,420 mg,,,14 ml,
Perloc 40 mg 14,,40 mg,Tablets,,14 Tablets,
Perloc 40 mg Solution for I.V. Injection 1 Vial,,40 mg,,,,
Pervaxinal 2.5 mg 30 film coated,,2.5 mg,film coated tablets,,,
Pervaxinal 5 mg 30 film coated,,5 mg,film coated tablets,,,
Petro 30,,,Tablets,,30 Tablets,
Phara Fero 18 30,,,Capsules,,30 Capsules,
Phara Fero 18 Plus 20,,,Capsules,,20 Capsules,
Phara Fero 27 - 20,,,Capsules,,20 Capsules,
Phara Fero 27 Plus 20,,,Capsules,,20 Capsules,
Pharma Tears Lubricating Eye,,,Drops,,15 ml,
Pharmabetic Plus 50 / 1000 mg 30 Film Coated,,1000 mg,Film Coated Tablets,,,
Pharmabetic Plus 50 / 500 mg 30 Film Coated,,500 mg,Film Coated Tablets,,,
Pharmabilast 20 mg 20,,20 mg,Tablets,,20 Tablets,
Pharmagatin 0.3% Eye,,,Drops,,5 ml,
PharmaPred 1% Ophthalmic Suspension 5 ml,,,,,5 ml,
Pharmapress 0.2% Ophthalmic Solution 5 ml,,,,,5 ml,
Pharmastin 0.5% Ophthalmic Solution 5 ml,,,,,5 ml,
Pharmavildamin 50 / 1000 mg 30,,1000 mg,Tablets,,30 Tablets,
Pharmavildamin 50 / 850 mg 30,,850 mg,Tablets,,30 Tablets,
Pharmula Agar Oral,,,Drops,,30 ml,
Pharofen 100 mg 5 Suppositories for Adults,,100 mg,,,,
Pharofen 75 mg 4,,75 mg,Ampoules,,4 Ampoules,
Pharotita,,,Syrup,,120 ml,
Pharovit Iron,50,,Syrup,,100 ml,Ferrous sulfate
Pharsert 2 Vaginal Ovules,,,,,,
Pharsert Topical Cream 30 gm,,,,,,
Pharsert Topical Gel 30 gm,,,,,,
Phedra Cream 120 gm,,,,,,
Phenadone,,,Syrup,,125 ml,
Phenylmedrin 2.5% Uni dose,,,Drops,,,
Phenytin 100 mg 1 Ampoule ? 2 ml,,100 mg,,,2 ml,
Phenytin 100 mg 50,,100 mg,Capsules,,50 Capsules,
Phenytin 250 mg 10,,250 mg,Ampoules,,10 Ampoules,
Phenytin 50 mg 50,,50 mg,Capsules,,50 Capsules,
Phenytin Oral Suspension 120 ml,,,,,120 ml,
Phenytoin AIT Topical Spray 150 ml,,,,,150 ml,Phenytoin
Phenytoin AIT Topical Spray 50 ml,,,,,50 ml,Phenytoin
Phesgo,,600 mg,,,10 ml,
Philozac 20 mg 30,,20 mg,Capsules,,30 Capsules,
Phlepoveinal Topical Gel 40 gm,,,,,,
Phrenamisol 50 mg 30,,50 mg,Tablets,,30 Tablets,
Physiomer Baby Isotonic 30 Single Doses ? 5 ml,,,,,5 ml,
Physiomer Baby Spray Hypertonique 60 ml,,,,,60 ml,
Physiomer Normal Jet Nasal Spray 135 ml,,,,,135 ml,
Phyto K 10 mg 50,,10 mg,Tablets,,50 Tablets,
Phyto Phanere 120,,,Capsules,,120 Capsules,
Phyto Phanere 240,,,Capsules,,240 Capsules,
Phytomenadione 10 mg 6,,10 mg,Ampoules,,6 Ampoules,
Phytovit MM 10 mg 3,,10 mg,Ampoules,,3 Ampoules,
Piascledine 300 mg 15,,300 mg,Capsules,,15 Capsules,
PIC Ice Spray 150 ml,,,,,150 ml,
PIC Ice Spray 400 ml,,,,,400 ml,
Picolax Oral,,,Drops,,15 ml,
Picoprep Powder 2 Sachets,,,,,,
Piloderma Cream 50 gm,,,,,,
Pimfast 1 gm 1 Vial,,,,,,
Pimoroyal Cream 15 gm,,,,,,
Pioglumet 850 mg/15 mg 30,,850 mg,Tablets,,30 Tablets,
Piompride 30 mg/4 mg 30,,30 mg,Tablets,,30 Tablets,
Piperacillin/Tazobactam Kabi 4 gm/ 0.5 gm 1 Vial,,,,,,Piperacillin + Tazobactam
Piprataz 4 gm / 0.5 gm (For I.V. Infusion Only) 1 Vial,,,,,,
Pirafene 5 mg 6,,5 mg,Ampoules,,6 Ampoules,
Pirastopivir 200 mg 40,,200 mg,Tablets,,40 Tablets,
Pirlome 30 Hard Gelatin,,,Capsules,,,
Pirona 20 Sachets,50,,,,,Ferrous sulfate
Pirontagonist 10 mg 20,50,10 mg,Tablets,,20 Tablets,Ferrous sulfate
Pivastalo 2 mg 28,,2 mg,Tablets,,28 Tablets,
Pivastalo 4 mg 28,,4 mg,Tablets,,28 Tablets,
Pixcolt 5 mg 30,,5 mg,Tablets,,30 Tablets,
Pixe Fresh Mouth Spray 60 ml,,,,,60 ml,
Pk - Merz 100 mg 30,,100 mg,Tablets,,30 Tablets,
Pk - Merz Infusion Solution (I.V.) 500 ml,,,,,500 ml,
Plancher New Trust,,,Syrup,,120 ml,
Plaquenil 200 mg 60,,200 mg,Tablets,,60 Tablets,
Platenor 75 mg 30,,75 mg,Tablets,,30 Tablets,
Plavicard 75 mg 30,,75 mg,Tablets,,30 Tablets,
Plavictonal 75 mg 20,,75 mg,Tablets,,20 Tablets,
Plavix 300 mg 30 Film Coated,,300 mg,Film Coated Tablets,,,
Playal 80 mg Prefilled Syringe 4 ml (Fridge),,80 mg,,,4 ml,
Plegica 1% Ophthalmic Solution 10 ml,,,,,10 ml,
Plemazol 10 mg 20,,10 mg,Tablets,,20 Tablets,
Plendil 5 mg 30,,5 mg,Tablets,,30 Tablets,
Pletaal 100 mg 20,,100 mg,Tablets,,20 Tablets,
Pletaal 50 mg 20,,50 mg,Tablets,,20 Tablets,
Plovimas Mouth Spray (Strawberry) 60 ml,,,,,60 ml,
Plucefox 1 gm 1 Vial,,,,,,
Plutial Gel 60 gm,,,,,,
Plutochib,,,Syrup,,120 ml,
Pneumovax 23 0.5 ml Syringe (Fridge),,,,,5 ml,
Pogabone 30 Film Coated,,,Film Coated Tablets,,,
Pogamun 30 Film Coated,,,Film Coated Tablets,,,
Poganerve 30 Hard Gelatin,,,Capsules,,,
Pogaval 30,,,Tablets,,30 Tablets,
Pointzam 30,,,Tablets,,30 Tablets,
Pointzam 30,,,Tablets,,30 Tablets,
Pollen Forte,,,Syrup,,120 ml,
Pollen Life Powder 60 gm,,,,,,
Poly Fresh Eye,,,Drops,,20 Ampoules,
Poly Vision Eye,,,Drops,,5 ml,
Polyderm Cream 20 gm,,,,,,
Polyfresh Advanced Eye,,,Drops,,10 ml,
Polyfresh Extra Sterile Ophthalmic Solution 0.4 ml ? 30 Units,,,,,4 ml,
Polymer Adult Hypertonic 3% Spray 100 ml,,,,,100 ml,
Polymer Baby Isotonic 0.9% Nasal Spray 100 ml,,,,,100 ml,
Polymer Kids Hypertonic 2.3% Nasal Spray 100 ml,,,,,100 ml,
Pomcare Mouth Wash 250 ml,,,,,250 ml,
Pono 250 mg 20,,250 mg,Capsules,,20 Capsules,
Pono Forte 500 mg 20,,500 mg,Capsules,,20 Capsules,
Ponstan Forte 500 mg 20,,500 mg,Tablets,,20 Tablets,
Populacal,,,Syrup,,150 ml,
Poshuric Granules 280 gm,,,,,,
Potafen 25 mg 20,,25 mg,Tablets,,20 Tablets,
Potafen 50 mg 20,,50 mg,Tablets,,20 Tablets,
Potaspirono 100 mg 20,50,100 mg,Tablets,,20 Tablets,Ferrous sulfate
Potaspirono 25 mg 20,50,25 mg,Tablets,,20 Tablets,Ferrous sulfate
Potassium Chloride (I.V. ) 1 Ampoule 15 ml,,,,,15 ml,
Potassium Chloride (I.V. ) 15% 1 Ampoule 5 ml,,,,,5 ml,
Potassium M.,,,Syrup,,120 ml,
Potassium Vitascope 30,,,Tablets,,30 Tablets,
Potenzym 20 Enteric Coated,,,Tablets,,,
Powcold Oral Suspension 100 ml,,,,,100 ml,Paracetamol + Pseudoephedrine + Chlorpheniramine
Power B Complex 6,,,Ampoules,,6 Ampoules,
Power Cold & Flu 20,,,Tablets,,20 Tablets,Paracetamol + Pseudoephedrine + Chlorpheniramine
Powerecta 10 mg 6 Disintegrating Tablet,,10 mg,,,,
Prandaglim 25 mg 30,,25 mg,Tablets,,30 Tablets,
Prandaglim Met 12.5 mg / 1000 mg 30,,12.5 mg,Tablets,,30 Tablets,
Prandaglim Met 12.5 mg / 500 mg 30,,12.5 mg,Tablets,,30 Tablets,
Prandaglim Plus 25 mg / 30 mg 30,,25 mg,Tablets,,30 Tablets,
Prandaglim Plus 25 mg /15 mg 30,,25 mg,Tablets,,30 Tablets,
Pranoso Brandy Spray 30 ml,,,,,30 ml,
Pranovin Massage Gel 50 gm,,,,,,
Pravotin 100 mg 14 Sachets,,100 mg,,,,
Praxilene 200 mg 30,,200 mg,Tablets,,30 Tablets,
Prazolosab 30 mg 20,,30 mg,Tablets,,20 Tablets,
Prebiotic Dextrin 14 Sachets ? 5 gm,,,,,,
Predapox 30 mg 6,,30 mg,Tablets,,6 Tablets,
Predapox 60 mg 6,,60 mg,Tablets,,6 Tablets,
Prednisolone - EVA Pharma 5 mg 30 Oral Disintegrating,,5 mg,Tablets,Eva Pharma,,Prednisolone
Prednisolone 20 Orodispersible,,20 mg,Tablets,,,Prednisolone
Prednisolone 5 mg 20,,5 mg,Tablets,,20 Tablets,Prednisolone
Predsol 5 mg / 5 ml,,5 mg,Syrup,,5 ml,
Predsol 5 mg/ 5ml,,5 mg,Syrup,,5 ml,
Prefortex 30,,,Tablets,,30 Tablets,
Prefortex 30 Film Coated,,,Film Coated Tablets,,,
Pregna Model T Cu 380 with Safeload Loop,,,,,,
Pregna Step 1 30 Film Coated,,,Film Coated Tablets,,,
Pregna Step 2 30 Hard Gelatin,,,Capsules,,,
Pregna Step 3 30 Hard Gelatin,,,Capsules,,,
Pregnacare 30,,,Tablets,,30 Tablets,
Pregtility 60 Hard Gelatin,,,Capsules,,,
Pregtility Plus 28 Sachets,,,,,,
Prematogest 250 mg / ml 1 Ampoule 1 ml,,250 mg,,,1 ml,
Premherb 20 Film Coated,,,Film Coated Tablets,,,
Premier CO Vitamin B 15 Sachets,,,,,,Multivitamins
Premier Immu M.V 14 Sachets,,,,,,
Premier Lactoferrin&Vitamin C 14 Sachets,,,,,,Ascorbic acid
Premier Marago 10 Sachets,,,,,,
Prepawest Powder 4 Sachets,,,,,,
Preseed Cream 60 gm,,,,,,
Pressothioval 160 mg / 25 mg 14,,160 mg,Tablets,,14 Tablets,
Pressval 160 mg 30,,160 mg,Tablets,,30 Tablets,
Pressval Plus 160 mg / 12.5 mg 30,,160 mg,Tablets,,30 Tablets,
Prevaglip 5 mg 30 Film Coated,,5 mg,Film Coated Tablets,Eva Pharma,,
Prevaglip Plus 2.5 Mg/ 500 Mg 30 Film Coated Tabets,,2.5 mg,,Eva Pharma,,
Prevaglip Plus 2.5/,,1000 mg,Tablets,Eva Pharma,30 Tablets,
Prevenar Vaccine (13) 0.5 ml (Fridge),,,,,5 ml,
Prexal 10 mg 30,,10 mg,Tablets,,30 Tablets,
Prexo Lotion 60 ml,,,,,60 ml,
Prianil C-R 30,,,Tablets,,30 Tablets,
Pridocaine Cream 30 gm,,,,,,
Priligy 30 mg 3,,30 mg,Tablets,,3 Tablets,
Priligy 60 mg 3,,60 mg,Tablets,,3 Tablets,
Prima Dar 30 Hard Gelatin,,,Capsules,,,
Primanod Evening Primrose Oil 10 Soft Gelatin,,,Capsules,,,
Prime Bronchi,,,Syrup,,100 ml,
Primo Plus Lotion 120 ml,,,,,120 ml,
Primolut - Nor 10 mg 30,,10 mg,Tablets,,30 Tablets,
Primoxizar 400 mg 10,,400 mg,Tablets,,10 Tablets,
Primoxizar 400 mg 5,,400 mg,Tablets,,5 Tablets,
Primperan 10 mg 10,,10 mg,Tablets,,10 Tablets,
Primrose - E 30 Soft Gelatin,,,Capsules,,,
Primrose Plus 1000 mg 30,,1000 mg,Capsules,,30 Capsules,
Primu -Bronch,,,Syrup,,80 ml,
Prinorelax 15 mg 30,,15 mg,Capsules,,30 Capsules,
Prinorelax 30 mg 20,,30 mg,Capsules,,20 Capsules,
Priorix 1 Vial MMR (Fridge),,,,,,
Prisbrina 20 Hard Gelatin,,,Capsules,,,
Prismaven 100 mg 30,,100 mg,Tablets,,30 Tablets,
Prismaven 50 mg 30,,50 mg,Tablets,,30 Tablets,
Pristimood 50 mg 20,,50 mg,Tablets,,20 Tablets,Sertraline
Pristiq 50 mg 30,,50 mg,Tablets,,30 Tablets,
Privacond Ophthalmic Solution 15 ml,,,,,15 ml,
Privanork 200 mg 40,,200 mg,Tablets,,40 Tablets,
Prixafert 30 Sachets,,,,,,
Pro Care 20,,,Capsules,,20 Capsules,
Pro Efu,,,Syrup,,120 ml,
Pro Life 7 Sachets 25 gm,,,,,,
Pro-Lance 250 gm 10 Sachets,,,,,,
Pro-Oxy Top 20,,,Tablets,,20 Tablets,
Proact 10 Sachets,,,,,,
Proact Mouthwash Lemon Flavor 250 ml,,,,,250 ml,
ProArax - Cal 30 Film Coated,,,Film Coated Tablets,,,
Probactcin 2% Cream 15 gm,,,,,,
Probaviti MBO 20 Hard Gelatin,,,Capsules,,,
Probiotic Complex Neo 15 Hard Vegan,,,Capsules,,,
Probiotic Femme Neo 15 Hard Vegan,,,Capsules,,,
Probo Zone Oral,,,Drops,,5 ml,
Probric Oral Solution 125 ml,,,,,125 ml,
Procoralan 5 mg 28,,5 mg,Tablets,,28 Tablets,
Procoralan 7.5 mg 28,,7.5 mg,Tablets,,28 Tablets,
Proctan St 30,,,Capsules,,30 Capsules,
Procto-4 Cream 15 gm,,,,,,
Procykinol 10 mg / 2 ml 5,,10 mg,Ampoules,,2 ml,
Procykinol 5 mg 50,,5 mg,Tablets,,50 Tablets,
Profenid 100 mg / 2 ml 3,,100 mg,Ampoules,,2 ml,
Profer Extra 30 Chewable,,,Tablets,,,
Profi Kids C Zinc 120 Gummies + Megan Children Omega 3 60 Gummies,,,,,,Zinc sulfate
Profi Kids Extra Multi - Vitamin 60 Gummies + Profi Kids Iron 120 Gummies,50,,,,,Ferrous sulfate
Profi Kids Extra Multivitamin Gummuies (120 Pieces + 60 Pieces Free) Package,,,,,,Multivitamins
Profi Kids Multi-Vitamins 120 Gummies + Megan Children Omega 3 60 Gummies,,,,,,Omega-3 fatty acids
Profusol 400 mg 20 Soft Gelatin,,400 mg,Capsules,,,
Progesing 100 mg 10,,100 mg,Ampoules,,10 Ampoules,
Progest 100 mg 24,,100 mg,Capsules,,24 Capsules,
Progest 200 mg 30,,200 mg,Capsules,,30 Capsules,
Progest 400 mg 15,,400 mg,Capsules,,15 Capsules,
Progesterone - AIT 100 mg / 2 ml 10,,100 mg,Ampoules,,2 ml,
Prograf 1 mg 100,,1 mg,Capsules,,100 Capsules,
Prolol 10 mg 50,,10 mg,Tablets,,50 Tablets,
Prolol 40 mg 50,,40 mg,Tablets,,50 Tablets,
Prolutex 25 mg subcutaneous 7 Vial,,25 mg,,,,
Promax Plus Protein 12 Sachets,,,,,,
Pronto Plus 20,,,Tablets,,20 Tablets,
Prontogest 50 mg (I.M.) 10,,50 mg,Ampoules,,10 Ampoules,
Prontomutim 100 mg 30 Film Coated,,100 mg,Film Coated Tablets,,,
Prontomutim 200 mg 30 Film Coated,,200 mg,Film Coated Tablets,,,
Prony Candy 30 Pieces,,,,,,
Propamethone Cream 20 gm,,,,,,
Propofol 1% (10 mg / 1 ml) Fresenius 5,,10 mg,Ampoules,,1 ml,
Propolis C 20 Lozenges,,,,,,
Propolis C Mouth Spray 25 ml,,,,,25 ml,
Propvant,,,Syrup,,120 ml,
Proscar 5 mg 28,,5 mg,Tablets,,28 Tablets,
Prost Ade 30 Soft Gelatin,,,Capsules,,,
Prostacure 50 mg 20,,50 mg,Capsules,,20 Capsules,
Prostality 20,,,Capsules,,20 Capsules,
Prostanorm 30,,,Capsules,,30 Capsules,
Prostenal Control 30,,,Tablets,,30 Tablets,
Prostenal Forte 30,,,Tablets,,30 Tablets,
Prostenal Night 30,,,Tablets,,30 Tablets,
Prostetrol 10 mg 30,,10 mg,Tablets,,30 Tablets,
Prostplasia 0.5 mg 30 Soft Gelatin,,0.5 mg,Capsules,,,
Protaci 10 Sachets,,,,,,
Protam 10 mg / ml (I.V.) 1 Vial 5 ml,,10 mg,,,5 ml,
Proteca Spray 120 ml,,,,,120 ml,
Protectopril 8 mg 20,,8 mg,Tablets,,20 Tablets,
Protectopril Plus 1.25 / 4 mg 30 Film Coated,,4 mg,Film Coated Tablets,,,
Protectopril Trio 10 / 2.5 / 10 mg 20 Film Coated,,10 mg,Film Coated Tablets,,,
Protectopril Trio 5 / 1.25 / 5 mg 20 Film Coated,,5 mg,Film Coated Tablets,,,
Protectopril Trio 5 / 2.5 / 10 mg 20 Film Coated,,10 mg,Film Coated Tablets,,,
Proticaconazole 150 mg 2,,150 mg,Capsules,,2 Capsules,
Protofenac 150 mg 20,,150 mg,Tablets,,20 Tablets,
Protofix 20 mg 14,,20 mg,Tablets,,14 Tablets,
Protofix 40 mg 14,,40 mg,Tablets,,14 Tablets,
Protofix 40 mg Solution for I.V. Injection 1 Vial,,40 mg,,,,
Protolans 30 mg 14,,30 mg,Capsules,,14 Capsules,
Protolans 60 mg 14,,60 mg,Capsules,,14 Capsules,
Protoloc 20 mg 14,,20 mg,Tablets,,14 Tablets,
Protoloc 40 mg 14,,40 mg,Tablets,,14 Tablets,
Protopan 20 Mg 21,,20 mg,Capsules,,21 Capsules,
Protopic 0.01% Ointment 30 gm,,,,,,
Protostop 500 mg 6,,500 mg,Tablets,,6 Tablets,
Protozole 500 mg 12,,500 mg,Tablets,,12 Tablets,
Provan 100 mg 14 Sachets,,100 mg,,,,
Proviron 25 mg 20,50,25 mg,Tablets,,20 Tablets,Ferrous sulfate
Proxeed Plus 30 Sachets,,,,,,
Proxeed Women 30 Sachets,,,,,,
Proyeast 30,,,Tablets,,30 Tablets,
Prozac 20 mg 14,,20 mg,Capsules,,14 Capsules,
Prucasoft 1 mg 14,,1 mg,Tablets,,14 Tablets,
PS Choline 20 Hard Gelatin,,,Capsules,,,
Psoriasis Ointment 50 gm (Al Abdellatif Lab),,,,,,
Psoriasis Ointment with Cade Oil 60 gm (Al Abdellatif Lab),,,,,,
Psycholanz 25 / 12 mg 30,,12 mg,Capsules,,30 Capsules,
Psycholanz 50 / 12 mg 30,,12 mg,Capsules,,30 Capsules,
Psychopram 10 mg 30,,10 mg,Tablets,,30 Tablets,
Psychopram 20 mg 20,,20 mg,Tablets,,20 Tablets,
Psyquel 200 mg 10,,200 mg,Tablets,,10 Tablets,
Psyquel 25 mg 10,,25 mg,Tablets,,10 Tablets,
Psytinon 60 mg 20,,60 mg,Tablets,,20 Tablets,
Pukeban 20 Film Coated,,,Film Coated Tablets,,,
Pulmicort Nebulizing Suspension 0.25 mg/ml 5,,0.25 mg,Ampoules,,5 Ampoules,
Pulmicort Nebulizing Suspension 0.5 mg/ml 5,,0.5 mg,Ampoules,,5 Ampoules,
Pulmiprove 125 mg 30,,125 mg,Tablets,,30 Tablets,
Pura Max 10 Sachets,,,,,,
Puregena Massage Cream 75 gm,,,,,,
Purete Bronchial,,,Syrup,,120 ml,
Purete Calcium,35,,Syrup,,120 ml,Calcium carbonate
Purete Ginger Fennel Mix,,,Syrup,,120 ml,
Purete Iron,50,,Syrup,,120 ml,Ferrous sulfate
Purete Omega,,,Syrup,,120 ml,Omega-3 fatty acids
Purgaton 20 mg 30,,20 mg,Tablets,,30 Tablets,
Purgolaxin Rectal Solution 5 ml,,,,,5 ml,
Puri-nethol 50 mg 25,,50 mg,Tablets,,25 Tablets,
Purified Water 200 ml,,,,,200 ml,
Purified Water 50 ml 1 Packet,,,,,50 ml,
Puritan?s Pride All In One Omega 60 Softgel,,,Capsules,,,Omega-3 fatty acids
Puritan?s Pride B Complex With B-12 90,,,Tablets,,90 Tablets,
Puritan?s Pride Bee Probolis 500 mg 100,,500 mg,Capsules,,100 Capsules,
Puritan?s Pride Biotin 10000 mcg 100 Softgels,,,,,,Biotin
Puritan?s Pride Calcium Magnesium With Vitamin D 120 Caplets,35,,,,,Cholecalciferol
Puritan?s Pride Chromium Picolinate 500 mcg 100,,,Tablets,,100 Tablets,
Puritan?s Pride Co Q-10 100 mg 60 Softgels,,100 mg,Capsules,,,
Puritan?s Pride Easy Iron 28 mg 90,50,28 mg,Capsules,,90 Capsules,Ferrous sulfate
Puritan?s Pride Folic Acid 400 mcg 250,25,,Tablets,CID,250 Tablets,Folic acid
Puritan?s Pride Folic Acid 800 mcg 250,25,,Tablets,CID,250 Tablets,Folic acid
Puritan?s Pride Ginseng Complex With Royal Jelly 100,,,Capsules,,100 Capsules,
Puritan?s Pride Ginseng Complex With Royal Jelly 50,,,Capsules,,50 Capsules,
"Puritan?s Pride Hair, Skin & Nails Formula 60",,,tablets,,60 tablets,
Puritan?s Pride L-Arginine 1000 mg 100,,1000 mg,Capsules,,100 Capsules,
Puritan?s Pride Maca Extract 1000 mg For Men 60,,1000 mg,Capsules,,60 Capsules,
Puritan?s Pride Magnesium 250 mg 100 Coated Caplets,,250 mg,,,,Magnesium oxide
Puritan?s Pride Maximum Strength Triple Omega 3-6-9 120 Softgel,,,Capsules,,,Omega-3 fatty acids
Puritan?s Pride Melatonin 5 mg 120,,5 mg,tablets,,120 tablets,
Puritan?s Pride Odorless Garlic 1000 mg 100 Softgels,,1000 mg,,,,
Puritan?s Pride Omega-3 Fish Oil 1000 mg 100 Softgels,,1000 mg,Capsules,,,Omega-3 fatty acids
Puritan?s Pride Omega-3 Fish Oil 1200 mg 100 Softgels,,1200 mg,Capsules,,,Omega-3 fatty acids
Puritan?s Pride Super Biotin 5000 mcg 60,,,Capsules,,60 Capsules,Biotin
Puritan?s Pride Turmeric Curcumin 1000 mg 60,,1000 mg,Capsules,,60 Capsules,
Puritan?s Pride Vitamin D3 10.000 IU 100 Softgels,45,,,,,Cholecalciferol
Puritan?s Pride Vitamin D3 5000 IU 100 Softgels,45,,,,,Cholecalciferol
Puritan?s Pride Vitamin E-268 mg 100 Softgels,,268 mg,capsules,,,Tocopherol
Puritan?s Pride Vitamin E-450 mg 100 Softgels,,450 mg,Capsules,,,Tocopherol
Puritan?s Pride Zinc 25 mg 100,,25 mg,Tablets,,100 Tablets,Zinc sulfate
Puritan's Pride Tribulus Terrestris 250 mg 90,,250 mg,Capsules,,90 Capsules,
PVP Stio 1 % Mouthwash 200 ml,,,,,200 ml,
Pyral,,120 mg,Syrup,,5 ml,
Pyral 250 mg 5 Children Suppositories,,250 mg,,,,
Pyral 500 mg 20,,500 mg,Tablets,,20 Tablets,
Pyridovit Extra 30 Hard Gelatin,,,Capsules,,,
Q,,,Syrup,,120 ml,
Q - Rizm 30 Hard Gelatin,,,Capsules,,,
Q - Rizm 30 Hard Gelatin,,,Capsules,,,
Q - Well 10 200 mg 60,,200 mg,Capsules,,60 Capsules,
Q Afta Mouth Wash 180 ml,,,,,180 ml,
Q Sanihex Mouth Wash 120 ml,,,,,120 ml,
Qrockal Massage Cream,,50 mg,,,,
Quadriderm Cream 15 gm,,,,,,
Qualita Fever Cooling Patch for Adults And Children 4 Pieces,,,,,,Paracetamol
Qualita Fever Cooling Patch for Babies 4 Pieces,,,,,,Paracetamol
Qualperafen Oral Suspension 100 ml,,,,,100 ml,
Queenciprozol 20 Film Coated,,,Film Coated Tablets,,,Ciprofloxacin
Queenzolamide 2% Eye,,,Drops,,5 ml,
Quen 20 Pieces,,,,,,
Quetiapine 100 mg 30,,100 mg,Tablets,,30 Tablets,
Quetiapine 200 mg 30,,200 mg,Tablets,,30 Tablets,
Quetiapine 300 mg 30 Film Coated,,300 mg,Film Coated Tablets,,,
Quetiasu 100 mg 30,,100 mg,Tablets,,30 Tablets,
Quetiasu 200 mg 30,,200 mg,Tablets,,30 Tablets,
Quetiasu 25 mg 30,,25 mg,Tablets,,30 Tablets,
Quetiasu 300 mg 30,,300 mg,Tablets,,30 Tablets,
Quetiazic XR 300 mg 30,,300 mg,Tablets,,30 Tablets,
Quetiazic XR 400 mg 30,,400 mg,Tablets,,30 Tablets,
Quibron - T / S R - 300 mg 100,,300 mg,Tablets,,100 Tablets,
Quifluro Eye Drop 5 ml,,,,,5 ml,Paracetamol + Pseudoephedrine + Chlorpheniramine
Quinabiotic 320 mg 5,,320 mg,Tablets,,5 Tablets,
Quinostarmax 500 mg 10,,500 mg,Tablets,,10 Tablets,
Quinostarmax 750 Mg 10,,750 mg,Tablets,,10 Tablets,
Quinostarmax 750 mg 5,,750 mg,Tablets,,5 Tablets,
Quitapex 100 mg 30,,100 mg,Tablets,,30 Tablets,
Quitapex 200 mg 30,,200 mg,Tablets,,30 Tablets,
Quitapex 25 mg 30,,25 mg,Tablets,,30 Tablets,
Quitapex 400 mg XR 30,,400 mg,Tablets,,30 Tablets,
Quitapex 50 mg 30 Extended Release Film Coated,,50 mg,Film Coated Tablets,,,
Quitapex XR 150 mg 30 Film Coated,,150 mg,Film Coated Tablets,,,
Quitapex XR 300 mg 30,,300 mg,Tablets,,30 Tablets,
Quitcool XR 150 mg 30,,150 mg,Tablets,,30 Tablets,
Quitcool XR 200 mg 30,,200 mg,Tablets,,30 Tablets,
Quitcool XR 300 mg 30,,300 mg,Tablets,,30 Tablets,
Quitcool XR 50 mg 30,,50 mg,Tablets,,30 Tablets,
Quitiadel 200 mg 10 Film Coated,,200 mg,Film Coated Tablets,,,
Quitiadel 200 mg 30 Film Coated,,200 mg,Film Coated Tablets,,,
Quitiadel 25 mg 30,,25 mg,Tablets,,30 Tablets,
Quome 30 Sachets,,,,,,
Qustyla Sea Water Spray 100 ml,,,,,100 ml,
R.X Massage Gel 100 gm,,,,,,
Rabeprakyrl 20 mg 30,,20 mg,Tablets,,30 Tablets,
Rabicid 10 mg 14,,10 mg,Tablets,CID,14 Tablets,
Rabicid 20 mg 14,,20 mg,Tablets,CID,14 Tablets,
Radia Rose Cream 50 gm,,,,,,
Radian Massage Cream 100 gm,,,,,,
Radiance 10 gm 10 Sachets,,,,,,
Radissage Massage Emulgel 100 gm,,,,,,
Rafa Oral Spray 60 ml,,,,,60 ml,
Rafada B Complex 20 Oro Dispersible Films,,,,,,
Ragitovak 4 mg / 2 ml ? 5,,4 mg,Ampoules,,2 ml,
Ragitovak 8 mg / 4 ml ? 5,,8 mg,Ampoules,,4 ml,
Raibyax 6 mg /25 mg 30,,6 mg,Capsules,,30 Capsules,
Raibyax 6 mg /50 mg 30,,6 mg,Capsules,,30 Capsules,
Rainbow Vit,,,Syrup,,120 ml,
Raket 20,,,Capsules,,20 Capsules,
Ramdeep 40 mg 10,,40 mg,Tablets,,10 Tablets,
Rame - Zithro 500 mg 6,,500 mg,Tablets,,6 Tablets,
Rame Zithro 200 mg,,200 mg,Syrup,,15 ml,
Rame Zithro 200 mg / 5 ml,,200 mg,Syrup,,5 ml,
Rame-Dinir 125 mg/5 ml Powder For Oral Suspension 60 ml,,125 mg,,,5 ml,
Rame-Dinir 250 mg/5 ml Powder For Oral Suspension 60 ml,,250 mg,,,5 ml,
Rameceftrax 1 gm Vial IM,,,,,,
Rameceftrax 1 gm Vial IV,,,,,,
Rameceftrax 500 mg Vial IM,,500 mg,,,,
Ramedamycin Eye,,,Drops,Rameda,5 ml,
Ramedamycin Plus Eye,,,Drops,Rameda,10 ml,
Ramedazolamide Eye,,,Drops,Rameda,5 ml,
Ramelact 30,,,Tablets,,30 Tablets,
Rametalina XR 25 mg / 1000 mg 30 Extended Release Film Coated,,25 mg,Film Coated Tablets,,,
Rametax 0.5 gm 1 Vial,,,,,,
Rancif 500 mg 10,,500 mg,Tablets,,10 Tablets,
Randil 10 mg 30,,10 mg,Tablets,,30 Tablets,
Randil 20 mg 30,,20 mg,Tablets,,30 Tablets,
Randolanex 20 Sachets,,,,,,
Ranexa 375 mg 60,,375 mg,Tablets,,60 Tablets,
Ranexa 500 mg 60,,500 mg,Tablets,,60 Tablets,
Ranexa 750 mg 60 Prolonged Release,,750 mg,Tablets,,,
Rani-F 20 mg 6 Sachets 5 gm,,20 mg,,,,
Ranxapin 10 mg 7,,10 mg,Tablets,,7 Tablets,
Ranxapin 5 mg 21,,5 mg,Tablets,,21 Tablets,
Rapi-Cool Cream 50 gm,,,,,,
Rapid Massage Cream 50 gm,,,,,,
Rapiflam 50 mg 10,,50 mg,Tablets,,10 Tablets,
Raseldal Oral,,,Drops,,20 ml,
Raspelocin,,400 mg,Film Coated Tablets,,,
Raspelocin 400 mg 10 Film Coated,,400 mg,Film Coated Tablets,,,
Rastiglo 10 mg 30 Film Coated,,10 mg,Film Coated Tablets,,,
Rayen Gel 120 gm,,,,,,
Razopump 20 mg 14 Delayed Release Hard Gelatin,,20 mg,Capsules,,,
Razopump 40 mg 14 Delayed Release Hard Gelatin,,40 mg,Capsules,,,
Reagila 4.5 mg 28,,4.5 mg,Capsules,,28 Capsules,
Realcoxstar 60 mg 20 Film Coated,,60 mg,Film Coated Tablets,,,
Realcoxstar 90 mg 14 Film Coated,,90 mg,Film Coated Tablets,,,
Rebif Liquid 44 mcg Syringe 0.5 ml,,,,,5 ml,
Reboton Gel 30 gm,,,,,,
Reca Colostrum 15 Sachets,,,,,,
Rechamond Gel 50 gm,,,,,,
Recormon 2000 IU 6 Prefilled Syringes (Fridge),,,,,,
Recormon 5000 IU 6 Prefilled Syringes (Fridge),,,,,,
Recoxibright 120 mg 7,,120 mg,Tablets,,7 Tablets,
Recoxibright 60 mg 20,,60 mg,Tablets,,20 Tablets,
Rectivard 20 mg 2,,20 mg,Tablets,,2 Tablets,
Rectivard 20 mg 4,,20 mg,Tablets,,4 Tablets,
Redand 3 gm 14 Sachets,,,,,,
REDAND for Adults 20 Hard Gelatin,,,Capsules,,,
Redcelcare 20 Film Coated,,,Film Coated Tablets,,,
Redfrex 30 Hard Gelatine,,,Capsules,,,
Redglob 30,,,Capsules,,30 Capsules,
Rednott Eye,,,Drops,,5 ml,
Redoxon Vitamin C 1000 mg 15 Effervescent,,1000 mg,Tablets,,,Ascorbic acid
Reemablast,,,Syrup,,120 ml,
Reemablast 20,,,Tablets,,20 Tablets,
Reemablast 30,,,Tablets,,30 Tablets,
Refluxeloc 20 mg 20 Film Coated,,20 mg,Film Coated Tablets,,,Paracetamol + Pseudoephedrine + Chlorpheniramine
Refregy Spray 60 ml,,,,,60 ml,
Refresh Tears 0.5% Eye,,,Drops,,15 ml,
Regaine 2 % Hair Loss Solution 60 ml,,,,,60 ml,
Regaine For Men 5 % Foam 73 ml 60 gm,,,,,73 ml,
Regenax 10 Sachets,,,,,,
Regencore Gel 30 gm,,,,,,
Reguphose 800 mg 30 Film Coated,,800 mg,Film Coated Tablets,,,
Rejotin Iron Complex 30,50,,Tablets,,30 Tablets,Ferrous sulfate
Relacomp Massage Gel 100 gm,,,,,,
Relacomp Massage Spray 100 gm,,,,,,
Relatrolene 25 mg 20 Hard Gelatin,,25 mg,Capsules,,,
Relax 250 mg /300 mg 30,,250 mg,Capsules,,30 Capsules,
Relax Mark - Gel Massage Gel 60 gm,,,,,,
Relax Massage Gel 50 gm,,,,,,
Relaxiged 20,,,Capsules,,20 Capsules,
Relaxine 4 mg 12,,4 mg,Tablets,,12 Tablets,
Relaxon 250 mg /300 mg 30,,250 mg,Capsules,,30 Capsules,
Relaxospasm XR 15 mg 20 Extended Release,,15 mg,Capsules,,,
Relaxospasm XR 30 mg 10 Extended Release,,30 mg,Capsules,,,
Relivatear Ophthalmic Solution 15 ml,,,,,15 ml,
Remdesivir-Rameda 100 mg IV (Fridge),,100 mg,,Rameda,,
Remekavy,,,Syrup,,120 ml,
Remeron 30 mg 10,,30 mg,Tablets,,10 Tablets,
Remicade 100 mg Vial (Fridge),,100 mg,,,,
Remigoline 0.5 mg 2,,0.5 mg,Tablets,,2 Tablets,
Remowax Ear,,,Drops,,15 ml,
Renagel 800 mg 180,,800 mg,Capsules,,180 Capsules,
Renal ( S - N ) 12 Sachets,,,,,,
RenewLife Biotin 30,,,Tablets,,30 Tablets,Biotin
RenewLife Omega 3 30,,,Capsules,,30 Capsules,Omega-3 fatty acids
Reniclair Nasal Spray 15 mL,,,,,15 mL,
Renmark 20 Chewable,,,Tablets,,,
Rennie Peppermint 24,,,Tablets,,24 Tablets,
Renoscar Gel 30 gm ( 1+50% Off ),,,,,,
Renoxacare 100,,,Tablets,,100 Tablets,
Repaglinide 1 mg 30,,1 mg,Tablets,,30 Tablets,
Repaion -N Massage Gel 50 gm,,,,,,
Repaion-N Masage Spray 120 ml,,,,,120 ml,
Reparil 40 mg 40,,40 mg,Tablets,,40 Tablets,
Reparil Gel (N) 40 gm,,,,,,
Repatha Surclick 2 Pens (Fridge),,,,,,
Repatoxaban 10 mg 10,,10 mg,Tablets,,10 Tablets,
Repo Cream 30 gm,,,,,,
Repo Cream 50 gm,,,,,,
Resinokaten Powder 454 gm,,,,,,
Resolor 1 mg 28,,1 mg,Tablets,,28 Tablets,
Respenzo 600 mg 10,,600 mg,Tablets,,10 Tablets,
Respidep,,,Syrup,,120 ml,
Respidep 10 Sachets,,,,,,
Respipect,,,Syrup,,120 ml,
Rest & Flex Massage Cream 60 gm,,,,,,
Restage Massage Gel 100 gm,,,,,,
Restage Massage Gel 50 gm,,,,,,
Restage Massage Spray 120 ml,,,,,120 ml,
Restmag B6 30,,,Tablets,,30 Tablets,
Resto-Mart Massage Cream 100 gm,,,,,,
Retorinad 20 mg 20,,20 mg,Tablets,,20 Tablets,
Reutibacilli Oral,,,Drops,,10 ml,
Reutri Cell Oral,,,Drops,,8 ml,
Revive Anti Scar Gel 50 gm,,,,,,
Revivoderm Cream 60 gm,,,,,,
Revolade 50 mg 14,,50 mg,Tablets,,14 Tablets,
Revoplex Cream 60 gm,,,,,,
Rexozolex 1 mg 20 Film Coated,,1 mg,Film Coated Tablets,,,
Rexozolex 2 mg 20 Film Coated,,2 mg,Film Coated Tablets,,,
Rexozolex 4 mg 20 Film Coated,,4 mg,Film Coated Tablets,,,
Rheuma Max 400 mg 10,,400 mg,Capsules,,10 Capsules,
Rheumarene 100 mg 6 Suppositories,,100 mg,,,,
Rheumarene 75 mg 3,,75 mg,Ampoules,,3 Ampoules,
Rheuxicam 8 mg 20,,8 mg,Tablets,,20 Tablets,
Rheuxicam 8 mg IM - IV 1 Vial,,8 mg,,,,
Rhinex 0.05 % Infantile Nasal,,,Drops,,10 ml,
Rhino-C 20,,,Tablets,,20 Tablets,
Rhinocalm,,,Syrup,,120 ml,
Rhinocalm 650 mg 20,,650 mg,Tablets,,20 Tablets,
Rhinocort Aqua 64 mcg 120 Doses,,,,,,
Rhinopro 100 mg,,100 mg,Syrup,,90 ml,
Rhinotus,,,Syrup,,90 ml,
Rhumaquick 50 Mg 20 Dispersible,,50 mg,Tablets,,,
Ri - Skin Ointment 30 g,,,,,,
Ricketoste 30 ml,,,Drops,,30 ml,
Right Ace Comp 5 / 25 mg 30,,25 mg,Tablets,,30 Tablets,
Right Bone Oral,,,Drops,,15 ml,
Right Broncho,,,Syrup,,90 ml,
Rikadosin 8 mg 14 Film Coated,,8 mg,Film Coated Tablets,,,
Ringer Acetate 500 ml,,,,,500 ml,
Ringer Injection 500 ml (Al Mottaheddon Pharma),,,,,500 ml,
Ringer Injection 500 ml With Cap (Otsuka Ateco),,,,,500 ml,
Ringer Lactate 500 ml With Cap (Ateco Pharma),,,,,500 ml,
Ringer Lactate 500 ml With Cap (OTSUKA),,,,,500 ml,
Ringer Lactate 500 ml With Cap (U Pharma),,,,,500 ml,
Ringer Lactate 500 ml Without Cap (Ateco Pharma),,,,,500 ml,
Ringers Acetate 500 ml,,,,,500 ml,
Rinosin Nasal Gel 5 gm,,,,,,
Rinosopravis 30 Film Coated,,,Film Coated Tablets,,,
Rinvoq 30 mg 30 Extented Release,,30 mg,Tablets,,,
Riopanox 12 Chewable,,,Tablets,,,
Riopanox Liquid 160 ml,,,,,160 ml,
Riscure 1 mg 30,,1 mg,Tablets,,30 Tablets,
Riscure 2 mg 20,,2 mg,Tablets,,20 Tablets,
Riscure 4 mg 20,,4 mg,Tablets,,20 Tablets,
Risdal 4 mg 20,,4 mg,Tablets,,20 Tablets,
Risek 40 mg 1 Vial,,40 mg,,,,
Rispadex 100 ml Oral Solution,,,,,100 ml,
Rispadex 2 mg 20,,2 mg,Tablets,,20 Tablets,
Risperdal 2 mg 20,,2 mg,Tablets,,20 Tablets,
Risperdal Consta 25 mg 1 Vial (Fridge),,25 mg,,,,
Risperdal Consta 37.5 mg Vial,,37.5 mg,,,,
Risperidone 3 mg 30,,3 mg,Tablets,,30 Tablets,
Rivabedax 10 mg 30 Orally Disintegrating,,10 mg,Tablets,,,
Rivabedax 15 mg 30 Orally Disintegrating,,15 mg,Tablets,,,
Rivaflowva 15 mg 20 Film Coated,,15 mg,Film Coated Tablets,,,
Rivaflowva 20 mg 20 Film Coated,,20 mg,Film Coated Tablets,,,
Rivamash 1.5 mg 30,,1.5 mg,Capsules,,30 Capsules,
Rivamash 3 mg 30,,3 mg,Capsules,,30 Capsules,
Rivaxarelt 10 mg 10,,10 mg,Tablets,,10 Tablets,
Rivesko 20 mg 30 Film Coated,,20 mg,Film Coated Tablets,,,
Rivo 75 mg 30 Chewable,,75 mg,Tablets,,,
Roaccutane 20 mg 30,,20 mg,Capsules,,30 Capsules,
Rocolata Ferrous Bis-Glycinate 30 Pieces,,,,,,
Rofendium 60 mg 20,,60 mg,Tablets,,20 Tablets,
Rogitamine 10 mg ? 5,,10 mg,Ampoules,,5 Ampoules,
Roll Tron Massage Gel Nano 50 gm,,,,,,
Rolly Spray 120 ml,,,,,120 ml,
Romalex 1 mg 5 ml Eye,,1 mg,Drops,,5 ml,
Romalex 75 mg 6,,75 mg,Ampoules,,6 Ampoules,
Romantigra 20 mg 4,,20 mg,Tablets,,4 Tablets,
Ronkin 1010 mg 20,,1010 mg,Capsules,,20 Capsules,
Ronma 10 Sachets,,,,,,
Rontigrone 400 mg 20,,400 mg,Tablets,,20 Tablets,
Rontigrone 400 mg 30,,400 mg,Tablets,,30 Tablets,
Rontraft 2.5 mg 2 Film Coated,,2.5 mg,Film Coated Tablets,,,
Rony Honey,,,Syrup,,100 ml,
Rony Ocean,,,Syrup,,120 Ml,
Rony Proty 5 gm 10 Sachets,,,,,,
Ronyca,,,Syrup,,120 ml,
Ronyca 20,,,Tablets,,20 Tablets,
Ronyca 30,,,Tablets,,30 Tablets,
Ropas 100 mg 10 Sachets,,100 mg,,,,
Ropenem 1 gm Vial,,,,,,
Rosha Vitamin D3 400 IU 30 Chewable,45,,Tablets,,,Cholecalciferol
Rositor 20 mg 14,,20 mg,Tablets,,14 Tablets,
Rosnum 10 Sachets,,,,,,
Rostevo Massage Gel 100 gm,,,,,,
Rosucholest 10 mg 30 Film Coated,,10 mg,Film Coated Tablets,,,
Rosucholest 20 mg 20 Film Coated,,20 mg,Film Coated Tablets,,,
Rosucholest 5 mg 30 Film Coated,,5 mg,Film Coated Tablets,,,
Rosuvast 10 mg 14,,10 mg,Tablets,,14 Tablets,
Rosuvast 20 mg 14,,20 mg,Tablets,,14 Tablets,
Rosuvast 5 mg 14,,5 mg,Tablets,,14 Tablets,
Rosuvastatin 10 mg 14 Film Coated,120,10 mg,Film Coated Tablets,,,Rosuvastatin
Rota Ma Vitamins & Iron Sachets,50,,,,,Ferrous sulfate
Rotabiotin 10000 mcg 30 Hard Gelatin,,,Capsules,,,Biotin
Rotabiotin 5000 mcg 30 Hard Gelatin,,,Capsules,,,Biotin
Rotacal-D 30,,,Tablets,,30 Tablets,
Rotacolibiotic 80 mg 1 Vial,,80 mg,,,,
Rotacurazine Topical Cream 25 gm,,,,,,
Rotacysteine 20% IV Infusion 25 ml ( 200 mg/1 ml),,200 mg,,,25 ml,
Rotadansetron 8 mg / 4 ml 5,,8 mg,Ampoules,,4 ml,
Rotadigest 30 Hard Gelatin,,,Capsules,,,
Rotadigest Glutenase 30 Hard Gelatin,,,Capsules,,,
Rotadigest Lactase (9000) 30 Hard Gelatin,,,Capsules,,,
Rotadrip Nasal Spray 30 ml,,,,,30 ml,
Rotaflora 20 Hard Gelatin,,,Capsules,,,
Rotaflora 30 Hard Gelatin,,,Capsules,,,
Rotaflora Orange 10 Sachets,,,,,,
Rotagrreste Vial 50 ml,,,,,50 ml,
Rotaguard Suspention 120 ml,,,,,120 ml,
Rotahelex,,,Syrup,,120 ml,
Rotahelex 25 mg 30,,25 mg,Tablets,,30 Tablets,
Rotahelex Advance,,,Syrup,,120 ml,
Rotahelex Extra 24 Lozenges,,,,,,
Rotahelex Forte 100 ml,,,Syrup,,100 ml,
Rotahelex Oral,,,Drops,,30 ml,
Rotahelex Thyme 24 Lozenges,,,,,,
Rotal 10 Sachets 10 gm,,,,,,
Rotamag Bisglycinate 30 Hard Gelatin,,,Capsules,,,
Rotamag Malate 30 Hard Gelatin,,,Capsules,,,
Rotamind 30 Soft Gelatin,,,Capsules,,,
Rotaneed Calamine Lotion 120 ml,,,,,120 ml,
Rotaplanin 200 mg Powder for Solution 1 Vial + 1 Ampoule,,200 mg,,,,
Rotarix Syringe (Fridge),,,,,,
Rotex 30,,,Tablets,,30 Tablets,
Rotmoov Massage Cream 40 gm,,,,,,
Rotmoov Massage Spray 75 ml,,,,,75 ml,
Rotymo 150 mg 10 Sachet,,150 mg,,,,
Rovac 3 M.I.U 10,,,Tablets,,10 Tablets,
Roval 20 Pieces,,,,,,
Roval 30 Hard Gelatin,,,Capsules,,,
Rovitan 14 Sachets,,,,,,
Rovix 14 Sachets,,,,,,
Rowachol 45,,,Capsules,,45 Capsules,
Rowamoxiflox 400 mg 5 Film Coated,,400 mg,Film Coated Tablets,,,
Rowatinex 45,,,Capsules,,45 Capsules,
Roxitin 100 mg Lactoferrin 10 Sachets,,100 mg,,,,
Roxogesic 60 mg 20,,60 mg,Tablets,,20 Tablets,
Royafloxacin 500 mg 10,,500 mg,Tablets,,10 Tablets,
Royal Jelly 1000 mg 12,,1000 mg,Capsules,,12 Capsules,
Royal Jelly 600 mg 12,,600 mg,Capsules,,12 Capsules,
Royal Vit G 20,,,Capsules,,20 Capsules,
Royanoxicam 8 Mg 20 Film Coated,,8 mg,Film Coated Tablets,,,
Royaverium 100 mg 30,,100 mg,Tablets,,30 Tablets,
Royaverium 50 mg 30,,50 mg,Tablets,,30 Tablets,
Roysan 4 mg 30,,4 mg,Tablets,,30 Tablets,
Rozone Forte 20,,,Tablets,,20 Tablets,
Rozone Gest 20 Film Coated,,,Film Coated Tablets,,,
Rozone Gest 20 Film Coated,,,Film Coated Tablets,,,
Rozonethio 20,,,Tablets,,20 Tablets,
Rozonethio 20 Film Coated,,,Film Coated Tablets,,,
Rtino 10 Sachets,,,,,,
Rubamint Cold Massage Gel 5% Menthol 60 gm,,,,,,Paracetamol + Pseudoephedrine + Chlorpheniramine
Rubivamin 1000 mcg 5,,,Ampoules,,5 Ampoules,
Ruby Chocolate With Iron (Fridge),50,,,,,Ferrous sulfate
Ruby Chocolate With Iron 10 Sachets,50,,,,,Ferrous sulfate
Rumaximap 60 mg 30,,60 mg,Tablets,,30 Tablets,
Ruparate 10 mg 10,,10 mg,Tablets,,10 Tablets,
Rupatahist 10 mg 20,,10 mg,Tablets,,20 Tablets,
Ruta C 60 mg 20,,60 mg,Tablets,,20 Tablets,
Rutin Seba - C 20 Film Coated,,,Film Coated Tablets,,,
Ruvido Omega 3,,,Syrup,,120 ml,Omega-3 fatty acids
Ruxotop 1.5% Topical Cream 60 gm,,,,,,
Rybelsus 3 mg 10,,3 mg,Tablets,,10 Tablets,
Rytmonorm 150 mg 30,,150 mg,Tablets,,30 Tablets,
S.M.R 2 mg 20,,2 mg,Tablets,,20 Tablets,
Saboctic 300 mg 20,,300 mg,Tablets,,20 Tablets,
Saboctic 600 mg 20,,600 mg,Tablets,,20 Tablets,
Safa Gel 50 gm,,,,,,
Safamood 250 mg 20,,250 mg,Tablets,,20 Tablets,
Safe Top,,,Syrup,,120 ml,
Safedalfa 0.5 mcg 30,,,Capsules,,30 Capsules,
Safedalfa 1 mcg 30,,,Capsules,,30 Capsules,
Safetrium Complete From A to Zinc For Women 30 Film Coated,,,Film Coated Tablets,,,Zinc sulfate
Safetrium Kids 30 Gummies,,,,,,
Safetrium Kids 60 Gummies,,,,,,
Safinozol 100 mg 10,,100 mg,Tablets,,10 Tablets,
Safinozol 50 mg 10,,50 mg,Tablets,,10 Tablets,
Safwa Vit 30,,,Tablets,,30 Tablets,
Sageway Massage Gel 50 gm,,,,,,
Saginkgo 30 Hard Gelatin,,,Capsules,,,
Saizen 20 mg Solution For Injection (Fridge),,20 mg,,,,
Saizen 6 mg Solution For Injection (Fridge),,6 mg,,,,
Saja-Cod,,,Syrup,,120 ml,
Sajrelax Massage Gel 50 gm,,,,,,
Salazo Sulph Pyrine 20,,,Tablets,,20 Tablets,
Salbovent 2 mg 30,,2 mg,Tablets,,30 Tablets,
Salbovent 2 mg/ 5 ml,,2 mg,Syrup,,5 ml,
Salbovent Forte 4 mg 20,,4 mg,Tablets,,20 Tablets,
Salbovent(5 mg /1 ml) Respirator Solution 20 ml,,5 mg,,,1 ml,
Salfoverose,,,Syrup,,120 ml,
Salgy Massage Cream 50 gm,,,,,,
Salicortiderm Ointment 30 gm,,,,,,
Salinol Nasal Gel 30 gm,,,,,,
Salitroxib 90 mg 20 Film Coated,,90 mg,Film Coated Tablets,,,
Salmetocort 50 / 250 mcg 60 Inhaled,,,Capsules,,,
Salmetocort 50 / 500 mcg 60 Inhaled,,,Capsules,,,
Salutuki 10 Sachets,,,,,,
Samlistless Hypertonic Spray 75 ml,,,,,75 ml,
Samlistless Isotonic Spray 50 ml,,,,,50 ml,
Samscribe Massage Gel 50 gm,,,,,,
Sandimmun Neoral,,,Syrup,,,
Sandimmun Neoral 100 mg 50,,100 mg,Capsules,,50 Capsules,
Sandimmun Neoral 25 mg 50,,25 mg,Capsules,,50 Capsules,
Sandimmun Neoral 50 mg 50,,50 mg,Capsules,,50 Capsules,
Sandostatin 0.1 mg /ml 5,,0.1 mg,Ampoules,,5 Ampoules,
Sandostatin Lar 30 mg I.M Vial + Prefilled Syringe (Fridge),,30 mg,,,,
Sandrill 600 30 Hard Gelatin,,,Capsules,,,
Sano,,,Syrup,,120 ml,
Sanorest Tooth Gel 30 gm,,,,,,
Sanosight 30 Mini Soft Gelatin,,,Capsules,,,
Sanotact 100% Natural Vitamin C 30 Lozenges,,,,,,Ascorbic acid
Sanotact A-Z Vital 15 Effervescent,,,Tablets,,,
Sanotact A-Z Vital 30 Film Coated,,,Film Coated Tablets,,,
Sanotact Beauty Drink Collagen + C 20,,,Tablets,,20 Tablets,
Sanotact Brewer?s Yeast + Zinc 60,,,Tablets,,60 Tablets,Zinc sulfate
Sanotact Energy drink 20 Effervescent,,,Tablets,,,Caffeine + Vitamins
Sanotact Men's Health 10 Effervescent,,,Tablets,,,
Sanotact Stomach & Head-Relax 30,,,Tablets,,30 Tablets,Omeprazole
Sanotact Zinc+C+D 20 Lozenges,,,,,,Zinc sulfate
Sanso ( B ) Complex 30,,,Capsules,,30 Capsules,
Sanso (C) Plus 900 mg 28,,900 mg,Tablets,,28 Tablets,
Sanso (D3) 10000 I.U 28,,,Tablets,,28 Tablets,
Sanso Antioxidant 28,,,Tablets,,28 Tablets,
Sanso B12 28 Orodispersible,,,Tablets,,,
Sanso Baby Water,,,Syrup,,100 ml,
Sanso Bronchi,,,Syrup,,100 ml,
Sanso Cal D 28 Chewable,,,Tablets,,,
Sanso Cod,,,Syrup,,140 ml,
Sanso Collagen Fit Citrus 315 ml,,,,,315 ml,
Sanso Collagen Mango,,,Syrup,,325 ml,
Sanso D 3,,,Drops,,60 ml,
Sanso D3 Plus 28,,,Tablets,,28 Tablets,
Sanso Ginkona Plus 30 Hard Gelatin,,,Capsules,,,
Sanso Hematinic 28 Film Coated,,,Film Coated Tablets,,,
Sanso Lactoferrin 250 mg 30,,250 mg,Capsules,,30 Capsules,
Sanso Omega,,,Syrup,,200 ml,Omega-3 fatty acids
Sanso ORS,,,Syrup,,237 ml,
Sanso Potassium 200 mg 28,,200 mg,Tablets,,28 Tablets,
Sanso Potassium Liquid 160 ml,,,,,160 ml,
Sanso Pregna Plus 28,,,Tablets,,28 Tablets,
Sanso Women 28 Film Coated,,,Film Coated Tablets,,,
Sanso Women 30 Film Coated,,,Film Coated Tablets,,,
Sansovit Calcium,35,,Syrup,,100 ml,Calcium carbonate
Sansovit Plus Multi Vitamin Orange 100ml,,,,,100 ml,Multivitamins
Sansovit Plus Multivitamin Orange 320 ml,,,,,320 ml,Multivitamins
SantaBiota 10 Hard Gelatin,,,Capsules,,,
Santorin 350 mg 20 Hard Gelatin,,350 mg,Capsules,,,
Sanzal Brine Solution 200 ml,,,,,200 ml,
Sanzal Spray 75 ml,,,,,75 ml,
Sanzal Spray 75 ml,,,,,75 ml,
Sanzalera 180 mg 14,,180 mg,Tablets,,14 Tablets,
Sarangiot 80 mg 14 Hard Gelatin,,80 mg,Capsules,,,
Sarangiot Plus 160 / 12.5 mg 14 Film Coated,,12.5 mg,Film Coated Tablets,,,
Satelag Marine Collagen 10 Sachets,,,,,,
Savi Ostage 30 Film Coated,,,Film Coated Tablets,,,
Savibleed 500 mg 20,,500 mg,Tablets,,20 Tablets,
Savicum,,,Syrup,,100 ml,
Scarend Gel 15 gm,,,,,,
Scarend Gel 50 gm,,,,,,
Scaro Plus Cream 50 gm,,,,,,
Scaromash Cream 30 gm,,,,,,
Scarvio Emollient Cream 50 gm,,,,,,
Scatrix Gel 20 gm,,,,,,
Schisolazine 10 mg 30,,10 mg,Tablets,,30 Tablets,
Schisolazine 2.5 mg 30,,2.5 mg,Tablets,,30 Tablets,
Schisolazine 5 mg 30,,5 mg,Tablets,,30 Tablets,
Schizofy 10 mg 20,,10 mg,Tablets,,20 Tablets,
Schizofy 30 mg 10,,30 mg,Tablets,,10 Tablets,
Schizostop 10 mg 10,,10 mg,Tablets,,10 Tablets,
Schizostop 30 mg 10,,30 mg,Tablets,,10 Tablets,
Scorsh 40 mg 30 Hard Gelatin,,40 mg,Capsules,,,
Seam Lite Scar Gel 50 gm,,,,,,
Seaskash,,,Syrup,,120 ml,
Seba Sleep Oral,,,Drops,,30 ml,Diphenhydramine
Sebacovi 30 Film Coated,,,Film Coated Tablets,,,
Sebaferro 30 Film Coated,,,Film Coated Tablets,,,
Secnidazole 500 mg 4,,500 mg,Tablets,,4 Tablets,
Sector Body Massage Cream 50 gm,,,,,,
Sector Body Massage Gel 120 gm,,,,,,
Sedalac,,,Syrup,,120 ml,
Sedalostate 2% Vaginal Cream 6.6 gm,,,,,,
Sediproct 20 gm Cream,,,,,,
Sediproct 6 Suppositories (Fridge),,,,,,
Sedokast 10 mg 10 Chewable,,10 mg,Tablets,,,
Sedokast 4 mg 7 Chewable,,4 mg,Tablets,,,
Seebri Breezhaler 50 mcg 30,,,Capsules,,30 Capsules,
Seezar Vita-c 15 ml Oral,,,Drops,,15 ml,
Seezar Vitamin D3 400 I.U Oral,45,,Drops,,15 ml,Cholecalciferol
Seizurles XR 500 mg 30,,500 mg,Capsules,,30 Capsules,
Seizurless 1 gm 30,,,Tablets,,30 Tablets,
Seizurless 100 mg /1 ml Oral Solution 120 ml,,100 mg,,,1 ml,
Sekem C-Zinc 20 Lozenges,,,,,,Zinc sulfate
Sekem Tinal Herbs 15 Filters,,,,,,
Sekoun Period Patches 3 Pieces,,,,,,
Selcodel Cream 30 gm,,,,,,
Sele IBM 20 Hard Gelatin,,,Capsules,,,
Selective Folate B12 30 Chewable,,,Tablets,,,
Selenium Daily Vit 30,,,Tablets,,30 Tablets,Selenium selenite
Selenium Vit 30,,,Tablets,,30 Tablets,Selenium selenite
Selenium-ACE 30,,,Tablets,,30 Tablets,Selenium selenite
Selestoc 30,,,Tablets,,30 Tablets,
Seletaj Massage Cream 50 gm,,,,,,
Selex Omega 15 Sachets 75 gm,,,,,,Omega-3 fatty acids
Self Omninutrition Multi Vitamin PRO 30,,,Capsules,,30 Capsules,Multivitamins
Self Omninutrition Omega 3 30,,,Capsules,,30 Capsules,Omega-3 fatty acids
Self Omninutrition Omega 3 60,,,Capsules,,60 Capsules,Omega-3 fatty acids
Selgon 10 mg 6 Infantile Suppositories (Fridge),,10 mg,,,,
Selgon 20 mg 20,,20 mg,Tablets,,20 Tablets,
Selokenzoc 100 mg 28,,100 mg,Tablets,,28 Tablets,
Selokenzoc 200 mg 28,,200 mg,Tablets,,28 Tablets,
Selokenzoc 25 mg 28,,25 mg,Tablets,,28 Tablets,
Selokenzoc 50 mg 28,,50 mg,Tablets,,28 Tablets,
Selona 20 Sachets,,,,,,
Semglee 100 Units / ml 5 Pens ? 3 ml (Fridge),,,,,3 ml,
Sendisight 10 Sachets,,,,,,
Sense Brine Solution 60 ml,,,,,60 ml,
Sensicare Cream 50 gm + Sensicare Spray 75 ml,,,,,75 ml,
Sensiplex - H Mouth Spray 60 ml,,,,,60 ml,
Sensotect Oral Gel 40 gm,,,,,,
Sensotect Oral Gel 50 gm,,,,,,
Septazole 200,,,Tablets,,200 Tablets,
Septazole Suspension 100 ml,,,,,100 ml,
Septrin D.S. 10,,,Tablets,,10 Tablets,
Septrin Infantile Suspension 120 ml,,,,,120 ml,
Serdolect 12 mg 28,,12 mg,Tablets,,28 Tablets,
Serdolect 16 mg 14,,16 mg,Tablets,,14 Tablets,
Serdolect 4 mg 10,,4 mg,Tablets,,10 Tablets,
Seretide 100 mcg Diskus 60 Inhalation Doses,,,,,,
Seretide 125/25 mcg 120 Dose Spray,,,,,,
Seretide 25 /50 mcg 120 Dose Spray,,,,,,
Seretide 250 / 50 mcg Diskus (28) Inhalation Doses,,,,,,
Seretide 250 / 50 mcg Diskus (60) Inhalation Doses,,,,,,
Seretide 500 mcg Diskus 60 Inhalation Doses,,,,,,
Serinomantine 14 mg 30 Hard Gelatine,,14 mg,Capsules,,,
Serinomantine 7 mg 30 Hard Gelatin,,7 mg,Capsules,,,
Seriprazole 40 mg 20,,40 mg,Capsules,,20 Capsules,
Seroflo 250/25 mcg 120 Doses,,,,,,
Seronorm 100 mg 30,,100 mg,Tablets,,30 Tablets,
Seroquel 100 mg 30,,100 mg,Tablets,,30 Tablets,
Seroquel 200 mg 30,,200 mg,Tablets,,30 Tablets,
Seroquel 25 mg 10,,25 mg,Tablets,,10 Tablets,
Seroquel XR 300 mg 30,,300 mg,tablets,,30 tablets,
Seroquel XR 50 mg 10,,50 mg,Tablets,,10 Tablets,
Seroxat ( CR ) 12.5 mg 30,,12.5 mg,Tablets,,30 Tablets,
Seroxat CR 25 mg 30,,25 mg,Tablets,,30 Tablets,
Serpass 100 mg 20,,100 mg,Tablets,,20 Tablets,
Serpass 100 mg 30,,100 mg,Tablets,,30 Tablets,
Serpass 50 mg 30,,50 mg,Tablets,,30 Tablets,
Serraflamaz 20 Hard Gelatin,,,Capsules,,,
Serviflox 250 mg 10,,250 mg,Tablets,,10 Tablets,
Serviflox 500 mg 10,,500 mg,Tablets,,10 Tablets,
Serviflox 750 mg 10,,750 mg,Tablets,,10 Tablets,
Seserine 50 mg 30,,50 mg,Tablets,,30 Tablets,
Setronomet 4 mg 4,,4 mg,Tablets,,4 Tablets,
Setronomet 8 mg 10 Orodispersible,,8 mg,Tablets,,,
Sevelam 800 mg 15,,800 mg,Tablets,,15 Tablets,
Shalgaten 300 mg 30,,300 mg,Capsules,,30 Capsules,
Shalgaten 400 mg 30,,400 mg,Capsules,,30 Capsules,
Shamsomox 400 mg 5,,400 mg,Tablets,,5 Tablets,
Shancita 100 mg / 30 ml Oral Solution,,100 mg,,,30 ml,
Shancita 500 mg / 3 ml 5,,500 mg,Ampoules,,3 ml,
Shark Liver Oil 1000 mg 10,,1000 mg,Capsules,,10 Capsules,
Sharka 10 Sachets 10 gm,,,,,,
Sharkilage Plus 30,,,Capsules,,30 Capsules,
Sharmin,,,Syrup,,120 ml,
Shatoo 200 / 50 mg 7,,50 mg,Tablets,,7 Tablets,
Shield Omega - 3 60 Gummies (Offer 1 + 1),,,,,,Omega-3 fatty acids
Shinomez 30 Film Coated,,,Film Coated Tablets,,,
Shinomez 90 Film Coated,,,Film Coated Tablets,,,
Shorsalin 150 mg 30,,150 mg,Tablets,,30 Tablets,
Shorsalin 300 mg 30,,300 mg,Tablets,,30 Tablets,
Shorsalin 600 mg 30,,600 mg,Tablets,,30 Tablets,
SI - Genix Gel Silicone Scar Gel 15 gm,,,,,,
Sicongil Scar Gel 50 gm,,,,,,
Sideral Active 15 Sticks,,,,,,
Sideral Active 20,,,Capsules,,20 Capsules,
Sideral Bimbi 10 Sticks,,,,,,
Sideral Folic 20,,,Capsules,,20 Capsules,Folic acid
Sideral Folic 20 Sticks,,,,,,Folic acid
Sifrol 0.18 mg 30,,0.18 mg,Tablets,,30 Tablets,
Sifrol 0.7 mg 30,,0.7 mg,Tablets,,30 Tablets,
Sigmataxim 1 gm Vial,,,,,,
Sildatrona 100 mg 8 Film Coated,,100 mg,Film Coated Tablets,,,
Silden 25 mg 10,,25 mg,Tablets,,10 Tablets,
Silden 50 mg 4,,50 mg,Tablets,,4 Tablets,
Silderm Scar Gel 15 gm,,,,,,
Sildocare 8 mg 30 Hard Gelatin,,8 mg,Capsules,,,
Silicar Skin Serum 50 gm,,,,,,
Silipex 30,,,Capsules,,30 Capsules,
Silirase Gel 15 gm,,,,,,
Silisab Silicone Gel for Scars 20 gm,,,,,,
Siliseen Gel 50 gm,,,,,,
Siloprostate 4 mg 30,,4 mg,Capsules,,30 Capsules,
Siloprostate 8 mg 30,,8 mg,Capsules,,30 Capsules,
Silvazine 1 % Topical Cream 30 gm,,,,,,
Silverline - Cu 380 Ag Loop,,,,,,
Silvirburn 1 % Aerosol 150 ml,,,,,150 ml,
Silvirburn 1% Topical Cream 30 gm,,,,,,
Silymarin Plus 10 Sachets,,,,,,
Silymarin Plus 20,,,Capsules,,20 Capsules,
Silzi Vitamin D3 Oral,45,,Drops,,10 ml,Cholecalciferol
Simbavit,,,Syrup,,200 ml,
Simbrinza Eye,,,Drops,,5 ml,
Simethicone Emulsion 120 ml,,,,,120 ml,
Simethicone Emulsion Oral,,,Drops,,30 ml,
Simponi 50 mg/0.5 ml 1 Pen (Fridge),,50 mg,,,5 ml,
Simvastacare 10/40 mg 21,,40 mg,Tablets,,21 Tablets,
Simvastimibe 10 / 20 mg 30,,20 mg,Tablets,,30 Tablets,
Simvastimibe 10 / 40 mg 30,,40 mg,Tablets,,30 Tablets,
Sina Dry Honey 120,,,Syrup,,,
Sina Wet,,,Syrup,,120 ml,
Sine-Up,,,Syrup,,120 ml,
Sinecod 0.15%,,,Syrup,,100 Ml,
Sinemet 25/250 mg 20,,250 mg,Tablets,,20 Tablets,
Singulair Paediatric 4 mg 14 Chewable,,4 mg,Tablets,,,
Singulair Paediatric 5 mg 14 Chewable,,5 mg,Tablets,,,
Sinlerg 20,,,Tablets,,20 Tablets,
Sinobiloba 30 Film Coated,,,Film Coated Tablets,,,
Sinomarin Adults (2.3%) Nasal Solution 125 ml,,,,,125 ml,
Sinomarin Children (2.3%)(+6 Months) Nasal Solution 100 ml,,,,,100 ml,
Sinomarin E.N.T. ( 2.3%)(+12 Years) Nasal Solution 200 ml,,,,,200 ml,
Sinomarin Mini Spray ( 2.3% ) 30 ml,,,,,30 ml,
Sinomarin Plus Algae Allergy Relief 100 ml,,,,,100 ml,Loratadine
Sinomoon Massage Gel 100 gm,,,,,,
Sinopril 10 mg 30,,10 mg,Tablets,,30 Tablets,
Sinopril 5 mg 30,,5 mg,Tablets,,30 Tablets,
Sinopril Co 30,,,Tablets,,30 Tablets,
Sinupret,,,Syrup,,100 ml,
Sinupret 50,,,Tablets,,50 Tablets,
Sirdalud 2 mg 20,,2 mg,Tablets,,20 Tablets,
Sitagliform,,50 mg,Film Coated Tablets,,,
Sitopromo Cream 50 gm,,,,,,
Sk Liv-Gamma 2.5 gm 50 ml (Fridge),,,,,50 ml,
Skelium 30 Film Coated,,,Film Coated Tablets,,,
Skelvitrol 20 Film Coated,,,Film Coated Tablets,,,
Skinoprocin Topical Ointment 15 gm,,,,,,
Skinorich Cream 35 gm,,,,,,
Sky Omega 20 Soft Gelatin,,,Capsules,,,Omega-3 fatty acids
Skyrizi 150 mg / 1 ml 1 Prefilled Syringe (Fridge),,150 mg,,,1 ml,
Skyrizi 75 mg/0.83 ml 2 Prefilled Syringes (Fridge),,75 mg,,,83 ml,
Sleep Can 30 Film Coated,,,Film Coated Tablets,,,Diphenhydramine
Sleepez 1 mg 20,,1 mg,Tablets,,20 Tablets,Diphenhydramine
Sleepez 2 mg 20,,2 mg,Tablets,,20 Tablets,Diphenhydramine
Sleevar 20 Sachets - Orange Flavor,,,,Eva Pharma,,
Sleevar 30 Hard Gelatin,,,Capsules,Eva Pharma,,
Sleevar 60 Hard Gelatin,,,Capsules,Eva Pharma,,
Sleevar Iron 30 Hard Gelatin,50,,Capsules,Eva Pharma,,Ferrous sulfate
Sleevar Pregna 30 Hard Gelatin,,,Capsules,Eva Pharma,,
Slowurge 10 mg 30,,10 mg,Tablets,,30 Tablets,
Slowurge 5 mg 30,,5 mg,Tablets,,30 Tablets,
Sly Amylase,,,Syrup,,60 ml,
Sly Impress Skin Massage Gel 50 gm,,,,,,
SLY Omega 3 Plus,,,Syrup,,60 ml,Omega-3 fatty acids
SLY Soy Avo 20 Hard Gelatin,,,Capsules,,,
Smartod For Kids Oral,,,Drops,,30 ml,
Smarty Fox Fen - Carbon 30 Hard Gelatin,,,Capsules,,,
Smarty Fox Vitamin B Complex 30,,,Capsules,,30 Capsules,Multivitamins
Smiley Fox Fiber Vit - Apetite Booster 60 Gummies,,,,,,
Smiley Fox Fiber Vit 60 Gummies,,,,,,
Smiley Fox Multi-Vitamin 120 Gummies (+60 Gummies Free),,,,,,Multivitamins
Smiley Fox Omega Vit 120 Gummies (+60 Gummies Free),,,,,,Omega-3 fatty acids
Smofkabiven 1206 ml,,,,,1206 ml,
Smofkabiven 1904 ml,,,,,1904 ml,
Smoflipid 20% 100 ml,,,,,100 ml,Atorvastatin
Smoflipid 20% 500 ml,,,,,500 ml,Atorvastatin
Snafi 20 mg 2,,20 mg,Tablets,,2 Tablets,
Snafi 20 mg 4,,20 mg,Tablets,,4 Tablets,
Snomatica 20 Hard Gelatin,,,Capsules,,,
Snoozipax 1 mg 20 Film Coated,,1 mg,Film Coated Tablets,,,
Snoozipax 2 mg 20 Film Coated,,2 mg,Film Coated Tablets,,,
Snowliva 30 Film Coated,,,Film Coated Tablets,,,
So Life Nose Spray 30 ml,,,,,30 ml,
So Life Nose Spray 70 ml,,,,,70 ml,
Sodi 20 Sachets,,,,,,
Soditrate Granules 280 gm,,,,,,
Sodium Bicarb 500 mg 30,,500 mg,Tablets,,30 Tablets,
Sodium Bicarbonate (84 mg /1 ml) Vial 50 ml,,84 mg,,,1 ml,
Sodium Chloride 0.45% Hypotonic 500 ml,,,,,500 ml,
Sodium Chloride 0.45% Hypotonic 500 ml (Intra Pharm),,,,,500 ml,
Sodium Chloride 0.9 % 250 ml,,,,,250 ml,
Sodium Chloride 0.9% +Glucose 0.5% 500 ml (FIPCO),,,,,500 ml,
Sodium Chloride 0.9% +Glucose 0.5% 500 ml (U Pharma),,,,,500 ml,
Sodium Chloride 0.9% 5 ml Ampoule,,,,,5 ml,
Sodium Chloride 0.9% 500 ml With Cap (FIPCO),,,,,500 ml,
Sodium Chloride 0.9% 500 ml With Cap (Gepto),,,,,500 ml,
Sodium Chloride 0.9% 500 ml With Cap (OTSUKA),,,,,500 ml,
Sodium Chloride 0.9% 500 ml With Cap (U Pharma),,,,,500 ml,
Sodium Chloride 0.9% Ampoule 25 ml,,,,,25 ml,
Sodium Chloride 0.9% Intravenous Infusion 1000 ml,,,,,1000 ml,
Sodium Chloride 0.9% Intravenous Infusion 500 ml (Ateco Pharma),,,,,500 ml,
Sodium Chloride 0.9% Intravenous Infusion 500 ml (The Nile),,,,Nile Co.,500 ml,
Sodium Chloride 0.9% Intravenous Infusion With Cap 500 ml (Intra Pharm),,,,,500 ml,
Sodium Chloride 0.9% Intravenous Infusion With Cap 500 ml (MUP),,,,,500 ml,
Sodium Chloride 3% 500 ml,,,,,500 ml,
Sodium Chloride 3% Hypertonic 500 ml,,,,,500 ml,
Sodium Chloride 3% Hypertonic 500 ml (Intra Pharm),,,,,500 ml,
Sodium Lactate 500 ml (Al Mottaheddon Pharma),,,,,500 ml,
Sodium Lactate 500 ml (Ateco Pharma),,,,,500 ml,
Sofenacin 5 mg 30,,5 mg,Tablets,,30 Tablets,
Sofenacin Plus 5 mg / 50 mg 30 Modified Release,,5 mg,Tablets,,,
Sofi Life Daily Vit Biotin Forte 10 mg 30,,10 mg,Tablets,,30 Tablets,Biotin
Sofi Life Daily Vit Cal D3 60,,,Tablets,,60 Tablets,
Sofi Life Daily Vit Ginseng Korean 50,,,Capsules,,50 Capsules,
Sofi Life Daily Vit Vitamin B Complex 60,,,Capsules,,60 Capsules,Multivitamins
Sofi Life Daily Vit Vitamin D3 Forte 60 Softgel,45,,Capsules,,,Cholecalciferol
Sofi Life Fizz Plus Magnesium + Vitamin B6 Forte 20 Effervescents,,,Tablets,,,Pyridoxine
Sofi Life Fizz Plus Vitamin D3 4000 IU 25 Effervescents,45,,Tablets,,,Cholecalciferol
Sofi Life Jelly Vit Junior 14,,,Ampoules,,14 Ampoules,
Sofi Life Jelly Vit Man 14,,,Ampoules,,14 Ampoules,
Sofi Life Jelly Vit Woman 14,,,Ampoules,,14 Ampoules,
Sofi LIFE Life Line Triple Omega 60 Softgel,,,Capsules,,,Omega-3 fatty acids
Sofi Life Snoozzz Melatonin Plus 60,,,Tablets,,60 Tablets,
Sofi Life Sparkle Plus Collagen Beauty 30,,,Capsules,,30 Capsules,
Sofi Life Sparkle Plus Collagen Beauty 90,,,Capsules,,90 Capsules,
Sofical 200 gm 20 Sachets,,,,,,
Sofimer 0.9% Mini Isotonic Nasal Spray 30 ml,,,,,30 ml,
Sofimer 2.6% Nasal Spray 100 ml,,,,,100 ml,
Sofimer Kids 0.9% Isotonic Nasal Spray 100 ml,,,,,100 ml,
Soft Line Cream 50 gm,,,,,,
Soft Ultra Care 100 ml,,,,,100 ml,
Soft Ultra Care Lotion 120 ml,,,,,120 ml,
Sokaprixam 10/2.5/10 mg 30 Film Coated,,10 mg,Film Coated Tablets,,,
Sokaprixam 10/2.5/5 mg 30 Film Coated,,5 mg,Film Coated Tablets,,,
Sokaprixam 5/1.25/10 mg 30 Film Coated,,10 mg,Film Coated Tablets,,,
Sokaprixam 5/1.25/5 mg 30 Film Coated,,5 mg,Film Coated Tablets,,,
Solaferol Oral,,,Drops,,20 ml,
Solian 200 mg 30,,200 mg,Tablets,,30 Tablets,
Solian 400 mg 30,,400 mg,Tablets,,30 Tablets,
Solitract 10 mg 30 Film Coated,,10 mg,Film Coated Tablets,,,Solifenacin
Solitract 5 mg 30 Film Coated,,5 mg,Film Coated Tablets,,,Solifenacin
Solitract Compound 20 Modified Release Film Coated,,,Film Coated Tablets,,,Solifenacin
Solo Fresh 0.2 % Eye,,,Drops,,10 ml,
Solo Sept Skin Cleanser 200 ml,,,,,200 ml,
Solodex Exfolear Spray 120 ml,,,,,120 ml,
Solosleep,,,Syrup,,120 ml,Diphenhydramine
Solovit Magnesium 3 In 1 30 Hard Gelatin,,,Capsules,,,Magnesium oxide
Solovit Omega 3 30 Soft Gelatin,,,Capsules,,,Omega-3 fatty acids
Solovit Vitamin E 666 I.U 30 Soft Gelatin,,,Capsules,,,Tocopherol
Solpadol 5 mg 6,,5 mg,Tablets,,6 Tablets,
Solu-Medrol 0.5 gm 1 Vial 8 ml (Fridge),,,,,8 ml,
Solu-Medrol 1 gm 1 Vial 16 ml (Fridge),,,,,16 ml,
Solupred 20 mg 20,,20 mg,Tablets,,20 Tablets,
Solupred 5 mg 30,,5 mg,Tablets,,30 Tablets,
Solvadol Adults 30 ml Oral Spray,,,,,30 ml,
Solvadol Kids 20 ml Oral Spray,,,,,20 ml,
Solvazinc 50 mg 30,,50 mg,Capsules,,30 Capsules,Zinc sulfate
Solvetra 20 mg 4,,20 mg,Tablets,,4 Tablets,
Solvia Lotion 120 ml,,,,,120 ml,
Solvin 2 mg/ml Oral,,2 mg,Drops,,15 ml,
Somatropin 4 IU Vial(1.6 mg) (Fridge),,1.6 mg,,,,
Somazina 500 mg IM & IV 5,,500 mg,Ampoules,,5 Ampoules,
Somazina Oral,,100 mg,Drops,,30 ml,
Somazina Oral,,100 mg,Drops,,30 ml,
Somazina Supra 500 mg 20 Hard Gelatin,,500 mg,Capsules,,,
Somazina Supra 500 mg 30 Hard Gelatin,,500 mg,Capsules,,,
Sominaletta,,,Syrup,,120 ml,
Sominaletta 15 mg 60,,15 mg,Tablets,,60 Tablets,
Sominaletta 40 mg 10,,40 mg,Ampoules,,10 Ampoules,
Sommo 10 Sachets,,,,,,
Sonidair Inhalation Suspension 0.5 mg / 2 ml 30 Monodoses,,0.5 mg,,,2 ml,
Sonidair Inhalation Suspension 1 mg / 2 ml 30 Monodoses,,1 mg,,,2 ml,
Soocal,,,Syrup,,120 ml,
Soojez Massage Cream 100 gm,,,,,,
Soojez Massage Cream 50 gm,,,,,,
Soparov 20 Hard Gelatin,,,Capsules,,,
Soral 20 mg 20,,20 mg,Capsules,,20 Capsules,
Soral 20 mg 30,,20 mg,Capsules,,30 Capsules,
Soral 20 mg 5 Suppositories,,20 mg,,,,
Soranor Lotion 50 ml,,,,,50 ml,
Sorbisterit 500 mg Powder,,500 mg,,,,
Sorti,,,Syrup,,120 ml,
Sorti 30 Hard Gelatin,,,Capsules,,,
Soyamed 30 Soft Gelatin,,,Capsules,,,
Soyamove 300 mg 30 Hard Gelatin,,300 mg,Capsules,,,
Spaniela MR 35 mg 30,,35 mg,Tablets,,30 Tablets,
Spanomep,,,Syrup,,120 ml,
Sparemas Massage Spray 125 ml,,,,,125 ml,
Spark Phi Oral,,,Drops,,10 ml,
Sparkrush 60 Gummies,,,,,,
Spasmex 30 mg 50,,30 mg,Tablets,,50 Tablets,
Spasmo - Amrase 20,,,Tablets,,20 Tablets,
Spasmo Digestin 30,,,Tablets,,30 Tablets,
Spasmocure 60 mg 20,,60 mg,Tablets,,20 Tablets,
Spasmocure 60 mg 30,,60 mg,Tablets,,30 Tablets,
Spasmofree,,,Syrup,,120 ml,
Spasmofree 5 mg / 2 ml 3,,5 mg,Ampoules,,2 ml,
Spasmofree 50 mg 20,,50 mg,Tablets,,20 Tablets,
Spasmomen 40 mg 20,,40 mg,Tablets,,20 Tablets,
Spasmopinaver 100 mg 30,,100 mg,Tablets,,30 Tablets,
Spasmopinaver 50 mg 30,,50 mg,Tablets,,30 Tablets,
Spasmopyralgin - M 10 Sugar Coated,,,Tablets,,,Metformin
Spasmopyralgin - M 25 Strips ? 250 Sugar Coated,,,Tablets,,,Metformin
Spasmorest 10 mg 20,,10 mg,Tablets,,20 Tablets,
Spazaway 0.125 mg 20,,0.125 mg,Tablets,,20 Tablets,
Speak+ D Pure Oil 120 ml,,,,,120 ml,
Spectone 100 mg 20 Tablet,,100 mg,,,,
Spectone 25 mg 20 Tablet,,25 mg,,,,
Spectracef 1000 mg 1 Vial,,1000 mg,,,,
Spectracef 2000 mg 1 Vial,,2000 mg,,,,
Speda Gel 60 gm,,,,,,
Speedolax Massage Spray 120 ml,,,,,120 ml,
Sperience 120 ml,,,Syrup,,120 ml,
Sperkoda 20 Film Coated,,,Film Coated Tablets,,,
Spermareg 30 Hard Gelatin,,,Capsules,,,
Sphingomod 0.5 mg 28 Hard Gelatin,,0.5 mg,Capsules,,,
Spider Care Massage Cream 60 gm,,,,,,
Spinhaler Turbo Inhaler,,,,,,
Spinobac 5 mg / 5 ml,,5 mg,Syrup,,5 ml,
Spiraquet 100 mg 20,,100 mg,Tablets,,20 Tablets,
Spiraquet 25 mg 20,,25 mg,Tablets,,20 Tablets,
Spirex 1.5 M.I.U 16,,,Tablets,,16 Tablets,
Spirex 3 M.I.U 10,,,Tablets,,10 Tablets,
Spirex Plus 1.5 M.I.U/250 mg 20,,250 mg,Tablets,,20 Tablets,
Spiriva 18 mcg 30 Inhalation,,,Capsules,,,
Spiriva Respimat 2.5 mcg Solution,,,,,,
Spondex 400 mg 18,,400 mg,Capsules,,18 Capsules,
Sprialypsy 500 mg 30 Oro-Dispersible,,500 mg,Tablets,,,
Spunky Massage Gel 50 gm,,,,,,
Stablon 12.5 mg 30,,12.5 mg,Tablets,,30 Tablets,
Stalevo 100 /25 / 200 mg 30,,200 mg,Tablets,,30 Tablets,
Stalevo 150 /37.5 / 200 mg 30,,200 mg,Tablets,,30 Tablets,
Stalevo 200 / 50 / 200 mg 30,,200 mg,Tablets,,30 Tablets,
Stalevo 50 /12.5 /200 mg 30,,200 mg,Tablets,,30 Tablets,
Stalipark 25/200/100 mg 30,,100 mg,Tablets,,30 Tablets,
Stamigen 30,,,Capsules,,30 Capsules,
Stanback 30 Hard Gelatin,,,Capsules,,,
Standiga 50 mg Powder For (I.V) 1 Vial,,50 mg,,,,
Staquis Topical Ointment 60 g,,,,,,
Starf Oral,,,Drops,,30 ml,
Starf Plus 30 Hard Gelatin,,,Capsules,,,
Stark Ben 10 Sachets,,,,,,
Staro Anti - Scar Cream 50 gm,,,,,,
Staro Emollient Gel For Scar Improvement 30 gm,,,,,,
Starvid D3 Oral,,,Drops,,15 ml,
Statirose 20 mg 10,,20 mg,Tablets,,10 Tablets,
Statukast 10 mg 10,,10 mg,Tablets,,10 Tablets,
Statukast 4 mg 10 Sachets,,4 mg,,,,
Staturic 120 mg 30,,120 mg,Tablets,,30 Tablets,
Staturic 40 mg 30,,40 mg,Tablets,,30 Tablets,
Staturic 80 mg 30,,80 mg,Tablets,,30 Tablets,
Steadyfutal 16 mg 20,,16 mg,Tablets,,20 Tablets,
Steadyfutal 24 mg 20,,24 mg,Tablets,,20 Tablets,
Steadyfutal 24 mg 40,,24 mg,Tablets,,40 Tablets,
Steadyfutal 8 mg 30,,8 mg,Tablets,,30 Tablets,
Stelara 130 mg / 26 ml Vial (Fridge),,130 mg,,,26 ml,
Stelara 90 mg/1 ml Pre-filled Pen (Fridge),,90 mg,,,1 ml,
Stellasil 1 mg 30,,1 mg,Tablets,,30 Tablets,
Sterile Water For Irrigation 1000 ml,,,,,1000 ml,
Steronate 5 mg 20,,5 mg,Tablets,,20 Tablets,
Stigmlaz Skin Emollient Scar Improvement Gel 30 gm,,,,,,
Stilmove 30,,,Tablets,,30 Tablets,
Stimu-Max 100 mg 5,,100 mg,Tablets,,5 Tablets,
Stimulan,,,Syrup,,120 ml,
Stimulan 1 gm/5 ml 6 Ampoles,,,,,5 ml,
Stimulan 400 mg 30,,400 mg,Capsules,,30 Capsules,
Stimulan 800 mg 30,,800 mg,Tablets,,30 Tablets,
Stimurelax Massage Cream 50 gm,,,,,,
Stomigas 20/1100 mg 20,,1100 mg,Capsules,,20 Capsules,
Stomigas 40/1100 mg 20,,1100 mg,Capsules,,20 Capsules,
Stomopral 40 mg 14,,40 mg,Capsules,,14 Capsules,
Stonosolvin 2 gm 12 Sachets,,,,,,
Stopadol 500 mg 20,,500 mg,Tablets,,20 Tablets,
Stopadol 650 mg 30 Extended Release,,650 mg,Tablets,,,
Stopadol Cold & Flu 20,,,Tablets,,20 Tablets,Paracetamol + Pseudoephedrine + Chlorpheniramine
Stopadol Cold Max 20 Film Coated,,,Film Coated Tablets,,,Paracetamol + Pseudoephedrine + Chlorpheniramine
Stopadol Extra 20,,,Tablets,,20 Tablets,
Stopadol Forte 10 Sachets,,,,,,
Stopadol Joint XR 30 Bi-layer,,,Tablets,,,
Stopadol Migraine 20,,,Tablets,,20 Tablets,Sumatriptan
Stopadol Night 30 Film Coated,,,Film Coated Tablets,,,
Stopadol Woman 20 Film Coated,,,Film Coated Tablets,,,
Stoprrhea 2 mg 30,,2 mg,Tablets,,30 Tablets,
Stopspasm Solution 5,,,Ampoules,,5 Ampoules,
Strattera 10 mg 28,,10 mg,Capsules,,28 Capsules,
Strattera 18 mg 28,,18 mg,Capsules,,28 Capsules,
Strattera 25 mg 28,,25 mg,Capsules,,28 Capsules,
Strattera 40 mg 28,,40 mg,Capsules,,28 Capsules,
Strattera 60 mg 28,,60 mg,Capsules,,28 Capsules,
Stravita Calcium 30,35,,Tablets,,30 Tablets,Calcium carbonate
Stravita Imune,,,Syrup,,120 ml,
Stravita Iron,50,,Syrup,,120 ml,Ferrous sulfate
Strep Co Honey and Lemon 24 Strips,,,,,,
Strep Co Lozenges with Mint Flavour 24 Strips,,,,,,
Strep Co Lozenges with Orange Flavour 24 Strips,,,,,,
Strepsils Cool 16 Lozenge (Special Price),,,,,,
Strepsils Honey & Lemon 24 Lozenges (Special Price),,,,,,
Strepsils Lemon Sugar Free 16 Lozenges,,,,,,Metformin
Strepsils Lemon Sugar Free 16 Lozenges (Offer),,,,,,Metformin
Strepsils With Vitamin C 100 mg 24 Lozenges,,100 mg,,,,Ascorbic acid
Strepsils With Vitamin C 100 mg 24 Lozenges (Special Price),,100 mg,,,,Ascorbic acid
Streptoquin 20,,,Tablets,,20 Tablets,
Streptoquin Suspension 60 ml,,,,,60 ml,
Stretchova Gel 25 gm,,,,,,
Stretchova Gel 50 gm,,,,,,
Stringazole 40 mg 21,,40 mg,Tablets,,21 Tablets,
Strogenzo 30 Hard Gelatin,,,Capsules,,,
Strogoal,,,Syrup,,100 ml,
Stroka 75 mg 30,,75 mg,Tablets,,30 Tablets,
Strokvoid 5 mg 30 Film Coated,,5 mg,Film Coated Tablets,,,
Stugeron 25 mg 30,,25 mg,Tablets,,30 Tablets,
Subbels,,,Syrup,,120 ml,
Sublingavit 30 Film Coated,,,Film Coated Tablets,,,
Subvit 5 gm 20 Sachets,,,,,,
Subvit 8 Sachets 2.5 gm,,,,,,
Subvit Whey Protein 70% 8 Sachets,,,,,,
Sucair Kids Mouth Spray 30 ml,,,,,30 ml,
Sucair Mouth Spray 60 ml,,,,,60 ml,
Sucair Mouth Wash 120 ml,,,,,120 ml,
Succinyl Choline 100 mg 5,,100 mg,Ampoules,,5 Ampoules,
Sugarlo Plus 50 mg / 500 mg 30,,50 mg,Tablets,,30 Tablets,Metformin
Sujelavit Liquid 120 ml,,,,,120 ml,
Sulbacef 1.5 gm 1 Vial,,,,,,
Sulbin 1500 mg 1 Vial,,1500 mg,,,,
Sulbin 375 mg 1 Vial,,375 mg,,,,
Sulcefozone 1.5 g 1 Vial + 2 Amp Solvent (5 ml) (I.M/I.V),,,,,5 ml,
Sulfax CMO Formula Massage Cream 120 gm,,,,,,
Sulfax Cool & Hot Hydrogel Patch 1 Sheet,,,,,,
Sulfax Icy Menthol Hydrogel Patch 1 Sheet,,,,,,
Sulfax Joint 30,,,Tablets,,30 Tablets,
Sulfax Joint Forte 30,,,Tablets,,30 Tablets,
Sulfax Magnesium Topical Massage Cream 120 gm,,,,,,Magnesium oxide
Sulfax Optima Gel 120 ml,,,,,120 ml,
Sulfozinc 10 mg / 5 ml,,10 mg,Syrup,,5 ml,Zinc sulfate
Sulfozinc 20 mg/5 ml,,20 mg,Syrup,,5 ml,Zinc sulfate
Sulpepta 25 mg 30,,25 mg,Tablets,,30 Tablets,
Sumhaut Dietary Supplement,,,Syrup,,150 ml,Multivitamins
Sun fer 10 Sachets,,,,,,
Sunlamotri 100 mg 30 Chewable,,100 mg,Tablets,,,
Sunlamotri 25 mg 30 Chewable,,25 mg,Tablets,,,
Sunlamotri 50 mg 30 Chewable,,50 mg,Tablets,,,
Sunny Merop 1 Gm I.V. Vial,,,,,,
Sunny Merop 500 mg  IV Vial,,500 mg,,,,
Sunnycarnitine 200 mg 5,,200 mg,Ampoules,,5 Ampoules,
Sunnycysteine 2 gm/10 ml Solution for Injection 5,,,ampoules,,10 ml,
Sunnydarone 150 mg 5,,150 mg,Ampoules,,5 Ampoules,
Sunnydetox 5 mg / 10 ml,,5 mg,,,10 ml,
Sunnyfungal 1 Vial 50 ml,,,,,50 ml,
Sunnyrroids Rectal Ointment 15 g,,,,,,
Sunnyshift 4 mg 5 ml Intravenous Infusion Vial,,4 mg,,,5 ml,
Sunseiz 250 mg 30 Film Coated,,250 mg,Film Coated Tablets,,,
Sunseiz 500 mg 30 Film Coated,,500 mg,Film Coated Tablets,,,
Sunseiz 750 mg 30 Film Coated,,750 mg,Film Coated Tablets,,,
Sunshine Vitamin D3 10000 60,45,,Tablets,,60 Tablets,Cholecalciferol
Super Cal Zinc 20,,,Capsules,,20 Capsules,Zinc sulfate
Super Ginko 60 mg 20,,60 mg,Capsules,,20 Capsules,
Super Kids Gummies Multi-Vitamins For Kids 120 Pieces,,,,,,Multivitamins
Super Kids Gummies Multi-Vitamins For Kids 60 Pieces,,,,,,Multivitamins
Super Kids Vitamin D3 Oral,45,,Drops,,15 ml,Cholecalciferol
Super Natural Silver Spray 236 ml,,,,,236 ml,
Super Omega 1000 mg 30,,1000 mg,Capsules,,30 Capsules,Omega-3 fatty acids
Supermag B6 30,,,Tablets,,30 Tablets,
Suplifect 30,,,Capsules,,30 Capsules,
Supportan Drink Tropical Fruits 200 ml (Fridge),,,,,200 ml,
SurePal? 10 (Pen),,,,,,
SurePal? 5 (Pen),,,,,,
Survanta 25 mg / ml Vial 4 ml (Fridge),,25 mg,,,4 ml,
Suta Cod Fish Collagen 8.53 gm 10 Sachet,,,,,,
Sutent 12.50 mg 28,,12.50 mg,Capsules,,28 Capsules,
Sutrim 10,,,Tablets,,10 Tablets,
Sutrim 200,,,Tablets,,200 Tablets,
Sutrim Fort 10,,,Tablets,,10 Tablets,
Sutrim Suspension 100 ml,,,,,100 ml,
Suvikan 10 mg 14,,10 mg,Tablets,,14 Tablets,
Suvikan 20 mg 14,,20 mg,Tablets,,14 Tablets,
Suvreza 10 / 10 mg 30 Film Coated,,10 mg,Film Coated Tablets,,,
Suvreza 20 / 10 mg 30 Film Coated,,10 mg,Film Coated Tablets,,,
Swabirase,,,Syrup,,5 ml,
Sweet Ivy,,,Syrup,,120 ml,
Swivica 10 Sachet,,,,,,
Swixolate Eye,,,Drops,,10 ml,
Swixoline Ophthalmic & Nasal Solution 15 ml,,,,,15 ml,
Swlen Selenium ( A. C. E ) 10 gm 10 Sachet,,,,,,Selenium selenite
Sycocetam 100 mg/1 ml Oral Solution 120 ml,,100 mg,,,1 ml,
Sycocetam 1000 mg 20,,1000 mg,Tablets,,20 Tablets,
Sycocetam 500 mg 20,,500 mg,Tablets,,20 Tablets,
Symbanox Gel 25 gm,,,,,,
Symbicort Inhalation Spray 160 mcg 120 Doses,,,,,,
Symbicort Inhalation Spray 320 mcg 60 Doses,,,,,,
Symbicort Inhalation Spray 80 mcg 60 Doses,,,,,,
Symmebact - D Oral,,,Drops,,15 ml,
Symmebact - ORS 10 sachets,,,,,,
Symmebact - ORS 5 sachets,,,,,,
Symmebact - Vit,,,Syrup,,100 ml,
Symmebact - Vit,,,Syrup,,60 ml,
Symmebact Digest 20 Enteric Coated,,,Tablets,,,
Symmebact Topical Cream 40 gm,,,,,,
Synagis,,50 mg,,,,
Synapse Co Q10 60,,,Tablets,,60 Tablets,
Synapse Ivy,,,Syrup,,120 ml,
Synapse Q10 Plus 60,,,Tablets,,60 Tablets,
Synobiogen 5 Vials 2 ml,,,,,2 ml,
Synosel ACE 30,,,Tablets,,30 Tablets,
Synthecortin 40 mg / 1 ml 2,,40 mg,Ampoules,,1 ml,
Syntocinon 5 IU 5,,,Ampoules,,5 Ampoules,
Systane Eye,,,Drops,,10 ml,
Systane Gel,,,Drops,,10 ml,
Systane Hydration (Multi Dose) Eye,,,Drops,,10 ml,
Systane Hydration (Multi Dose) Eye,,,Drops,,10 ml,
Systane Hydration (Unit Dose) Eye,,,Drops,,,
Systane Ultra Eye,,,Drops,,10 ml,
Systane Ultra Eye,,,Drops,,10 ml,
T 4 - Thyro 100 mcg 100,,,Tablets,,100 Tablets,
T 4 - Thyro 50 mcg 100,,,Tablets,,100 Tablets,
T R Q Multivitamins 60 Gummies For Adults,,,,,,Multivitamins
T R Q Omega - 3 Adult 60 Gummies,,,,,,Omega-3 fatty acids
Tabine 100 mg/ 5 ml 5,,100 mg,Ampoules,,5 ml,
Tabocine 100 mg 10,,100 mg,Capsules,,10 Capsules,
Tadalandro 20 mg 4 Film Coated,,20 mg,Film Coated Tablets,,,
Tadalandro 5 mg 30 Film Coated,,5 mg,Film Coated Tablets,,,
Tadalasby 20 mg 2,,20 mg,Tablets,,2 Tablets,
Tadaliptis 10 mg 4,,10 mg,Tablets,,4 Tablets,
Tadaliptis 20 mg 4,,20 mg,Tablets,,4 Tablets,
Tadaliptis5 mg 30 Film Coated,,5 mg,Film Coated Tablets,,,
Tadalong 5 Mg 30 Film Coated,,5 mg,Film Coated Tablets,,,
Tadanerfi 20 mg 4 Films,,20 mg,,,,
Tadanerfi 5 mg 20 Films,,5 mg,,,,
Tadanerfi 5 mg 30 Oral Dissolvable Films,,5 mg,,,,
Tadaraxia 20 mg 2,,20 mg,Tablets,,2 Tablets,
Tadaraxia 5 mg 30 Film Coated,,5 mg,Film Coated Tablets,,,
Tadatrona 20 mg 2,,20 mg,Tablets,,2 Tablets,
Tadatrona 20 mg 4,,20 mg,Tablets,,4 Tablets,
Tadatrona 5 mg 21 Film Coated,,5 mg,Film Coated Tablets,,,
Tadinrup 5 ml Oral,,,Syrup,,5 ml,
Taflupro 30 Single Dose,,,Drops,,,Paracetamol + Pseudoephedrine + Chlorpheniramine
Taflupro Plus 30 Single Dose Units Eye,,,drops,,,Paracetamol + Pseudoephedrine + Chlorpheniramine
Tagrisso 80 mg 30,,80 mg,Tablets,,30 Tablets,
Tajucal - D 30 Film Coated,,,Film Coated Tablets,,,
Tajucal - D Liquid 100 ml,,,,,100 ml,
Takelase,,,Syrup,,80 ml,
Talavi 10 Sachet,,,,,,
Talicta 10 Sachet ? 10 gm,,,,,,
Talito 10 Sachets 10 gm,,,,,,
Talopram 40 mg 30,,40 mg,Tablets,,30 Tablets,
Tamiflu 75 mg 10,,75 mg,Capsules,,10 Capsules,Paracetamol + Pseudoephedrine + Chlorpheniramine
Tamilavir 75 mg 10,,75 mg,Capsules,,10 Capsules,
Taminil N 12 mg/ml Suspension 60 ml,,12 mg,,,60 ml,
Tamoxifen 10 mg 30,,10 mg,Tablets,,30 Tablets,
Tamoxifen 20 mg 20,,20 mg,Tablets,,20 Tablets,
Tamsufenacin 20 Bilayer Modified Release Film Coated,,,Film Coated Tablets,,,
Tamsunorm SR 0.4 mg 30 Sustained Release Hard Gelatin,,0.4 mg,Capsules,,,
Tantum Rosa Vaginal 5 Sachets 0.5 gm,,,,,,
Taolana Vitamin D3 10000 I.U 20,45,,Tablets,,20 Tablets,Cholecalciferol
Tareg 160 mg 28,,160 mg,Tablets,,28 Tablets,
Tareg 320 mg 10,,320 mg,Tablets,,10 Tablets,
Tareg 40 mg 15,,40 mg,Tablets,,15 Tablets,
Targocid 200 mg 1 Vial IV/IM,,200 mg,,CID,,
Targocid 400 mg 1 Vial IV/IM,,400 mg,,CID,,
Targomash 80 mg 30,,80 mg,Tablets,,30 Tablets,
Targomash Comb 160 mg/ 12.5 mg 30,,160 mg,Tablets,,30 Tablets,
Targomash Comb 80 mg / 12.5 mg 30,,80 mg,Tablets,,30 Tablets,
Targozym 20 Enteric Coated,,,Tablets,,,
Tariflox 200 mg 10,,200 mg,Tablets,,10 Tablets,
Tarivan 200 mg 10,,200 mg,Tablets,,10 Tablets,
Tarivid 200 mg 10,,200 mg,Tablets,,10 Tablets,
Tarolimus 0.03% Ointment 15 gm,,,,,,
Tarose 10 Sachets Orange Flavor,,,,,,
Tasigna 200 mg 2?14,,200 mg,Tablets,,14 Tablets,
Taurolock Hep 500 Vial 10 ml,,,,,10 ml,
Taurolock Hep 500 Vial 5 ml,,,,,5 ml,
Taurolock U 25.000 Vial 5 ml (Fridge),,,,,5 ml,
Tavanic 500 mg 5,,500 mg,Tablets,,5 Tablets,
Tavanic 500 mg Vial (IV),,500 mg,,,,
Tavixinor 500 mg 5 Film Coated,,500 mg,Film Coated Tablets,,,
Tavixinor 750 mg 5 Film Coated,,750 mg,Film Coated Tablets,,,
Tavon Massage Spray 100 ml,,,,,100 ml,
Tavoniflox 500 mg 7,,500 mg,Tablets,,7 Tablets,
Tavoniflox 750 mg 7,,750 mg,Tablets,,7 Tablets,
Tavoniza 10 mg 20,,10 mg,Tablets,,20 Tablets,
Tavoniza 20 mg 20,,20 mg,Tablets,,20 Tablets,
Taximodel 1 gm IV /M 1 Vial,,,,,,
Tazocin 4.5 gm Vial,,,,,,Piperacillin + Tazobactam
Tears Guard 0.3% 20 Single Dose,,,Drops,,,
Tears Guard 0.3% Eye,,,Drops,,15 ml,
Teblecean 20 Film Coated,,,Film Coated Tablets,,,
Tebonina Forte 40 mg 20,,40 mg,Tablets,,20 Tablets,
Tec Bluhem,,,Syrup,,100 ml,
Tecavir 0.5 mg 30,,0.5 mg,Tablets,,30 Tablets,
Tecavir 1 mg 30,,1 mg,Tablets,,30 Tablets,
Tecentriq 1200 mg/20 ml 1 Vial (Fridge),,1200 mg,,,20 ml,
Technospiron 0.03 mg / 3 mg 21,50,0.03 mg,Tablets,,21 Tablets,Ferrous sulfate
Teddifly,,,Syrup,,60 ml,
Teddy Go 60 Pieces,,,,,,
Tedimerp 200 mg 6,,200 mg,Tablets,,6 Tablets,
Tegasterk 50 mg 1 Vial,,50 mg,,,,
Tegral 200 mg 50,,200 mg,Tablets,,50 Tablets,
Tegretol 200 mg 30,,200 mg,Tablets,,30 Tablets,
Tegretol-CR- 200 mg 20,,200 mg,Tablets,,20 Tablets,
Tegretol-CR- 400 mg 20,,400 mg,Tablets,,20 Tablets,
Tekliva 40 mcg/1 ml Eye,,,Drops,,1 ml,
Teklo 30,,,Tablets,,30 Tablets,
Telebrix 35 Vial 50 ml,,,,,50 ml,
Telfast 120 mg 20,,120 mg,Tablets,,20 Tablets,
Telfast 180 mg 20,,180 mg,Tablets,,20 Tablets,
Telontair Cough,,,Syrup,,120 ml,Dextromethorphan + Guaifenesin
Temodal 100 mg 5,,100 mg,Capsules,,5 Capsules,
Temp Gel Color Changing Fever Cooling Patches 4 Patches,,,,,,Paracetamol
Temp Gel Fever Cooling Patches 4 Patches,,,,,,Paracetamol
Temporal 1000 mg 20,,1000 mg,Tablets,,20 Tablets,
Temporal 250 mg / 5 ml Suspension 60 ml,,250 mg,,,5 ml,
Tenal 30 Chocolate Pieces,,,,,,
Tenaviron 300 mg 30,50,300 mg,Tablets,,30 Tablets,Ferrous sulfate
Tendocal 15 Sachets,,,,,,
Tendozyme 20 Film Coated,,,Film Coated Tablets,,,
Tenedone 50 mg / 25 mg 30,,50 mg,Tablets,,30 Tablets,
Teniwin Cream 50 gm,,,,,,
Tenofenamide 25 mg 30,,25 mg,Tablets,,30 Tablets,
Tenoretic 100 mg / 25 mg 14,,100 mg,Tablets,,14 Tablets,
Tenormin 100 mg 28,,100 mg,Tablets,,28 Tablets,
Tenormin 50 mg 28,,50 mg,Tablets,,28 Tablets,
Tensopleron 50 mg 20 Film Coated,,50 mg,Film Coated Tablets,,,
Tentavair 160 mcg/Actuation 120 Doses,,,,,,
Tentavair 80 mcg/Actuation Inhaler 120 Doses,,,,,,
Tento Calcium Chocolate 20 Pieces,35,,,,,Calcium carbonate
Terbecomasil 1% Spray 30 ml,,,,,30 ml,
Terbin 1% Cream 15 gm,,,,,,
Terbin 250 mg 14,,250 mg,Tablets,,14 Tablets,
Terbinafine 1% Aerosol Powder Spray 120 ml,,,,,120 ml,
Terbinasil 250 mg 7,,250 mg,Tablets,,7 Tablets,
Terhexine,,,Syrup,,120 ml,
Terramycin Skin Ointment 14 gm,,,,,,
Tesla Lipoic 20 Film Coated,,,Film Coated Tablets,,,
Teslaglobin 20 Hard Gelatin,,,Capsules,,,
Testeriol 750 mg / 3 ml 1 Vial,,750 mg,,,3 ml,
Testo Aspire 60 Film Coated,,,Film Coated Tablets,,,
Testonon 250 mg 1 Ampoule IM,,250 mg,,,,
Tetanus Antitoxin Injection 1500 IU 10,,,Ampoules,,10 Ampoules,
Tetracid 250 mg 16,,250 mg,Capsules,CID,16 Capsules,Omeprazole
Tetracongyra Eye,,,Drops,,10 ml,
Tetracycline 250 mg 12,,250 mg,Capsules,,12 Capsules,Tetracycline
Tetrasol Spray 60 ml,,,,,60 ml,
Tetsufe 20 Hard Gelatin,,,Capsules,,,
Texor Care Oral Solution 50 ml,,,,,50 ml,
Texor HR Oral Spray 50 ml,,,,,50 ml,
Theophylline SR 200 mg 20,,200 mg,Tablets,,20 Tablets,
Thera Ginko 80 mg 20 Hard Gelatin,,80 mg,Capsules,,,
Theragran Haematinic 30,,,Tablets,,30 Tablets,
Therazolide 600 mg 20,,600 mg,Tablets,,20 Tablets,
Thiazopril 20 mg / 12.5 mg 10,,20 mg,Tablets,,10 Tablets,
Thicken Up Clear 125 gm,,,,,,
Thilosity 10 Hard Gelatin,,,Capsules,,,
Thimepro D3 30 ml,,,Drops,,30 ml,
Thiodio 600 mg 30,,600 mg,Capsules,,30 Capsules,
Thiodio Comp 600 mg 30,,600 mg,Capsules,,30 Capsules,
Thiodio Comp 600 mg 30,,600 mg,Capsules,,30 Capsules,
Thiomack 30 Film Coated,,,Film Coated Tablets,,,
Thionerv 300 mg 20,,300 mg,Tablets,,20 Tablets,
Thiotacid 300 mg 30,,300 mg,Tablets,CID,30 Tablets,Omeprazole
Thiotacid Compound 600 mg 30,,600 mg,Capsules,CID,30 Capsules,Omeprazole
Thiotacid Original 600 mg 30,,600 mg,Tablets,CID,30 Tablets,Omeprazole
Thiotex 300 mg 30,,300 mg,Capsules,,30 Capsules,
Thiotex Forte 600 mg 20,,600 mg,Capsules,,20 Capsules,
Thirgecef 50 mg/5 ml Powder For Oral Suspension 100 ml,,50 mg,,,5 ml,
Thirgecef 50 mg/5 ml Powder For Oral Suspension 60 ml,,50 mg,,,5 ml,
Thormoxiban 15 mg 40,,15 mg,Tablets,,40 Tablets,
Three,,,Drops,,30 ml,
Three Cool Oral,,,Drops,,10 ml,
Three Oral,,,Drops,,30 ml,
Three Sure Cream 50 gm,,,,,,
Three Zed Lotion 120 ml,,,,,120 ml,
Thrombex 120 iu/100 gm Cream 40 gm,,,,,,
Thrombex 15 mg 3,,15 mg,Ampoules,,3 Ampoules,
Thrombex Gel 40 gm,,,,,,
Thrombo 75 mg 30,,75 mg,Tablets,,30 Tablets,
Thrombolinta 90 mg 30,,90 mg,Tablets,,30 Tablets,
Thrombonorm 0.5 mg 100,,0.5 mg,Capsules,,100 Capsules,
Thyme Sight,,,Syrup,,120 ml,
Thymetra,,,Syrup,,100 ml,
Thymlydin,,,Syrup,,120 ml,
Thymotal,,,Syrup,,100 ml,
Thyrocarbin 5 mg 100 Film Coated,,5 mg,Film Coated Tablets,,,
Thyrocil 50 mg 30,,50 mg,Tablets,,30 Tablets,
Thyrogreen 30 Hard Gelatin,,,Capsules,,,
Thyrorase 50 mg 100,,50 mg,Tablets,,100 Tablets,
Thyroxine 100 mcg 100,,,Tablets,,100 Tablets,
Thyroxine 50 mcg 100,,,Tablets,,100 Tablets,
Tiapair 20 Enteric Coated,,,Tablets,,,
Tiapride-Clavita Pharma 137.9 mg/ml Oral Solution In Droper Bottle 30 ml,,137.9 mg,,,30 ml,
Tibezole 500 mg 3,,500 mg,Tablets,,3 Tablets,
Ticaloguard 90 mg 30 Film,,90 mg,Tablets,,,
Tienam 500 mg/500 mg Vial For Iv Infusion,,500 mg,,,,
Tigepharco 50 mg 1 Vial,,50 mg,,Pharco,,
Tiger Spray 25 ml,,,,,25 ml,
Tigint Collagen 10 Sachets 10.5 gm,,,,,,
Tigint Plus 10 Sachets,,,,,,
Timbestatin 10 / 20 mg 14,,20 mg,Tablets,,14 Tablets,
Timogen 10 mg/5 ml,,10 mg,Syrup,,5 ml,
Timolol Eye,,,Drops,,5 ml,
Tinea Cure 1% Cream 20 gm,,,,,,
TineaCure 1% Paint 15 ml,,,,,15 ml,Ibuprofen
Tinglopro Topical Cream 15 gm,,,,,,
Tinifloxacin 20,,,Tablets,,20 Tablets,
Tinox 1% Cream 15 gm,,,,,,
Tipo Star Ointment 30 gm,,,,,,
Tiralepsy 500 mg 30,,500 mg,Tablets,,30 Tablets,
Tiralepsy XR 500 mg 20,,500 mg,Tablets,,20 Tablets,
Tiralepsy XR 750 mg 20,,750 mg,Tablets,,20 Tablets,
Tiratam 100 mg/ml Oral Solution 120 ml,,100 mg,,,120 ml,
Tiratam 500 mg 30,,500 mg,Tablets,,30 Tablets,
Tivoli Cream Gel 50 gm,,,,,,
Tobolanza 60 mg/ 300 mg 24,,60 mg,Capsules,,24 Capsules,
Tobracoid Eye,,,Drops,,5 ml,
Tobractiva 0.3% Eye,,,Drops,,5 ml,
Tobradex Eye,,,Drops,,5 ml,
Tobradex Eye Ointment 3.5 gm,,,,,,
Tobrex 0.3% Eye,,,Drops,,5 ml,
Tocadon 30 Film Coated,,,Film Coated Tablets,,,
Toco 1000 mg 20,,1000 mg,Capsules,,20 Capsules,
Todi phi Oral,,,Drops,,10 ml,
Tokyo Brezim 20,,,Capsules,,20 Capsules,
Tolana Joint 10 Sachets,,,,,,
Tolatro 60 Pieces,,,,,,
Tolterodine 2 mg 30,,2 mg,Tablets,,30 Tablets,
Tomalaz 30 Enteric Coated,,,Tablets,,,
Tomex 200 mg 80,,200 mg,Tablets,,80 Tablets,
Tonadogest 10 mg 30 Film Coated,,10 mg,Film Coated Tablets,,,
Tonigate Calcium 30,35,,Tablets,,30 Tablets,Calcium carbonate
Tonivel Gel 50 gm,,,,,,
Toogera,,,Syrup,,120 ml,
Top Relax Massage Cream 60 gm,,,,,,
Top Vortex Vaginal Douche 240 ml,,,,,240 ml,
Top-4 Cream 15 gm,,,,,,
Top-Flam Cream 15 gm,,,,,,
Top-Up 500 Power 60,,,Capsules,,60 Capsules,
Topaken,,,Syrup,,100 ml,
Topamax 100 mg 60,,100 mg,Tablets,,60 Tablets,
Topamax 25 mg 60,,25 mg,Tablets,,60 Tablets,
Topiramate 100 mg 10 Film Coated,,100 mg,Film Coated Tablets,,,
Topiramate 25 mg 30 Film Coated,,25 mg,Film Coated Tablets,,,
Topmode 50 mg 30,,50 mg,Capsules,,30 Capsules,
Topmode Forte 200 mg 10,,200 mg,Tablets,,10 Tablets,
Topoprazan 10 mg 14 Film Coated,,10 mg,Film Coated Tablets,,,
Topoprazan 20 mg 14 Film Coated,,20 mg,Film Coated Tablets,,,
Topoprazan 20 mg 30 Film Coated,,20 mg,Film Coated Tablets,,,
Toprano 8 mg 20,,8 mg,Tablets,,20 Tablets,
Topro 10 Sachets,,,,,,
Torbener 125 mg / 5 ml Powder For Oral Suspension 60 ml,,125 mg,,,5 ml,
Torbener 250 mg / 5 ml Powder For Oral Suspension 60 ml,,250 mg,,,5 ml,
Torbener 300 mg 10,,300 mg,Capsules,,10 Capsules,
Toria 10 Sachets,,,,,,
Tormeel 5 mg 30 Film Coated,,5 mg,Film Coated Tablets,,,
Torminovant Oral,,,Drops,,10 ml,
Torsertic 10 mg 30,,10 mg,Tablets,,30 Tablets,
Torsertic 100 mg 30,,100 mg,Tablets,,30 Tablets,
Torsertic 20 mg 2 ml 5,,20 mg,Ampoules,,2 ml,
Torsertic 20 mg 30,,20 mg,Tablets,,30 Tablets,
Torsertic 5 mg 30,,5 mg,Tablets,,30 Tablets,
Torsertic 60 mg 30,,60 mg,Tablets,,30 Tablets,
Torvast 40 mg 7,,40 mg,Tablets,,7 Tablets,
Total,,,Syrup,,120 ml,
Toviro 30 Pieces,,,,,,
Tovomella 30 Film Coated,,,Film Coated Tablets,,,
Towgiria 20,,,Capsules,,20 Capsules,
Tractocile 6.75 mg /0.9 ml Intravenous Solution 1 Vial (Fridge),,6.75 mg,,,9 ml,
Tragol,,,Drops,,15 ml,
Tranex 500 mg 30,,500 mg,Tablets,,30 Tablets,
Travatan 0.04 mg Eye,,0.04 mg,Drops,,5 ml,
Traveria 200 mg 10,,200 mg,Tablets,,10 Tablets,
Traveria 550 mg 30 Film Coated,,550 mg,Film Coated Tablets,,,
Travoswix 0.004% Eye,,,Drops,,5 ml,
Treato-Ulc 20 mg / 1100 mg 14,,20 mg,Capsules,,14 Capsules,
Treatocandivag 2% Vaginal Cream 15 gm,,,,,,
Trecta Lotion 60 ml,,,,,60 ml,
Treczimus 0.1 Ointment 30 gm,,,,,,
Treczimus 0.3 mg Ointment 20 gm,,0.3 mg,,,,
Trelegy Ellipta 100/62.5/25 mcg 30 Doses,,,,,,
Tremfya 100 mg / 1 ml Prefilled Pen (Fridge),,100 mg,,,1 ml,
Trencedia 550 mg 10,,550 mg,Tablets,,10 Tablets,
Trency 30,,,Tablets,,30 Tablets,
Trendo 20,,,Tablets,,20 Tablets,
Trentoximal 100 mg / 5 ml 1 Ampoule,,100 mg,,,5 ml,
Tresolyse,,,Syrup,,120 ml,
Tretoflamin 0.25% Cream 20 gm,,,,,,
Trevicta 350 mg,,350 mg,Ampoules,,,
Trevicta 525 mg,,525 mg,Ampoules,,,
Trexotaz 1.5 gm 1 Vial IM/IV,,,,,,
Trexotaz 2 gm 1 Vial IM/IV,,,,,,
Tri - B - 20,,,Tablets,,20 Tablets,
Tri-B 6 Douple,,,Ampoules,,1 ml,
Tri-Betapronate Cream 30 gm,,,,,,
Tri-Care Mouth Wash Cherry Flavor ? Non Alcoholic 250 ml,,,,,250 ml,
Triacor 5 mg/5 mg 10,,5 mg,Tablets,,10 Tablets,
Triactin,,,Syrup,,120 ml,
Triactine 4 mg 20,,4 mg,Tablets,,20 Tablets,
Triamerican 1 gm Vial I.M,,,,,,
Triamerican 500 mg Vial (I.M),,500 mg,,,,
Triaxone 1 gm Vial (I.M),,,,,,
Triaxone 1 gm Vial I.V,,,,,,
Triaxone 500 mg Vial (I.M),,500 mg,,,,
Trib Max 30 Hard Gelatin,,,Capsules,,,
Tribatens 20 mg/ 5 mg / 12.5 mg 30,,20 mg,Tablets,,30 Tablets,
Tribatens 40 mg/ 10 mg/ 25 mg 30,,40 mg,Tablets,,30 Tablets,
Tribatens 40 mg/ 5 mg/ 25 mg 30,,40 mg,Tablets,,30 Tablets,
Tribatens 40 mg/ 5 mg/12.5 mg 30,,40 mg,Tablets,,30 Tablets,
Tricogyn Vaginal Cleanser 200 ml,,,,,200 ml,
Tricovel? Energy For Men 30,,,Tablets,,30 Tablets,Caffeine + Vitamins
Tricovel? Trico Age 45+ 30,,,Tablets,,30 Tablets,
Trigastcare 120 Hard Gelatin,,,Capsules,,,
Trileptal 300 mg 50,,300 mg,Tablets,,50 Tablets,
Trileptal 60 mg/ml Suspension 100 ml,,60 mg,,,100 ml,
Trileptal 600 mg 50,,600 mg,Tablets,,50 Tablets,
Trina Massage Gel 100 gm,,,,,,
Trinase 20 Enteric Coated,,,Tablets,,,
Triocept 21,,,Tablets,,21 Tablets,
Triplixam 10 mg/ 2.5 mg/ 10 mg 15,,10 mg,Tablets,,15 Tablets,
Triplixam 10 mg/ 2.5 mg/ 5 mg 15,,10 mg,Tablets,,15 Tablets,
Triplixam 5 mg/ 1.25 mg/ 5 mg 15,,5 mg,Tablets,,15 Tablets,
Triptofem For Injection 0.1 mg/1 ml 6 Syringes (Fridge),,0.1 mg,,,1 ml,
Tritace 1.25 mg 14,,1.25 mg,Tablets,,14 Tablets,
Tritace 2.5 mg 14,,2.5 mg,Tablets,,14 Tablets,
Tritace 5 mg 14,,5 mg,Tablets,,14 Tablets,
Tritace Comp 5 mg/ 25 mg 14,,5 mg,Tablets,,14 Tablets,
Tritace Comp L.S 2.5 mg/12.5 mg 14,,2.5 mg,Tablets,,14 Tablets,
Tritace Max 10 mg/ 25 mg 10,,10 mg,Tablets,,10 Tablets,
Tritace Protect 10 mg 20,,10 mg,Tablets,,20 Tablets,
Tritone 480 mg/ 100 ml Powder For Oral Suspension 125 ml,,480 mg,,,100 ml,
Tritone 50 mg IM - IV 5,,50 mg,Ampoules,,5 Ampoules,
Trittico 100 mg 20,,100 mg,Tablets,,20 Tablets,
Trittico 50 mg 20,,50 mg,Tablets,,20 Tablets,
Trivarol 1 mg 12,,1 mg,Ampoules,,12 Ampoules,
Trivarol 20,,,Tablets,,20 Tablets,
Trivastal Retard 50 mg 30,,50 mg,Tablets,,30 Tablets,
Trivatracin Aerosol Powder Spray 85 ml,,,,,85 ml,
Trixamarc 1 gm 1 Vial IM,,,,,,
Trixomash 1 gm (IM) 1 Vial,,,,,,
Trixomash 1 gm (IV) 1 Vial,,,,,,
Trone 20 Hard Gelatine,,,Capsules,,,
Trone Kids,,,Syrup,,120 ml,
Trone Sachets 100 gm,,,,,,
Tronic D3 Oral,,,Drops,,15 ml,
Tronic Starpsin 10 Enteric Coated,,,Tablets,,,
Trophic Silicone Gel 50 gm,,,,,,
Tropiresten 2 mg I.V 5,,2 mg,Ampoules,,5 Ampoules,
Trospamexin 20 mg 20,,20 mg,Tablets,,20 Tablets,
Troya Calcium + D3 30,35,,Tablets,,30 Tablets,Calcium carbonate
Troya Folic Acid 30,25,,Capsules,CID,30 Capsules,Folic acid
Trozachrome (I.M) Injection 3 Amp 3 ml,,,,,3 ml,
Trugestive 20 Hard Gelatin,,,Capsules,,,
Trulicity 0.75 mg / 0.5 ml 4 Prefilled Pens (Fridge),,0.75 mg,,,5 ml,
Trust Care Cream 50 gm,,,,,,
Trustnal 100 mg/ 5 ml Suspension 100 ml,,100 mg,,,5 ml,
Truzym 20 Enteric Coated,,,Tablets,,,
Trypsalin Compound 20 Extended Release Film Coated,,,Film Coated Tablets,,,
Trypsican 20,,,Tablets,,20 Tablets,
Trypsican 30,,,Tablets,,30 Tablets,
Trypsin 30 Enteric Coated,,,Tablets,,,
TRYPSINOVA 20 TAB,,,,,,
Tryptizol 10 mg 60,,10 mg,Tablets,,60 Tablets,
Tukisight 30 Hard Gelatin,,,Capsules,,,
Tulango Cal,,,Syrup,,100 ml,
Tulango Cal 30,,,Tablets,,30 Tablets,
Tulango Concieve 14 Sachets,,,,,,
Tulangodrop Oral,,,Drops,,30 ml,
Tulataj Gel 60 gm,,,,,,
Tussi - IBM,,,Syrup,,100 ml,
Tussihept,,,Syrup,,120 ml,
Tussinor,,,Syrup,,120 ml,
Tussipect - N -,,,Syrup,,100 ml,
Tussistop 60 mg 20,,60 mg,Tablets,,20 Tablets,
Tussivan - N -,,,Syrup,,125 ml,
Tussterm,,,Syrup,,100 ml,
Twingo Lotion 120 ml,,,,,120 ml,
Twinrix Single Dose (Fridge),,,,,,
Twinzol Eye,,,Drops,,2 ml,
Twinzol Eye,,,Drops,,5 ml,
Twit-Tear Allergy Eye Drop 10 ml,,,,,10 ml,Loratadine
Twynsta 80 mg/ 10 mg 28,,80 mg,Tablets,,28 Tablets,
Twynsta 80 mg/ 5 mg 28,,80 mg,Tablets,,28 Tablets,
Tygacil 50 mg 1 Vial (Fridge),,50 mg,,,,
Tykerb 250 mg 70,,250 mg,Tablets,,70 Tablets,
Tymer 0.3% Eye,,,Drops,,5 ml,
Tyrodopa 500 mg 30 Film Coated,,500 mg,Film Coated Tablets,,,
U-Kare Model Cu 375 Loop,,,,,,
UBM Immune 30,,,Capsules,,30 Capsules,
Ugalko For Men 30 Sachets,,,,,,
Ugalko For Women 30 Sachets,,,,,,
Uhans Cde 20 Film Coated,,,Film Coated Tablets,,,
Ulcetech 40 mg 20,,40 mg,Tablets,,20 Tablets,
Ulcezole 30 mg 20,,30 mg,Tablets,,20 Tablets,
Ulcezole 60 mg 20,,60 mg,Tablets,,20 Tablets,
Ulsorest 100 mg 30,,100 mg,Tablets,,30 Tablets,
Ultibro 110 mcg /50 mcg 30,,,Capsules,,30 Capsules,
Ultra - Calce 30,,,Capsules,,30 Capsules,
Ultra Medanine 0.03 gm / 15 ml Local Paint,,,,,15 ml,Ibuprofen
Ultra Medanine 10 mg 20,,10 mg,Capsules,,20 Capsules,
Ultra Seas,,,Syrup,,120 ml,
Ultracillin 1500 mg 1 Vial,,1500 mg,,,,
Ultracillin 750 mg 1 Vial,,750 mg,,,,
Ultracipro 1 gm 5,,,Tablets,,5 Tablets,Ciprofloxacin
Ultramox 1 gm 12,,,Tablets,,12 Tablets,
Ultrasolv,,,Syrup,,120 ml,
Unasyn 1500 mg 1 Vial 5 ml,,1500 mg,,,5 ml,
Unasyn 750 mg 1 Vial,,750 mg,,,,
Unibisol 10 mg 30 Film Coated,,10 mg,Film Coated Tablets,,,
Unictam 1500 mg Vial,,1500 mg,,,,
Unictam 375 mg 12,,375 mg,Tablets,,12 Tablets,
Unictam 750 mg 1 Vial,,750 mg,,,,
Unictam 750 mg 12,,750 mg,Tablets,,12 Tablets,
Unicyclomide Single Dose Units,,0.5 mg,Drops,,5 ml,Dicyclomine
Unifungi 150 mg 2,,150 mg,Capsules,,2 Capsules,
Uniloxam 500 mg 10,,500 mg,Tablets,,10 Tablets,
Uniloxam 750 mg 10,,750 mg,Tablets,,10 Tablets,
Uniphylline 400 mg 20,,400 mg,Tablets,,20 Tablets,
Unipridol 5 mg/5 ml,,5 mg,Syrup,,5 ml,
Unipridol Forte 15 mg/5 ml,,15 mg,Syrup,,5 ml,
Unispira 3 M.I.U 10,,,Tablets,,10 Tablets,
Unistafusin 2% Cream 15 gm,,,,,,
Unistin 50 mg 1 Vial,,50 mg,,,,
Unitarqin 400 mg 10 Scored Film Coated,,400 mg,Film Coated Tablets,,,
United Sootha Nasal Spray 30 ml,,,,,30 ml,
Unitex RS Gel 50 gm,,,,,,
Unitopfin Topical Cream 15 gm,,,,,,
Unitrexate 50 Mg 5 Vial 2 ml I.M/I.V Injection,,50 mg,,,2 ml,
Unitrexate 500 mg 1 Vial 20 ml,,500 mg,,,20 ml,
Unitrin 10 mg 30,,10 mg,Capsules,,30 Capsules,
Unitrin 25 mg 30,,25 mg,Capsules,,30 Capsules,
Universal Cream 100 gm,,,,,,
Universal Massage Cream 50 gm,,,,,,
Universal Massage Gel 50 gm,,,,,,
Universal Massage Spray 100 ml,,,,,100 ml,
Univit,,,Syrup,,100 ml,
Univita 30,,,Capsules,,30 Capsules,
Unizithrin 500 mg 3,,500 mg,Capsules,,3 Capsules,
Unizithrocure 200 mg / 5 ml Suspension 15 ml,,200 mg,,,5 ml,
Unocron MR 60 mg 30,,60 mg,Tablets,,30 Tablets,
Unovit,,,Syrup,,120 ml,
Unsiatem 120 mg 30,,120 mg,Tablets,,30 Tablets,
Unsiatem 40 mg 30,,40 mg,Tablets,,30 Tablets,
Unsiatem 80 mg 30,,80 mg,Tablets,,30 Tablets,
Up Cool Spray (Chamomile Perfume) 75 ml,,,,,75 ml,
Up Cool Spray (Menthol Perfume) 75 ml,,,,,75 ml,
Update Body Oil 60 ml,,,,,60 ml,
UR - C Vitamin C Oral,,,Drops,,15 Ml,Ascorbic acid
Ur - D 200 I.U Oral,,,Drops,,25 ml,
Ur - D 5000 I.U 30,,,Capsules,,30 Capsules,
Ur-Aid - ( N ) 5 gm 12 Sachets,,,,,,
Uralyt - U - Effervescent Granules 280 gm,,,,,,
Urgent Massage Cream 50 gm,,,,,,
Urgent Plus Massage Cream 50 gm,,,,,,
Urginafect,,,Syrup,,120 ml,
Urginafect 10 mg 20,,10 mg,Tablets,,20 Tablets,
Urginafect 5 mg 20,,5 mg,Tablets,,20 Tablets,
Urginafect Plus 20 Modified Release,,,Tablets,,,
Uribladon XR 25 mg 30,,25 mg,Tablets,,30 Tablets,
Uribladon XR 50 mg 30,,50 mg,Tablets,,30 Tablets,
Uricodrop 120 mg 10,,120 mg,Tablets,,10 Tablets,
Uricodrop 40 mg 20,,40 mg,Tablets,,20 Tablets,
Uricodrop 80 mg 30,,80 mg,Tablets,,30 Tablets,
Uricol 6 Effervescent Sachets,,,,,,
Uricol N 6 Effervescent Sachets,,,,,,
Uricol Plus N 12 Effervescent Sachets,,,,,,
Uricontrol 2 mg 10,,2 mg,Tablets,,10 Tablets,
Urimagictam 15 mg 30,,15 mg,Tablets,,30 Tablets,
Urinex 24,,,Capsules,,24 Capsules,
Urinex 36,,,Capsules,,36 Capsules,
Urinex 36,,,Capsules,,36 Capsules,
Uripan 100 mg/ 100 ml,,100 mg,Syrup,,100 ml,
Uripan 5 mg 30,,5 mg,Tablets,,30 Tablets,
Urivin 10 Packets,,,,,,
Uro-Vaxom 10,,,Capsules,,10 Capsules,
Uromes 400 mg 5,,400 mg,Ampoules,,5 Ampoules,
Uromitexan 400 mg 15,,400 mg,Ampoules,,15 Ampoules,
Urosolvine 12 Effervescent Sachets,,,,,,
Urosolvine N 12 Effervescent Sachets,,,,,,
Ursochol 20,,,Capsules,,20 Capsules,
Ursodiol 250 mg 20,,250 mg,Capsules,,20 Capsules,
Utopiacold 6 Sachets,,,,,,Paracetamol + Pseudoephedrine + Chlorpheniramine
Utoral 250 mg 10,,250 mg,Ampoules,,10 Ampoules,
Utoral 500 mg 1 Vial,,500 mg,,,,
Utro Care 100 mg 30,,100 mg,Capsules,,30 Capsules,
Utrocare 100 mg 30,,100 mg,Capsules,,30 Capsules,
Utrocare 200 mg 30 Soft Gelatin,,200 mg,Capsules,,,
Uvamin Retard 100 mg 20,,100 mg,Capsules,,20 Capsules,
V - End Cream 50 gm,,,,,,
V V Cream 50 gm,,,,,,
Vado Mouth & Throat Spray 60 ml,,,,,60 ml,
Vagiclind 2% Vaginal Cream 40 gm,,,,,,
Vagizole 2% Vaginal Cream 15 gm+ 3 Applicators,,,,,,
Vally Vant Massage Gel 75 gm,,,,,,
Valo Biotin 30 Hard Gelatin,,,Capsules,,,Biotin
Valpoeast- SR 500 mg 20,,500 mg,Tablets,,20 Tablets,
Valponex 200 mg/5 ml,,200 mg,Syrup,,5 ml,
Valproex 500 mg 30,,500 mg,Tablets,,30 Tablets,
Valsatens 80 mg 30,,80 mg,Tablets,,30 Tablets,
Valsatens Plus 160 / 12.5 mg 30,,12.5 mg,Tablets,,30 Tablets,
Valsatens Plus 160 mg/ 25 mg 30,,160 mg,Tablets,,30 Tablets,
Valsatens Plus 80 mg/ 12.5 mg 30,,80 mg,Tablets,,30 Tablets,
Valtrex 500 mg 42,,500 mg,Tablets,,42 Tablets,
Valulit,,,Syrup,,120 ml,
Valysernex 1000 mg 20,,1000 mg,Tablets,,20 Tablets,
Vamix Feminine Wash 220 ml,,,,,220 ml,
Vancobact 500 Mg Intravenous Infusion Vial,,500 mg,,,,
Vancogut 1000 mg Intravenous Infusion Vial,,1000 mg,,,,
Vancogut 500 mg IV 1 Vial,,500 mg,,,,
Vancolon 0.5 gm 1 Vial,,,,,,
Vancolon 1 gm 1 Vial,,,,,,
Vancomycine 1 gm 1 Vial (Fridge),,,,,,Vancomycin
Vancomycine 500 mg 1 Vial (Fridge),,500 mg,,,,Vancomycin
Vaniron 5 Sachets,50,,,,,Ferrous sulfate
Vanisca Gel For Scar Improvement 30 gm,,,,,,
Vanisca Gel For Scar Improvement 50 gm,,,,,,
Vantibiotin 60,,,Capsules,,60 Capsules,Biotin
Vantibiotin Plus 60,,,Capsules,,60 Capsules,Biotin
Vantirect 60,,,Capsules,,60 Capsules,
Vantomor 50 mg 20,,50 mg,Tablets,,20 Tablets,
Vanvilda 50 mg 30,,50 mg,Tablets,,30 Tablets,
Vanvilda Plus 50 / 500 mg 30,,500 mg,Tablets,,30 Tablets,
Vanvilda Plus 50/1000 mg 30 Film Coated,,1000 mg,Film Coated Tablets,,,
Vanvilda Plus 50/850 mg 30,,850 mg,Tablets,,30 Tablets,
Vapozol Solution For Inhalation 30 ml,,,,,30 ml,
Vardarict 10 mg 4,,10 mg,Tablets,,4 Tablets,
Varde 20 mg 4,,20 mg,Tablets,,4 Tablets,
Vardena 20 mg 4,,20 mg,Tablets,,4 Tablets,
Vardena 5 mg 12,,5 mg,Tablets,,12 Tablets,
Vardenorect 20 mg 8,,20 mg,Tablets,,8 Tablets,
Vardirose 20 mg 12,,20 mg,Tablets,,12 Tablets,
Varivax 10 0.5 Ml Subcutaneous 1 Vial (Fridge),,,,,5 Ml,
Varnova 10 mg 30,,10 mg,Tablets,,30 Tablets,
Varnova 20 mg 4,,20 mg,Tablets,,4 Tablets,
Varnova 5 mg 30,,5 mg,Tablets,,30 Tablets,
Vascomedra 600 mg 30,,600 mg,Tablets,,30 Tablets,
Vascon 1% Oral,,,Drops,,15 ml,
Vascon 5 mg 20,,5 mg,Tablets,,20 Tablets,
Vascon N Oral,,,Drops,,15 ml,
Vascular 20 mg 20,,20 mg,Tablets,,20 Tablets,
Vascurest 450 mg/ 50 mg 30,,450 mg,Tablets,,30 Tablets,
Vasocare 400 mg 20,,400 mg,Tablets,,20 Tablets,
Vasocontrol Plus 5/25 mg 30,,25 mg,Tablets,,30 Tablets,
Vasonorm 5 mg 10,,5 mg,Tablets,,10 Tablets,
Vasopine 10 mg 30,,10 mg,Tablets,,30 Tablets,
Vasopine 5 mg 30,,5 mg,Tablets,,30 Tablets,
Vasotec 160 mg 14,,160 mg,Tablets,,14 Tablets,
Vasotec 40 mg 14,,40 mg,Tablets,,14 Tablets,
Vasotec 80 mg 14,,80 mg,Tablets,,14 Tablets,
Vastarel MR 35 mg 30,,35 mg,Tablets,,30 Tablets,
Vastasiero 10 mg 20,,10 mg,Tablets,,20 Tablets,
Vastasiero 20 mg 20,,20 mg,Tablets,,20 Tablets,
Vastatinal 10 mg /40 mg 7,,10 mg,Tablets,,7 Tablets,
Vavosurge 5,,,Ampoules,,5 Ampoules,
Vaxato 2.5 mg 30,,2.5 mg,Tablets,,30 Tablets,
Vaxigrip Tetra Vaccine 1 Prefilled Syringe (Fridge),,,,,,
Vaxil Iron 30 Hard Gelatin,50,,Capsules,,,Ferrous sulfate
Vecovartec 20 mg 28,,20 mg,Tablets,,28 Tablets,
Vecovartec Plus 40 mg/ 12.5 mg 21,,40 mg,Tablets,,21 Tablets,
Vedge 500 mg 30,,500 mg,Tablets,,30 Tablets,
Vee Biotin 10000 mcg 30,,,Capsules,,30 Capsules,Biotin
Vee Biotin 10000 mcg 60,,,Capsules,,60 Capsules,Biotin
Vee Care 30,,,Capsules,,30 Capsules,
Vee Care 60,,,Capsules,,60 Capsules,
Vee Care 60,,,Capsules,,60 Capsules,
Vee Hair 30,,,Capsules,,30 Capsules,
Vee Hair 60,,,Capsules,,60 Capsules,
Vee Hair Pure - N Extra 30,,,Capsules,,30 Capsules,
Vee Melatonin 3 mg 10,,3 mg,Tablets,,10 Tablets,
Vee Melatonin 3 mg 60,,3 mg,Tablets,,60 Tablets,
Vee Melatonin 5 mg 10,,5 mg,Tablets,,10 Tablets,
Vee Melatonin SR 5 mg 10,,5 mg,Tablets,,10 Tablets,
Vee Omega 3 30 Hard Gelatin,,,Capsules,,,Omega-3 fatty acids
Vee Ortho 30,,,Capsules,,30 Capsules,
Vee Skin 30,,,Capsules,,30 Capsules,
Vee Vitamin D3 30,45,,Capsules,,30 Capsules,Cholecalciferol
Vegalacap 20 Hard Gelatin,,,Capsules,,,
Velcade 3.5 mg Vial (Fridge),,3.5 mg,,,,
Veldera Sano Cream 50 gm,,,,,,
Velosef 1 gm 1 Vial,,,,,,
Velosef 1 gm 8,,,Tablets,,8 Tablets,
Velosef 250 mg/5 ml Powder For Oral Suspension 100 ml,,250 mg,,,5 ml,
Velosef 500 mg 1 Vial,,500 mg,,,,
Velosef 500 mg 16,,500 mg,Capsules,,16 Capsules,
Vemlidy 25 mg 30,,25 mg,Tablets,,30 Tablets,
Venaxan 500 mg 5,,500 mg,Tablets,,5 Tablets,
Vendexine,,,Syrup,,125 ml,
Venera 10 Sachets,,,,,,
Venlatrope 100 mg 30 Extended Release Film Coated,,100 mg,Film Coated Tablets,,,
Venlatrope 50 mg 30 Extended Release Film Coated,,50 mg,Film Coated Tablets,,,
Venllamash 75 mg XR 30,,75 mg,Capsules,,30 Capsules,
Venllamash XR 150 mg 30,,150 mg,Capsules,,30 Capsules,
Veno - West 30,,,Tablets,,30 Tablets,
Venomack 30 Film Coated,,,Film Coated Tablets,,,
Venotec 100 mg 30,,100 mg,Capsules,,30 Capsules,
Vental Compositum 200 Dose Oral Inhaler,,,,,,
Ventoherb,,,Syrup,,120 ml,
Ventolin 2 mg/5 ml,,2 mg,Syrup,,5 ml,
Ventolin Discus 200 mcg Accuhaler,,,,,,
Ventolin Evohaler 100 mcg 200 Dose Inhaler,,,,,,
Vepicle Dietary Supplement 20,,,Tablets,,20 Tablets,Multivitamins
Vera Scar Dual Action Gel 20 gm,,,,,,
Vera Scar Gel 30 gm,,,,,,
Vera Scar Gel 30 gm,,,,,,
Verdapiotal,,10 mg,Tablets,,30 Tablets,
Verdin 100 mg 10 Sachets,,100 mg,,,,
Verdo 20,,,Capsules,,20 Capsules,
Verlosens Lotion 100 ml,,,,,100 ml,
Verm - 1 500 mg ( 1 ) Tablet,,500 mg,,,,
Vermizole 200 mg 6,,200 mg,Tablets,,6 Tablets,
Verolex Mouthwash 200 ml,,,,,200 ml,
Veroma 14 Sachets,,,,,,
Versapenia 50 mg 30,,50 mg,Tablets,,30 Tablets,
Verserc 16 mg 30,,16 mg,Tablets,,30 Tablets,
Verserc 24 mg 30,,24 mg,Tablets,,30 Tablets,
Vertesight 30 Film Coated,,,Film Coated Tablets,,,
Vesicare 5 mg 30,,5 mg,Tablets,,30 Tablets,
Vesticold 500 mg 20,,500 mg,Capsules,,20 Capsules,Paracetamol + Pseudoephedrine + Chlorpheniramine
Vetocetamol 500 mg/65 mg 24,,500 mg,Tablets,,24 Tablets,
Vetovancin 1 gm 1 Vial IV,,,,,,
Vetovancin 500 mg 1 Vial,,500 mg,,,,
Vetoyagra 100 mg 12,,100 mg,Tablets,,12 Tablets,
Veval 100 mg 15,,100 mg,Tablets,Eva Pharma,15 Tablets,
Vfend 200 mg 10,,200 mg,Tablets,,10 Tablets,
Vfend 200 mg Vial (Fridge),,200 mg,,,,
Vfend 50 mg 10,,50 mg,Tablets,,10 Tablets,
VG Norm Feminine Wash 200 ml,,,,,200 ml,
VHC Bifoval Forte 15,,,Capsules,,15 Capsules,
VHC Joints 30,,,Tablets,,30 Tablets,
VHC Propodezas with Ginger 50,,,Tablets,,50 Tablets,
VHC Propodezas with Herbal 50,,,Tablets,,50 Tablets,
VHC Turprine 1000 30,,,Capsules,,30 Capsules,
Viagra 50 mg 4,,50 mg,Tablets,,4 Tablets,
Viasalmol 0.1 mg 200 Actuation Inhaler,,0.1 mg,,,,
Viasalmol Plus(100 mg/50 mg) 200 Dose Inhaler,,100 mg,,,,
Viatrazo 80 mg 3 Vaginal Suppositories,,80 mg,,,,
Viatrazo Vaginal Cream 30 gm,,,,,,
Viavag 100 mg 10,,100 mg,Tablets,,10 Tablets,
Vibramycin 100 mg 10,,100 mg,Capsules,,10 Capsules,
Vicco Lotion 120 ml,,,,,120 ml,
Vicksolytic,,,Syrup,,120 ml,
Victoza 18 mg/ 3 ml 2 Prefilled Pens (Fridge),,18 mg,,,3 ml,
Vidisept-N Eye,,,Drops,,5 ml,
Vigamox 5 mg/ml Eye,,5 mg,Drops,,5 ml,
Vigor Men 60,,,Capsules,,60 Capsules,
Vilaphoria 10 mg 30 Film Coated,,10 mg,Film Coated Tablets,,,
Vilaphoria 20 mg 30,,20 mg,Tablets,,30 Tablets,
Vilaphoria 40 mg 30,,40 mg,Tablets,,30 Tablets,
Vilatriplo 100 / 62.5 / 25 mcg Inhalation,,,capsules,,,
Vilatriplo 200 / 62.5 / 25 mcg Inhalation,,,capsules,,,
Vilazover 40 mg 30,,40 mg,Tablets,,30 Tablets,
Vildabetes 1000 mg/ 50 mg 30,,1000 mg,Tablets,,30 Tablets,
Vildagluse 50 mg 30,,50 mg,Tablets,,30 Tablets,
Vildagluse Plus 50 / 850 mg 30,,850 mg,Tablets,,30 Tablets,
Vilgat 50 mg 30,,50 mg,Tablets,,30 Tablets,
Viliglap 50 mg 10,,50 mg,Tablets,,10 Tablets,
Vimto Massage Gel 50 gm,,,,,,
Vinapotex 10 mg 14 Film Coated,,10 mg,Film Coated Tablets,,,
Vinax 30 Piece,,,,,,
Vinglight 60 Gummies,,,,,,
Vino B12 30 Sublingual,,,Tablets,,,
Vinomax Cream 30 gm,,,,,,
Vinosin Cream 50 gm,,,,,,
Vinporal 5 mg 20,,5 mg,Tablets,,20 Tablets,
Viocalcimin 30,,,Tablets,,30 Tablets,
Viocyst 30 Film Coated,,,Film Coated Tablets,,,
Viocyst 60,,,Tablets,,60 Tablets,
Violdy 30 Film Coated,,,Film Coated Tablets,,,
Viotic Ear,,,Drops,,,
Viracure 400 mg 12,,400 mg,Capsules,,12 Capsules,
Viread 300 mg 30,,300 mg,Tablets,,30 Tablets,
Virecta 100 mg 12 Film Coated,,100 mg,Film Coated Tablets,,,
Virustat 200 mg/5 ml Oral Susupension 120 ml,,200 mg,,,5 ml,
Virustat 5% Cream 5 gm,,,,,,
Visanne 2 mg 28,,2 mg,Tablets,,28 Tablets,
Viscera 5 mg/2 ml 3,,5 mg,Ampoules,,2 ml,
Visceralgine,,,Syrup,,120 ml,
Visceralgine 20 mg 6 Suppositories,,20 mg,,,,
Visceralgine 6,,,Ampoules,,6 Ampoules,
Viscoplus 1 Syringe (Fridge),,,,,,
Visine - A - C Eye,,,Drops,,15 ml,
Vismed 20 Single Dose Units ? 0.3 ml,,,,,3 ml,
Vismed Gel 20 Single Dose Units ? 0.45 ml,,,,,45 ml,
Vismed Multi Eye,,,Drops,,10 ml,
Vismed Multi Gel 10 ml,,,,,10 ml,
Visolerge Eye,,,Drops,,5 ml,
Vita Care Activated Methyl B12 30 Chewable,,,Tablets,,,
Vita Care Advanced Omega + DHA 30 Gummies,,,,,,Omega-3 fatty acids
Vita Care Apple Vinegar Complex 30,,,Capsules,,30 Capsules,
Vita Care Magne Calm 30 Vegetable,,,Capsules,,,
Vita Care Max Omega-Care 30 Softgels,,,,,,Omega-3 fatty acids
Vita Care Super Collagen 60,,,Capsules,,60 Capsules,
Vita Care Teddy Vites 30 Gummies,,,,,,
Vita Care Vitamin C 30 Gummies,,,,,,Ascorbic acid
Vita Care Vitamin D3 10000 IU 30 Softgels,45,,,,,Cholecalciferol
Vita Hair 60,,,Tablets,,60 Tablets,
Vita Launch,,,Syrup,,120 ml,
Vita Poly Oral,,,Drops,,30 ml,
Vita-D Cell Oral,,,Drops,,15 ml,
Vita-Plus Zinc 20,,,Capsules,,20 Capsules,Zinc sulfate
Vitab Blast 30,,,Capsules,,30 Capsules,
Vitabella Chocolate 350 gm,,,,,,
Vitacid (C) 1 gm 12 Effervescent,,,Tablets,CID,,Omeprazole
Vitacid (C) 500 mg 12 Effervescent Sachets,,500 mg,,CID,,Omeprazole
Vitacid Calcium 12 Effervescent,35,,Tablets,CID,,Calcium carbonate
Vitadapt Complete 90,,,Tablets,,90 Tablets,
Vitalipid TM N Adult 1 Vial (Fridge),,,,,,Atorvastatin
Vitalox 50+ 30,,,Tablets,,30 Tablets,
Vitalox B12 Energy 10 Oral Ampoles 7 ml,,,,,7 ml,Caffeine + Vitamins
Vitalox Complete A - Z 30,,,Tablets,,30 Tablets,
Vitalox Eve (+ Aloe Vera) 30,,,Tablets,,30 Tablets,
Vitamax Plus 20,,,Capsules,,20 Capsules,
VitaMerge 30 Sublingual,,,Tablets,,,
Vitamin ( C ) 500 mg 30,,500 mg,Tablets,,30 Tablets,Multivitamins
Vitamin B12 1000 mcg 30 Film Coated,,,Film Coated Tablets,,,Thiamine
Vitamin C - Sedico 10 Effervescent Packets,,,,Sedico,,Ascorbic acid
Vitamin D3 2000 IU 30 Film Coated,45,,Film Coated Tablets,,,Cholecalciferol
Vitamin D3 5000 mg 30,45,5000 mg,Capsules,,30 Capsules,Cholecalciferol
Vitamin D3 On Target 30,45,,Tablets,,30 Tablets,Cholecalciferol
Vitamin D3 Oral,45,,Drops,,15 ml,Cholecalciferol
Vitamin E 450 mg 30,,450 mg,Capsules,,30 Capsules,Tocopherol
Vitaminat 30 Film Coated,,,Film Coated Tablets,,,Multivitamins
Vitaminat-Phyto,,,Syrup,,75 ml,Multivitamins
Vitamo D Vitamin D3 10000 Unit 20,45,,Tablets,,20 Tablets,Cholecalciferol
Vitamount ( Children- Adult ),,,Syrup,Amoun,120 ml,
Vitamount ( Women) 15,,,Capsules,Amoun,15 Capsules,
Vitaperfect 20 Soft Gelatine,,,Capsules,,,
Vitascope Potassium,,,Syrup,,120 ml,
Vitasure Cream 30 gm,,,,,,
Vitatex,,,Syrup,,120 ml,
Vitatrictol 20 Film Coated,,,Film Coated Tablets,,,
Vitatron 30,,,Capsules,,30 Capsules,
Vitawell Magnesium Break Through 30,,,Capsules,,30 Capsules,Magnesium oxide
Vitosel,,,Syrup,,30 ml,
Vitosel 10 gm 14 Sachets,,,,,,
Vitro Collagen & Vitamin C 7 Sachets,,,,,,Ascorbic acid
Vitronal 20,,,Tablets,,20 Tablets,
Vivolat 10 Sachets,,,,,,
Vixadep 30 Sustained Release Film Coated,,,Film Coated Tablets,,,
Vizimpro 30 mg 30,,30 mg,Tablets,,30 Tablets,
Vizimpro 45 mg 30,,45 mg,Tablets,,30 Tablets,
Vocado 20 mg / 5 mg 14 Film Coated,,20 mg,Film Coated Tablets,,,
Vocado 40 mg / 10 mg 14 Film Coated,,40 mg,Film Coated Tablets,,,
Vocado 40 mg / 5 mg 14 Film Coated,,40 mg,Film Coated Tablets,,,
Volitractin 500 mg 7 Film Coated,,500 mg,Film Coated Tablets,,,
Voltaren (SR) 100 mg 20,,100 mg,Tablets,,20 Tablets,Diclofenac
Voltaren 1% Emulgel 100 gm,,,,,,Diclofenac
Voltaren 1% Emulgel 25 gm,,,,,,Diclofenac
Voltaren 100 mg 10 Suppositories,,100 mg,,,,Diclofenac
Voltaren 25 mg 5 Suppositories for Children,,25 mg,,,,Diclofenac
Voltaren 50 mg 20,,50 mg,Tablets,,20 Tablets,Diclofenac
Voltaren Emulgel 50 gm,,,,,,Diclofenac
Voluven 6% 500 ml,,,,,500 ml,
Vomidoxine 30 mg 6 Suppositories,,30 mg,,,,
Vomifraton 8 mg / 4 ml 5,,8 mg,Ampoules,,4 ml,
Vomistop 10,,,Capsules,,10 Capsules,
Vomitrenat 20 / 20 mg 30 Extended Release Film Coated,,20 mg,Film Coated Tablets,,,
Vonacidan 10 mg 20,,10 mg,Tablets,CID,20 Tablets,Omeprazole
Vonacidan 20 mg 20,,20 mg,Tablets,CID,20 Tablets,Omeprazole
Vonacidan 20 mg 28,,20 mg,Tablets,CID,28 Tablets,Omeprazole
Vonafut 10 mg 20 Film Coated,,10 mg,Film Coated Tablets,,,
Vonafut 20 mg 20 Film Coated,,20 mg,Film Coated Tablets,,,
Vonalei Bacterial Vaginosis Cream 30 gm,,,,,,
Vonalei Candidiasis Cream 30 mg,,30 mg,,,,
Vonanavy 20 mg 10 Film Coated,,20 mg,Film Coated Tablets,,,
Vonaspire 20 mg 14,,20 mg,Tablets,,14 Tablets,
Vondalous 20 mg 20,,20 mg,Tablets,,20 Tablets,
Vonopep 20 mg 20,,20 mg,Tablets,,20 Tablets,
Vonopramer 20 mg 30,,20 mg,Tablets,,30 Tablets,
Vonopravin 10 mg 28,,10 mg,Tablets,,28 Tablets,
Vonopravin 20 mg 28,,20 mg,Tablets,,28 Tablets,
Vonseca 10 mg 14,,10 mg,Tablets,,14 Tablets,
Vorek Cream 50 gm,,,,,,
Vorifungin 200 mg Vial,,200 mg,,,,
Vortoxicalm 15 mg 20 Film Coated,,15 mg,Film Coated Tablets,,,Vortioxetine
Vortoxicalm 20 mg 20 Film Coated,,20 mg,Film Coated Tablets,,,Vortioxetine
Vortoxicalm 5 mg 20 Film Coated,,5 mg,Film Coated Tablets,,,Vortioxetine
Votrient 200 mg 30,,200 mg,Tablets,,30 Tablets,
Votrient 400 mg 30,,400 mg,Tablets,,30 Tablets,
Voxazoldin 600 mg 10,,600 mg,Tablets,,10 Tablets,
Voxazoldin Vial 100 ml,,,,,100 ml,
Vulga Anti-Acne Cream 30 gm,,,,,,
Wadibradin 7.5 mg 20 Film Coated,,7.5 mg,Film Coated Tablets,,,
Warnex Vitamin D3 Oral,45,,Drops,,15 ml,Cholecalciferol
Weiser Salicylic Soap 45 gm,,,,,,
Wellfemme Cal 30 Film Coated,,,Film Coated Tablets,,,
Wellinta SR 150 mg 30 Film Coated,,150 mg,Film Coated Tablets,,,
Welljen ASU 30,,,Capsules,,30 Capsules,
Wellkid Multivitamin Liquid 150 ml,,,,,150 ml,Multivitamins
Wellman Original 30,,,Tablets,,30 Tablets,
Wellmetazone 0.1 % Cream 40 gm,,,,,,
Wellness 20,,,Tablets,,20 Tablets,
Wellocryptase 60 ml,,,Syrup,,60 ml,
Wellssage Freeze Massage Gel 50 gm,,,,,,
Wellssage Joint 30 Film Coated,,,Film Coated Tablets,,,
Wellwoman Original 60,,,Tablets,,60 Tablets,
Westabreath 500 mg 20,,500 mg,Tablets,,20 Tablets,
Westair 4 mg 14 Sachets,,4 mg,,,,
Westgrelor 90 mg 10,,90 mg,Tablets,,10 Tablets,
Westoflow Orange Flavor 120 ml Suspension,,,,,120 ml,
Westoxetin 30 mg 3,,30 mg,Tablets,,3 Tablets,
Westrecta 10 mg 4,,10 mg,Tablets,,4 Tablets,
Wezi 10 Sachets,,,,,,
Wezylock,,,Syrup,,120 ml,
WFS Plus 180 Vegetable,,,Capsules,,,
White Nose Relif Wipes Menthol 10 Pieces,,,,,,
Whitnino Oral,,,Drops,,120 ml,
Wideprex 100 mg/5 ml Powder For Oral Suspention 30 ml,,100 mg,,,5 ml,
Wiferment 10,,,Capsules,,10 Capsules,
Wikera Massage Gel 70 gm,,,,,,
Willi D3 Oral,,,Drops,,15 ml,
Wincef 1000 mg 1 Vial,,1000 mg,,,,
Wincef 2 gm 1 Vial,,,,,,
Windato Skin Spary 50 ml,,,,,50 ml,
Windy 200 mg 10 Sachets,,200 mg,,,,
Winpenem 0.5 gm I.V Injection 1 Vial,,,,,,
Winpenem 1 gm I.V Injection 1 Vial,,,,,,
Winterrest Cream 100 gm,,,,,,
Winterrest Cream 50 gm,,,,,,
Wintriaxone 1000 mg (I.M) Vial,,1000 mg,,,,
Wintriaxone 1000 mg I.V Vial,,1000 mg,,,,
Wintriaxone 500 mg (I.M) Vial,,500 mg,,,,
Winzoxib 120 mg 7,,120 mg,Tablets,,7 Tablets,
Winzoxib 60 mg 30,,60 mg,Tablets,,30 Tablets,
Winzoxib 90 mg 20,,90 mg,Tablets,,20 Tablets,
Winzoxib 90 mg 30,,90 mg,Tablets,,30 Tablets,
Wolsow Massage Cream 50 gm,,,,,,
Woody Massage Gel 60 gm,,,,,,
Wopiron,50,,Syrup,,120 ml,Ferrous sulfate
Wouncure Topical Powder 10 gm,,,,,,
Wouncure Topical Powder 20 gm,,,,,,
X-Ade 16,,,Tablets,,16 Tablets,
X-Tension 150 mg 28,,150 mg,Tablets,,28 Tablets,
X-Tension 300 mg 28,,300 mg,Tablets,,28 Tablets,
X-Tension Plus 150 mg 28,,150 mg,Tablets,,28 Tablets,
Xalacom Eye,,,Drops,,5 ml,
Xalatan 0.005 % Eye-,,,Drops,,5 ml,
Xalatrex Plus Eye,,,Drops,,5 ml,
Xaltec 5 mg 10,,5 mg,Tablets,,10 Tablets,
Xamiol Topical Gel 30 gm,,,,,,
Xanoxiban 15 mg 50,,15 mg,Tablets,,50 Tablets,
Xanoxiban 2.5 mg 10,,2.5 mg,Tablets,,10 Tablets,
Xanoxiban 20 mg 30,,20 mg,Tablets,,30 Tablets,
Xanprazan 20 mg 30 Film Coated,,20 mg,Film Coated Tablets,,,
Xanthibux 120 mg 30,,120 mg,Tablets,,30 Tablets,
Xanthibux 40 mg 30,,40 mg,Tablets,,30 Tablets,
Xanthibux 80 mg 30,,80 mg,Tablets,,30 Tablets,
Xanthibux 80 mg 30,,80 mg,Tablets,,30 Tablets,
Xanthistop 40 mg 30,,40 mg,Tablets,,30 Tablets,
Xarelto 15 mg 14 Film Coated,,15 mg,Film Coated Tablets,,,
Xarelto 15 mg 42 Film Coated,,15 mg,Film Coated Tablets,,,
Xarelto 2.5 mg 56 Film Coated,,2.5 mg,Film Coated Tablets,,,
Xarelto 20 mg 14 Film Coated,,20 mg,Film Coated Tablets,,,
Xarelto 20 mg 28 Film Coated,,20 mg,Film Coated Tablets,,,
Xatral XL 10 mg 30,,10 mg,Tablets,,30 Tablets,
Xeljanz 5 mg 60,,5 mg,Tablets,,60 Tablets,
Xeloda 500 mg 120,,500 mg,Tablets,,120 Tablets,
Xenomag Lemon Effervescent 10 Sachets,,,,,,
Xerexomair 100 mg/5 ml Suspension,,100 mg,,,5 ml,
Xerexomair 500 mg 3,,500 mg,Tablets,,3 Tablets,
Xiclav 1 mg 14,,1 mg,Tablets,,14 Tablets,
Xiclav 625 mg 10,,625 mg,Tablets,,10 Tablets,
Xigduo 5 mg / 1000 mg 56,,5 mg,Tablets,,56 Tablets,
Xiloial Eye,,,Drops,,10 ml,
Xiloial Mono Lubricant Ophthalmic Solution 20,,,Ampoules,,20 Ampoules,
Xilone 20 mg 20 Tablet,,20 mg,,,,
Xilopred 4 mg 20,,4 mg,Tablets,,20 Tablets,
Ximacef 100 mg Powder For Oral Suspension 30 ml,,100 mg,,,30 ml,
Ximacef 400 mg 5,,400 mg,Capsules,,5 Capsules,
Ximalact 30 Hard Gelatin,,,Capsules,,,
Xithrone 200 mg /5 ml Suspension 25 ml,,200 mg,,,5 ml,
Xithrone 200 mg/5 ml Suspension 15 ml,,200 mg,,,5 ml,
Xola Eye,,,Drops,,5 ml,
Xolair 150 mg Ampoule (Fridge),,150 mg,,,,
Xolamol Eye,,,Drops,,5 ml,
Xoraxon 1 gm (I.M) 1 Vial,,,,,,
Xoraxon 1 gm IV 1 Vial,,,,,,
Xorin 1 gm Vial,,,,,,
Xtandi 40 mg 112 Soft,,40 mg,Capsules,,,
Xultophy 100 Units / ml + 3.6 mg / ml 1 Pen 3 ml (Fridge),,3.6 mg,,,3 ml,
Xygarot Oral Solution 100 ml,,,,,100 ml,
Xylocaine Pump Spray 50 ml,,,,,50 ml,
Xyrkux 120 mg 7 Film Coated,,120 mg,Film Coated Tablets,,,
Xyrkux 60 mg 20 Film Coated,,60 mg,Film Coated Tablets,,,
Xyrkux 90 mg 30 Film Coated,,90 mg,Film Coated Tablets,,,
Yadam Vit Suspension Orange Flavor 100 ml,,,,,100 ml,
Yalivin 30 Film Coated,,,Film Coated Tablets,,,
Yasmin 21,,3 mg,Tablets,,21 Tablets,
Yaz 3 mg / 0.02 mg 28,,3 mg,Tablets,,28 Tablets,
Yervoy 50 mg / 10 ml 1 Vial,,50 mg,,,10 ml,
Yest Pex 60,,,Tablets,,60 Tablets,
Yesvt Plex,,,Syrup,,120 ml,
Yogi 10 Sachet,,,,,,
Yomesan 500 mg 4,,500 mg,Tablets,,4 Tablets,
Yondelis 1 mg 1 Vial (Fridge),,1 mg,,,,
Youmagencon 30,,,Tablets,,30 Tablets,
Youvital 10 Sachets 10 gm,,,,,,
Yummy Gummies Extra Vitamin.C 60 Pieces,,,,,,Multivitamins
Z - Gest,,,Syrup,,120 ml,
Z-Gest 20,,,Capsules,,20 Capsules,
Zacaglone 75 mg 3,,75 mg,Ampoules,,3 Ampoules,
Zactaject 1 gm 1 Vial,,,,,,
Zaditen 1 mg 30,,1 mg,Tablets,,30 Tablets,
Zadoglobin 20,,,Capsules,,20 Capsules,
Zadojoint 30,,,Tablets,,30 Tablets,
Zahavit 30 Film Coated,,,Film Coated Tablets,,,
ZAHNPAST MOUTH RINSE 250ML COOL MENT,,,,,250 ML,
Zalastin Nasal Spray 15 ml,,,,,15 ml,
Zalipritz 500 mg Vial,,500 mg,,,,
Zamcillus,,,Drops,,10 ml,
Zamlyte,,,Syrup,,360 ml,
Zandros 20,,,Capsules,,20 Capsules,
Zanoglide 2/30 mg 30,,30 mg,Tablets,,30 Tablets,
Zanoglide 4 / 30 mg 30,,30 mg,Tablets,,30 Tablets,
Zantopar Nasal Spray 50 ml,,,,,50 ml,
Zantopar Plus Nasal Spray 50 ml,,,,,50 ml,
Zapimert 30 mg 30,,30 mg,Tablets,,30 Tablets,
Zarotex Topical Gel 15 gm,,,,,,
Zarroprazole ( 20 / 1100 mg) 28,,1100 mg,Capsules,,28 Capsules,
Zarroprazole ( 20 / 1680 mg ) 10 Sachets,,1680 mg,,,,
Zarroprazole ( 40 / 1100 mg) 28,,1100 mg,Capsules,,28 Capsules,
Zarzio 30 MU/0.5 ml 1 Syringe (Fridge),,,,,5 ml,
Zathrotrue 500 Mg 6 Film Coated,,500 mg,Film Coated Tablets,,,
Zesperone 4 mg 10,,4 mg,Tablets,,10 Tablets,
Zestoretic 20 mg 10,,20 mg,Tablets,,10 Tablets,
Zestril 5 mg 10,,5 mg,Tablets,,10 Tablets,
Zetacolest 30 Film Coated,,,Film Coated Tablets,,,
Zetacolest Plus 180 / 10 mg 30 Film Coated,,10 mg,Film Coated Tablets,,,
Zetakardoval 10/160 mg 30,,160 mg,Tablets,,30 Tablets,
Zetakardoval 10/320 mg 30 Film Coated,,320 mg,Film Coated Tablets,,,
Zetakardoval 5/320 mg 30 Film Coated,,320 mg,Film Coated Tablets,,,
Zetao 10 Sachets,,,,,,
Zetazolex 1 mg 30 Film Coated,,1 mg,Film Coated Tablets,Zeta Pharma,,Brexpiprazole
Zetazolex 2 mg 30 Film Coated,,2 mg,Film Coated Tablets,Zeta Pharma,,Brexpiprazole
Zetazolex 4 mg 30 Film Coated,,4 mg,Film Coated Tablets,Zeta Pharma,,Brexpiprazole
Ziadev 30,,,Tablets,,30 Tablets,
Ziafer Iron + Vit.C Zinc 30 Pieces,50,,,,,Zinc sulfate
Ziaflex Massage Gel 50 gm,,,,,,
Ziagex With Orange Flavor 10 Sachets,,,,,,
Ziaphase Gel 50 gm,,,,,,
Ziawet,,,Syrup,,120 ml,
Zinc Gluconate 50 mg 100,,50 mg,Tablets,,100 Tablets,Zinc sulfate
Zinc Origin 0.2 gm/ 100 ml,,,Syrup,,100 ml,Zinc sulfate
Zinc Origin 20 mg 20,,20 mg,Tablets,,20 Tablets,Zinc sulfate
Zincmell 20,,,Tablets,,20 Tablets,Zinc sulfate
Zinco Derm Cream 50 gm,,,,,,Zinc sulfate
Zinco Derm Skin Lotion 120 ml,,,,,120 ml,Zinc sulfate
Zincosafe 11 mg 100,,11 mg,Capsules,,100 Capsules,Zinc sulfate
Zincosil Cream 20 gm,,,,,,Zinc sulfate
Zinctron 30,,,Capsules,,30 Capsules,Zinc sulfate
Zino Lance Oral,,,Drops,,30 ml,
Zinobacilly Oral,,,Drops,,10 ml,
Zinol 1 gm 1 Vial,,,,,,
Zinol 500 mg 1 Vial,,500 mg,,,,
Zinselavit 20,,,Tablets,,20 Tablets,
Zisrocin 100 mg /5 ml Suspension 30 ml,,100 mg,,,5 ml,
Zithotrac 500 mg 3,,500 mg,Tablets,,3 Tablets,
Zithrodose 100 mg/5 ml 45 ml Suspension,,100 mg,,,5 ml,
Zithrodose 100 mg/5 ml 60 ml Suspension,,100 mg,,,5 ml,
ZithroDose 500 mg 5,,500 mg,Capsules,,5 Capsules,
Zithrokan (100 mg/5ml) 15 ml Powder,,100 mg,,,5 ml,
Zithromax 1200 mg Suspension 30 ml ( 200 mg /5 ml),,1200 mg,,,30 ml,Azithromycin
Zithromax 250 mg 6,,250 mg,Capsules,,6 Capsules,Azithromycin
Zithromax 500 mg Vial IV Infusion,,500 mg,,,,Azithromycin
Zithromax 600 mg Suspension 15 ml (200 mg/5 ml),,600 mg,,,15 ml,Azithromycin
Zithromax 900 mg Suspension 22.5 ml (200 mg /5 ml),,900 mg,,,5 ml,Azithromycin
Zitoxanal 50 mg 30,,50 mg,Capsules,,30 Capsules,
Zocor 10 mg 7,,10 mg,Tablets,,7 Tablets,Simvastatin
Zocozet (10 / 10 mg) 14,,10 mg,Tablets,,14 Tablets,
Zocozet (10 / 20 mg) 14,,20 mg,Tablets,,14 Tablets,
Zofatrone 4 mg 3,,4 mg,Ampoules,,3 Ampoules,
Zofatrone 8 mg 3,,8 mg,Ampoules,,3 Ampoules,
Zofran 4 mg 10,,4 mg,Ampoules,,10 Ampoules,
Zofran 8 mg 8,,8 mg,Ampoules,,8 Ampoules,
Zoladex 3.6 mg 1 Prefilled Syringe (Fridge),,3.6 mg,,,,
Zoladex LA 10.8 mg Prefilled Syringe (Fridge),,10.8 mg,,,,
Zolidocyrl 200 mg 6,,200 mg,Tablets,,6 Tablets,
Zolmigo 2.5 mg 3,,2.5 mg,Tablets,,3 Tablets,
Zolmsolan 2.5 mg 6 Oro-Dispersible Films,,2.5 mg,,,,
Zomegipral 40 mg 1 Vial,,40 mg,,,,
Zometa 4 mg Vial,,4 mg,,,,
Zondex Spray 100 ml,,,,,100 ml,
Zonelock 40 mg 14 Hard Gelatin,,40 mg,Capsules,,,
Zovirax 250 mg 5 Vial,,250 mg,,,,
Zovirax 400 mg 10,,400 mg,Tablets,,10 Tablets,
Zovirax 5% Skin Cream 10 gm,,,,,,
Zovirax 500 mg 5 Vial,,500 mg,,,,
Zurcal 20 mg 14,,20 mg,Tablets,,14 Tablets,
Zurcal 40 mg 1 Vial,,40 mg,,,,
Zurcal 40 mg 28,,40 mg,Tablets,,28 Tablets,
Zylofen 1 mg 20,,1 mg,Tablets,,20 Tablets,
Zylofen 100 ml,,,Syrup,,100 ml,
Zyloric 100 mg 30,,100 mg,Tablets,,30 Tablets,
Zyloric 300 mg 30,,300 mg,Tablets,,30 Tablets,
Zymagalline 30,,,Tablets,,30 Tablets,
Zymalge Gel 30 g,,,,,,
Zymogen Forte 20,,,Tablets,,20 Tablets,
Zymonoska 20 Enteric Coated,,,Tablets,,,
Zymovak 20,,,Tablets,,20 Tablets,
Zyprexa 10 mg 7,,10 mg,Tablets,,7 Tablets,
Zyprexa 5 mg 7,,5 mg,Tablets,,7 Tablets,
Zyprexa Velotab 10 mg 28 Effervescent,,10 mg,Tablets,,,
Zyrovazet 10/10 mg 30,,10 mg,Tablets,,30 Tablets,
Zyrtec 0.1 % 100 ml,,,Syrup,,100 ml,
Zyrtec 10 mg 20,,10 mg,Tablets,,20 Tablets,
Zytiga 500 mg 60,,500 mg,Tablets,,60 Tablets,
Zyvox 600 mg Vial 300 ml,,600 mg,,,300 ml,
Zzzquil Natura 30 Gummies,,,,,,
Zzzquil Natura 60 Gummies,,,,,,
